--PICCOLI AGRICOLTORI
INSERT INTO A4GT_PICCOLO_AGRICOLTORE (ID,CUAA,NOMINATIVO,ANNO_INIZIO,ANNO_FINE) VALUES
(1,'BNLLNI74P06C372M','BONELLI LINO',2018,2018),
(2,'PDRMRC34D26E850W','PEDROTTI MARCO',2018,2018),
(3,'PRGLDI55M62L378W','PRIGHEL LIDIA',2018,2018),
(4,'SGHFNC59M27L378J','SIGHEL FRANCO',2018,2018),
(5,'SGHVNI81A06L378I','SIGHEL IVAN',2019,NULL),
(6,'TVNRNT59P66H639V','TEVINI RENATA',2019,NULL);

--STATO DI LAVORAZIONE DEL SOSTEGNO
INSERT INTO A4GD_STATO_LAV_SOSTEGNO (ID,VERSIONE,IDENTIFICATIVO,DESCRIZIONE) VALUES (13117,0,'CONTROLLI_CALCOLO_OK','CONTROLLI SUPERATI IN FASE DI CALCOLO');

-- DOMANDE 2018
INSERT INTO A4GT_DOMANDA(ID, VERSIONE, NUMERO_DOMANDA, COD_MODULO_DOMANDA, DESC_MODULO_DOMANDA, ANNO_CAMPAGNA, STATO, CUAA_INTESTATARIO, DT_PRESENTAZIONE,DT_PROTOCOLLAZIONE,
COD_ENTE_COMPILATORE, DESC_ENTE_COMPILATORE, RAGIONE_SOCIALE)
VALUES (1, 0, 1, 'BPS_2018', 'PAGAMENTI DIRETTI', 2018, 'RICEVIBILE', 'BNLLNI74P06C372M',
TO_DATE('06/04/2018 22:00:00', 'DD/MM/YYYY HH24:MI:SS'),TO_DATE('26/04/2018 15:26:20', 'DD/MM/YYYY HH24:MI:SS'), 6, 'CAA COLDIRETTI DEL TRENTINO - 005', 'UTENTE TEST');

INSERT INTO A4GT_DOMANDA(ID, VERSIONE, NUMERO_DOMANDA, COD_MODULO_DOMANDA, DESC_MODULO_DOMANDA, ANNO_CAMPAGNA, STATO, CUAA_INTESTATARIO, DT_PRESENTAZIONE,DT_PROTOCOLLAZIONE,
COD_ENTE_COMPILATORE, DESC_ENTE_COMPILATORE, RAGIONE_SOCIALE)
VALUES (2, 0, 2, 'BPS_2018', 'PAGAMENTI DIRETTI', 2018, 'RICEVIBILE', 'PDRMRC34D26E850W',
TO_DATE('06/04/2018 22:00:00', 'DD/MM/YYYY HH24:MI:SS'),TO_DATE('26/04/2018 15:26:20', 'DD/MM/YYYY HH24:MI:SS'), 6, 'CAA COLDIRETTI DEL TRENTINO - 005', 'UTENTE TEST');

INSERT INTO A4GT_DOMANDA(ID, VERSIONE, NUMERO_DOMANDA, COD_MODULO_DOMANDA, DESC_MODULO_DOMANDA, ANNO_CAMPAGNA, STATO, CUAA_INTESTATARIO, DT_PRESENTAZIONE,DT_PROTOCOLLAZIONE,
COD_ENTE_COMPILATORE, DESC_ENTE_COMPILATORE, RAGIONE_SOCIALE)
VALUES (3, 0, 3, 'BPS_2018', 'PAGAMENTI DIRETTI', 2018, 'RICEVIBILE', 'PRGLDI55M62L378W',
TO_DATE('06/04/2018 22:00:00', 'DD/MM/YYYY HH24:MI:SS'),TO_DATE('26/04/2018 15:26:20', 'DD/MM/YYYY HH24:MI:SS'), 6, 'CAA COLDIRETTI DEL TRENTINO - 005', 'UTENTE TEST');

INSERT INTO A4GT_DOMANDA(ID, VERSIONE, NUMERO_DOMANDA, COD_MODULO_DOMANDA, DESC_MODULO_DOMANDA, ANNO_CAMPAGNA, STATO, CUAA_INTESTATARIO, DT_PRESENTAZIONE,DT_PROTOCOLLAZIONE,
COD_ENTE_COMPILATORE, DESC_ENTE_COMPILATORE, RAGIONE_SOCIALE)
VALUES (4, 0, 4, 'BPS_2018', 'PAGAMENTI DIRETTI', 2018, 'RICEVIBILE', 'SGHFNC59M27L378J',
TO_DATE('06/04/2018 22:00:00', 'DD/MM/YYYY HH24:MI:SS'),TO_DATE('26/04/2018 15:26:20', 'DD/MM/YYYY HH24:MI:SS'), 6, 'CAA COLDIRETTI DEL TRENTINO - 005', 'UTENTE TEST');

INSERT INTO A4GT_DOMANDA(ID, VERSIONE, NUMERO_DOMANDA, COD_MODULO_DOMANDA, DESC_MODULO_DOMANDA, ANNO_CAMPAGNA, STATO, CUAA_INTESTATARIO, DT_PRESENTAZIONE,DT_PROTOCOLLAZIONE,
COD_ENTE_COMPILATORE, DESC_ENTE_COMPILATORE, RAGIONE_SOCIALE)
VALUES (5, 0, 5, 'BPS_2018', 'PAGAMENTI DIRETTI', 2018, 'RICEVIBILE', 'SGHVNI81A06L378I',
TO_DATE('06/04/2018 22:00:00', 'DD/MM/YYYY HH24:MI:SS'),TO_DATE('26/04/2018 15:26:20', 'DD/MM/YYYY HH24:MI:SS'), 6, 'CAA COLDIRETTI DEL TRENTINO - 005', 'UTENTE TEST');

INSERT INTO A4GT_DOMANDA(ID, VERSIONE, NUMERO_DOMANDA, COD_MODULO_DOMANDA, DESC_MODULO_DOMANDA, ANNO_CAMPAGNA, STATO, CUAA_INTESTATARIO, DT_PRESENTAZIONE,DT_PROTOCOLLAZIONE,
COD_ENTE_COMPILATORE, DESC_ENTE_COMPILATORE, RAGIONE_SOCIALE)
VALUES (6, 0, 6, 'BPS_2018', 'PAGAMENTI DIRETTI', 2018, 'RICEVIBILE', 'TVNRNT59P66H639V',
TO_DATE('06/04/2018 22:00:00', 'DD/MM/YYYY HH24:MI:SS'),TO_DATE('26/04/2018 15:26:20', 'DD/MM/YYYY HH24:MI:SS'), 6, 'CAA COLDIRETTI DEL TRENTINO - 005', 'UTENTE TEST');

-- DOMANDE 2019
INSERT INTO A4GT_DOMANDA(ID, VERSIONE, NUMERO_DOMANDA, COD_MODULO_DOMANDA, DESC_MODULO_DOMANDA, ANNO_CAMPAGNA, STATO, CUAA_INTESTATARIO, DT_PRESENTAZIONE,DT_PROTOCOLLAZIONE,
COD_ENTE_COMPILATORE, DESC_ENTE_COMPILATORE, RAGIONE_SOCIALE)
VALUES (7, 0, 7, 'BPS_2018', 'PAGAMENTI DIRETTI', 2019, 'RICEVIBILE', 'BNLLNI74P06C372M',
TO_DATE('06/04/2019 22:00:00', 'DD/MM/YYYY HH24:MI:SS'),TO_DATE('26/04/2019 15:26:20', 'DD/MM/YYYY HH24:MI:SS'), 6, 'CAA COLDIRETTI DEL TRENTINO - 005', 'UTENTE TEST');

INSERT INTO A4GT_DOMANDA(ID, VERSIONE, NUMERO_DOMANDA, COD_MODULO_DOMANDA, DESC_MODULO_DOMANDA, ANNO_CAMPAGNA, STATO, CUAA_INTESTATARIO, DT_PRESENTAZIONE,DT_PROTOCOLLAZIONE,
COD_ENTE_COMPILATORE, DESC_ENTE_COMPILATORE, RAGIONE_SOCIALE)
VALUES (8, 0, 8, 'BPS_2019', 'PAGAMENTI DIRETTI', 2019, 'RICEVIBILE', 'PDRMRC34D26E850W',
TO_DATE('06/04/2019 22:00:00', 'DD/MM/YYYY HH24:MI:SS'),TO_DATE('26/04/2019 15:26:20', 'DD/MM/YYYY HH24:MI:SS'), 6, 'CAA COLDIRETTI DEL TRENTINO - 005', 'UTENTE TEST');

INSERT INTO A4GT_DOMANDA(ID, VERSIONE, NUMERO_DOMANDA, COD_MODULO_DOMANDA, DESC_MODULO_DOMANDA, ANNO_CAMPAGNA, STATO, CUAA_INTESTATARIO, DT_PRESENTAZIONE,DT_PROTOCOLLAZIONE,
COD_ENTE_COMPILATORE, DESC_ENTE_COMPILATORE, RAGIONE_SOCIALE)
VALUES (9, 0, 9, 'BPS_2019', 'PAGAMENTI DIRETTI', 2019, 'RICEVIBILE', 'PRGLDI55M62L378W',
TO_DATE('06/04/2019 22:00:00', 'DD/MM/YYYY HH24:MI:SS'),TO_DATE('26/04/2019 15:26:20', 'DD/MM/YYYY HH24:MI:SS'), 6, 'CAA COLDIRETTI DEL TRENTINO - 005', 'UTENTE TEST');

INSERT INTO A4GT_DOMANDA(ID, VERSIONE, NUMERO_DOMANDA, COD_MODULO_DOMANDA, DESC_MODULO_DOMANDA, ANNO_CAMPAGNA, STATO, CUAA_INTESTATARIO, DT_PRESENTAZIONE,DT_PROTOCOLLAZIONE,
COD_ENTE_COMPILATORE, DESC_ENTE_COMPILATORE, RAGIONE_SOCIALE)
VALUES (10, 0, 10, 'BPS_2019', 'PAGAMENTI DIRETTI', 2019, 'RICEVIBILE', 'SGHFNC59M27L378J',
TO_DATE('06/04/2019 22:00:00', 'DD/MM/YYYY HH24:MI:SS'),TO_DATE('26/04/2019 15:26:20', 'DD/MM/YYYY HH24:MI:SS'), 6, 'CAA COLDIRETTI DEL TRENTINO - 005', 'UTENTE TEST');

INSERT INTO A4GT_DOMANDA(ID, VERSIONE, NUMERO_DOMANDA, COD_MODULO_DOMANDA, DESC_MODULO_DOMANDA, ANNO_CAMPAGNA, STATO, CUAA_INTESTATARIO, DT_PRESENTAZIONE,DT_PROTOCOLLAZIONE,
COD_ENTE_COMPILATORE, DESC_ENTE_COMPILATORE, RAGIONE_SOCIALE)
VALUES (11, 0, 11, 'BPS_2019', 'PAGAMENTI DIRETTI', 2019, 'RICEVIBILE', 'SGHVNI81A06L378I',
TO_DATE('06/04/2019 22:00:00', 'DD/MM/YYYY HH24:MI:SS'),TO_DATE('26/04/2019 15:26:20', 'DD/MM/YYYY HH24:MI:SS'), 6, 'CAA COLDIRETTI DEL TRENTINO - 005', 'UTENTE TEST');

INSERT INTO A4GT_DOMANDA(ID, VERSIONE, NUMERO_DOMANDA, COD_MODULO_DOMANDA, DESC_MODULO_DOMANDA, ANNO_CAMPAGNA, STATO, CUAA_INTESTATARIO, DT_PRESENTAZIONE,DT_PROTOCOLLAZIONE,
COD_ENTE_COMPILATORE, DESC_ENTE_COMPILATORE, RAGIONE_SOCIALE)
VALUES (12, 0, 12, 'BPS_2019', 'PAGAMENTI DIRETTI', 2019, 'RICEVIBILE', 'TVNRNT59P66H639V',
TO_DATE('06/04/2019 22:00:00', 'DD/MM/YYYY HH24:MI:SS'),TO_DATE('26/04/2019 15:26:20', 'DD/MM/YYYY HH24:MI:SS'), 6, 'CAA COLDIRETTI DEL TRENTINO - 005', 'UTENTE TEST');

INSERT INTO A4GT_DOMANDA(ID, VERSIONE, NUMERO_DOMANDA, COD_MODULO_DOMANDA, DESC_MODULO_DOMANDA, ANNO_CAMPAGNA, STATO, CUAA_INTESTATARIO, DT_PRESENTAZIONE,DT_PROTOCOLLAZIONE,
COD_ENTE_COMPILATORE, DESC_ENTE_COMPILATORE, RAGIONE_SOCIALE)
VALUES (13, 0, 13, 'BPS_2019', 'PAGAMENTI DIRETTI', 2019, 'RICEVIBILE', 'BCCTRS46S53B704O',
TO_DATE('06/04/2019 22:00:00', 'DD/MM/YYYY HH24:MI:SS'),TO_DATE('26/04/2019 15:26:20', 'DD/MM/YYYY HH24:MI:SS'), 6, 'CAA COLDIRETTI DEL TRENTINO - 005', 'UTENTE TEST');

INSERT INTO A4GT_DOMANDA(ID, VERSIONE, NUMERO_DOMANDA, COD_MODULO_DOMANDA, DESC_MODULO_DOMANDA, ANNO_CAMPAGNA, STATO, CUAA_INTESTATARIO, DT_PRESENTAZIONE,DT_PROTOCOLLAZIONE,
COD_ENTE_COMPILATORE, DESC_ENTE_COMPILATORE, RAGIONE_SOCIALE)
VALUES (14, 0, 14, 'BPS_2019', 'PAGAMENTI DIRETTI', 2019, 'RICEVIBILE', 'CNTDNL77D29L378I',
TO_DATE('06/04/2019 22:00:00', 'DD/MM/YYYY HH24:MI:SS'),TO_DATE('26/04/2019 15:26:20', 'DD/MM/YYYY HH24:MI:SS'), 6, 'CAA COLDIRETTI DEL TRENTINO - 005', 'UTENTE TEST');

INSERT INTO A4GT_DOMANDA(ID, VERSIONE, NUMERO_DOMANDA, COD_MODULO_DOMANDA, DESC_MODULO_DOMANDA, ANNO_CAMPAGNA, STATO, CUAA_INTESTATARIO, DT_PRESENTAZIONE,DT_PROTOCOLLAZIONE,
COD_ENTE_COMPILATORE, DESC_ENTE_COMPILATORE, RAGIONE_SOCIALE)
VALUES (15, 0, 15, 'BPS_2019', 'PAGAMENTI DIRETTI', 2019, 'RICEVIBILE', 'DLLFNC66C18L378J',
TO_DATE('06/04/2019 22:00:00', 'DD/MM/YYYY HH24:MI:SS'),TO_DATE('26/04/2019 15:26:20', 'DD/MM/YYYY HH24:MI:SS'), 6, 'CAA COLDIRETTI DEL TRENTINO - 005', 'UTENTE TEST');

--SOSTEGNO
INSERT INTO A4GT_SOSTEGNO (ID, VERSIONE, SOSTEGNO, ID_DOMANDA) VALUES(1, 0, 'DISACCOPPIATO', 1);
INSERT INTO A4GT_SOSTEGNO (ID, VERSIONE, SOSTEGNO, ID_DOMANDA) VALUES(2, 0, 'SUPERFICIE', 2);
INSERT INTO A4GT_SOSTEGNO (ID, VERSIONE, SOSTEGNO, ID_DOMANDA) VALUES(3, 0, 'ZOOTECNIA', 3);
INSERT INTO A4GT_SOSTEGNO (ID, VERSIONE, SOSTEGNO, ID_DOMANDA) VALUES(4, 0, 'ZOOTECNIA', 4);
INSERT INTO A4GT_SOSTEGNO (ID, VERSIONE, SOSTEGNO, ID_DOMANDA) VALUES(5, 0, 'DISACCOPPIATO', 5);
INSERT INTO A4GT_SOSTEGNO (ID, VERSIONE, SOSTEGNO, ID_DOMANDA) VALUES(6, 0, 'SUPERFICIE', 6);
INSERT INTO A4GT_SOSTEGNO (ID, VERSIONE, SOSTEGNO, ID_DOMANDA) VALUES(7, 0, 'DISACCOPPIATO', 7);
INSERT INTO A4GT_SOSTEGNO (ID, VERSIONE, SOSTEGNO, ID_DOMANDA) VALUES(8, 0, 'SUPERFICIE', 8);
INSERT INTO A4GT_SOSTEGNO (ID, VERSIONE, SOSTEGNO, ID_DOMANDA) VALUES(9, 0, 'ZOOTECNIA', 9);
INSERT INTO A4GT_SOSTEGNO (ID, VERSIONE, SOSTEGNO, ID_DOMANDA) VALUES(10, 0, 'DISACCOPPIATO', 10);
INSERT INTO A4GT_SOSTEGNO (ID, VERSIONE, SOSTEGNO, ID_DOMANDA) VALUES(11, 0, 'DISACCOPPIATO', 11);
INSERT INTO A4GT_SOSTEGNO (ID, VERSIONE, SOSTEGNO, ID_DOMANDA) VALUES(12, 0, 'SUPERFICIE', 12);
INSERT INTO A4GT_SOSTEGNO (ID, VERSIONE, SOSTEGNO, ID_DOMANDA) VALUES(13, 0, 'DISACCOPPIATO', 13);
INSERT INTO A4GT_SOSTEGNO (ID, VERSIONE, SOSTEGNO, ID_DOMANDA) VALUES(14, 0, 'DISACCOPPIATO', 14);
INSERT INTO A4GT_SOSTEGNO (ID, VERSIONE, SOSTEGNO, ID_DOMANDA) VALUES(15, 0, 'SUPERFICIE', 15);


--ISTRUTTORIE 2018
INSERT INTO A4GT_ISTRUTTORIA (ID,VERSIONE,ID_DOMANDA,SOSTEGNO,ID_STATO_LAVORAZIONE, TIPOLOGIA)
VALUES (1,1,1,'DISACCOPPIATO',13117,'ANTICIPO');

INSERT INTO A4GT_ISTRUTTORIA (ID,VERSIONE,ID_DOMANDA,SOSTEGNO,ID_STATO_LAVORAZIONE, TIPOLOGIA)
VALUES (2,1,2,'SUPERFICIE',13117,'SALDO');

INSERT INTO A4GT_ISTRUTTORIA (ID,VERSIONE,ID_DOMANDA,SOSTEGNO,ID_STATO_LAVORAZIONE, TIPOLOGIA)
VALUES (3,1,3,'ZOOTECNIA',13117,'ANTICIPO');

INSERT INTO A4GT_ISTRUTTORIA (ID,VERSIONE,ID_DOMANDA,SOSTEGNO,ID_STATO_LAVORAZIONE, TIPOLOGIA)
VALUES (4,1,4,'ZOOTECNIA',13117,'SALDO');

INSERT INTO A4GT_ISTRUTTORIA (ID,VERSIONE,ID_DOMANDA,SOSTEGNO,ID_STATO_LAVORAZIONE, TIPOLOGIA)
VALUES (5,1,5,'DISACCOPPIATO',13117,'ANTICIPO');

INSERT INTO A4GT_ISTRUTTORIA (ID,VERSIONE,ID_DOMANDA,SOSTEGNO,ID_STATO_LAVORAZIONE, TIPOLOGIA)
VALUES (6,1,6,'SUPERFICIE',13117,'SALDO');

--ISTRUTTORIE 2019
INSERT INTO A4GT_ISTRUTTORIA (ID,VERSIONE,ID_DOMANDA,SOSTEGNO,ID_STATO_LAVORAZIONE, TIPOLOGIA)
VALUES (7,1,7,'DISACCOPPIATO',13117,'ANTICIPO');

--INSERT INTO A4GT_ISTRUTTORIA (ID,VERSIONE,ID_DOMANDA,SOSTEGNO,ID_STATO_LAVORAZIONE, TIPOLOGIA)
--VALUES (8,1,8,'SUPERFICIE',13117,'SALDO');

--INSERT INTO A4GT_ISTRUTTORIA (ID,VERSIONE,ID_DOMANDA,SOSTEGNO,ID_STATO_LAVORAZIONE, TIPOLOGIA)
--VALUES (9,1,9,'ZOOTECNIA',13117,'ANTICIPO');

--INSERT INTO A4GT_ISTRUTTORIA (ID,VERSIONE,ID_DOMANDA,SOSTEGNO,ID_STATO_LAVORAZIONE, TIPOLOGIA)
--VALUES (10,1,10,'DISACCOPPIATO',13117,'SALDO');

INSERT INTO A4GT_ISTRUTTORIA (ID,VERSIONE,ID_DOMANDA,SOSTEGNO,ID_STATO_LAVORAZIONE, TIPOLOGIA)
VALUES (11,1,11,'DISACCOPPIATO',13117,'ANTICIPO');

INSERT INTO A4GT_ISTRUTTORIA (ID,VERSIONE,ID_DOMANDA,SOSTEGNO,ID_STATO_LAVORAZIONE, TIPOLOGIA)
VALUES (12,1,12,'SUPERFICIE',13117,'SALDO');

INSERT INTO A4GT_ISTRUTTORIA (ID,VERSIONE,ID_DOMANDA,SOSTEGNO,ID_STATO_LAVORAZIONE, TIPOLOGIA)
VALUES (13,1,13,'DISACCOPPIATO',13117,'ANTICIPO');

--INSERT INTO A4GT_ISTRUTTORIA (ID,VERSIONE,ID_DOMANDA,SOSTEGNO,ID_STATO_LAVORAZIONE, TIPOLOGIA)
--VALUES (14,1,14,'DISACCOPPIATO',(SELECT ID FROM A4GD_STATO_LAV_SOSTEGNO WHERE IDENTIFICATIVO = 'PAGAMENTO_AUTORIZZATO'),'ANTICIPO');

INSERT INTO A4GT_ISTRUTTORIA (ID, VERSIONE, ID_DOMANDA, ID_STATO_LAVORAZIONE, BLOCCATA_BOOL, ERRORE_CALCOLO, DATA_ULTIMO_CALCOLO, TIPOLOGIA, ID_ELENCO_LIQUIDAZIONE, SOSTEGNO)
VALUES(14, 1, 14, (SELECT ID FROM A4GD_STATO_LAV_SOSTEGNO WHERE IDENTIFICATIVO = 'PAGAMENTO_AUTORIZZATO'), 1, 1, TO_DATE('26/11/2019 15:26:20', 'DD/MM/YYYY HH24:MI:SS'), 'ANTICIPO', null, 'DISACCOPPIATO');

--ISTRUTTORE DIS
INSERT INTO A4GT_ISTRUTTORE_DISACCOPPIATO (ID, VERSIONE, BPS_SUPERFICIE, DOM_ANNO_PREC_NON_LIQ, NOTE_ISTRUTTORE, ID_ISTRUTTORIA)
VALUES(12456201, 0, 4.2432, 0, 'problemi di particelle porzionate le superfici ci sono tutte', 7);
--ISTRUTTORE DIS PASCOLI
INSERT INTO A4GT_ISTRUTTORE_DIS_PASCOLI (ID, VERSIONE, CUAA_RESPONSABILE, DESCRIZIONE_PASCOLO, ID_ISTRUTTORIA)
VALUES(1, 0, 'SSTMHL88T10L378P', '143TN072', 7);

--ISTRUTTORE DIS
INSERT INTO A4GT_ISTRUTTORE_DISACCOPPIATO (ID, VERSIONE, BPS_SUPERFICIE, DOM_ANNO_PREC_NON_LIQ, NOTE_ISTRUTTORE, ID_ISTRUTTORIA)
VALUES(12456202, 0, 4.2432, 1, 'problemi di particelle porzionate le superfici ci sono tutte', 14);
--ISTRUTTORE DIS PASCOLI
INSERT INTO A4GT_ISTRUTTORE_DIS_PASCOLI (ID, VERSIONE, CUAA_RESPONSABILE, DESCRIZIONE_PASCOLO, ID_ISTRUTTORIA)
VALUES(2, 0, 'SSTMHL88T10L378P', '143TN072', 14);


COMMIT;