--ANAGRAFICA PROFILI
Insert into A4GT_PROFILO (ID,VERSIONE,IDENTIFICATIVO,DESCRIZIONE, RESPONSABILITA)
values (100000001,0,'superamministratore','Descrizione superamministratore','DIPENDENTE_TNDIGIT');
Insert into A4GT_PROFILO (ID,VERSIONE,IDENTIFICATIVO,DESCRIZIONE, RESPONSABILITA)
values (100000002,0,'azienda agricola','Descrizione azienda agricola','TITOLARE_AZIENDA_AGRICOLA');
Insert into A4GT_PROFILO (ID,VERSIONE,IDENTIFICATIVO,DESCRIZIONE, RESPONSABILITA)
values (100000003,0,'appag_xxxx','Descrizione appag_xxxx','DIPENDENTE_PAT');

--ANAGRAFICA ENTI
insert into A4GT_ENTE (ID, VERSIONE, IDENTIFICATIVO, DESCRIZIONE, CAA)
values (100000011, 0, 9997, 'DESCRIZIONE XXXXX', 'COLDIRETTI');
insert into A4GT_ENTE (ID, VERSIONE, IDENTIFICATIVO, DESCRIZIONE, CAA)
values (100000012, 0, 9998, 'CAA ACLI - TRENTO - 126', 'ACLI');

--UTENTE CON PERSONA
Insert into A4GT_UTENTE (ID, VERSIONE, IDENTIFICATIVO, CODICE_FISCALE, EMAIL, TELEFONO)
Values (100000101, 0, 'VNBMRC64R31F587O', 'VNBMRC64R31F587O', 'alexcometa@gmail.com', '3367909123');
Insert into A4GT_PERSONA (ID, VERSIONE, CODICE_FISCALE, NOME, COGNOME)
Values (100000102, 0, 'VNBMRC64R31F587O', 'MARCO', 'VAN BASTEN');

--PROFILI E ENTI ASSOCIATI A UTENTE
Insert into A4GR_UTENTE_PROFILO (ID_UTENTE, ID_PROFILO)
Values (100000101, 100000001); --DIPENDENTE_TNDIGIT
Insert into A4GR_UTENTE_PROFILO (ID_UTENTE, ID_PROFILO)
Values (100000101, 100000002); --RESPONSABILE AZIENDA AGRICOLA
Insert into A4GR_UTENTE_ENTE (ID_UTENTE, ID_ENTE)
Values (100000101, 100000011);
Insert into A4GR_UTENTE_ENTE (ID_UTENTE, ID_ENTE)
Values (100000101, 100000012);

--OPERATORE CON PERSONA
Insert into A4GT_UTENTE (ID, VERSIONE, IDENTIFICATIVO, CODICE_FISCALE, EMAIL, TELEFONO)
Values (100000103, 0, 'FRNBRS60E08L339G', 'FRNBRS60E08L339G', 'francobareses@gmail.com', '3398009124');
Insert into A4GT_PERSONA (ID, VERSIONE, CODICE_FISCALE, NOME, COGNOME)
Values (100000104, 0, 'FRNBRS60E08L339G', 'FRANCO', 'BARESI');

--DOMANDA CORRELATA ALLA PRIMA ISTRUTTORIA
Insert into A4GT_DOMANDA_REGISTRAZIONE (ID,VERSIONE,IDENTIFICATIVO_UTENTE,STATO,CODICE_FISCALE,NOME,COGNOME,EMAIL,TELEFONO,RESPONSABILITA,A4G,SRT,AGS,ID_PROTOCOLLO, DT_PROTOCOLLAZIONE)
values (100000105, 0,'VNBMRC64R31F587O','APPROVATA','VNBMRC64R31F587O','alessandro','cometa','alexcometa@gmail.com','3367909123',
'{"responsabilitaTitolare":[{"cuaa":"DLLGNS64A61L378G"}],"responsabilitaLegaleRappresentante":null,"responsabilitaCaa":null}',
'1','0','0','PAT-48', to_date('18-01-2019', 'dd-mm-yyyy'));

--ISTRUTTORIE
Insert into A4GT_ISTRUTTORIA (ID, VERSIONE, VARIAZIONE_RICHIESTA, TESTO_COMUNICAZIONE,
MOTIVAZIONE_RIFIUTO, ID_DOMANDA, NOTE, TESTO_MAIL_INVIATA, ID_UTENTE, DATA_TERMINE_ISTRUTTORIA, ID_ISTRUTTORE)
Values (100001001, 0, 'Variazione richiesta istruttoria 1', 'Testo comunicazione istruttoria 1',
null, 100000105, 'Eventuali note istruttoria 1', 'Approvazione istruttoria 1', 100000101, to_date('20-01-2019', 'dd-mm-yyyy'), 100000103);

Insert into A4GT_ISTRUTTORIA (ID, VERSIONE, VARIAZIONE_RICHIESTA, TESTO_COMUNICAZIONE,
MOTIVAZIONE_RIFIUTO, ID_DOMANDA, NOTE, TESTO_MAIL_INVIATA, ID_UTENTE, DATA_TERMINE_ISTRUTTORIA, ID_ISTRUTTORE)
Values (100001002, 0, 'Variazione richiesta istruttoria 2', 'Testo comunicazione istruttoria 2',
null, null, 'Eventuali note istruttoria 2', 'Approvazione istruttoria 2', 100000101, to_date('22-01-2019', 'dd-mm-yyyy'), 100000103);

--PROFILI CORRELATI A ISTRUTTORIE
Insert into A4GR_PROFILO_ISTRUTTORIA (ID_ISTRUTTORIA, ID_PROFILO)
Values (100001001, 100000001);--DIPENDENTE_TNDIGIT
Insert into A4GR_PROFILO_ISTRUTTORIA (ID_ISTRUTTORIA, ID_PROFILO)
Values (100001001, 100000002);--RESPONSABILE AZIENDA AGRICOLA
Insert into A4GR_PROFILO_ISTRUTTORIA (ID_ISTRUTTORIA, ID_PROFILO)
Values (100001001, 100000003);--DIPENDENTE_PAT

Insert into A4GR_PROFILO_ISTRUTTORIA (ID_ISTRUTTORIA, ID_PROFILO)
Values (100001002, 100000001);--DIPENDENTE_TNDIGIT
Insert into A4GR_PROFILO_ISTRUTTORIA (ID_ISTRUTTORIA, ID_PROFILO)
Values (100001002, 100000002);--RESPONSABILE AZIENDA AGRICOLA
Insert into A4GR_PROFILO_DIS_ISTRUTTORIA (ID_ISTRUTTORIA, ID_PROFILO)
Values (100001002, 100000003);--DIPENDENTE_PAT DISABIITATO

--ENTI CORRELATI A ISTRUTTORIE
Insert into A4GR_ENTE_ISTRUTTORIA (ID_ISTRUTTORIA, ID_ENTE)
Values (100001001, 100000011);

Insert into A4GR_ENTE_ISTRUTTORIA (ID_ISTRUTTORIA, ID_ENTE)
Values (100001002, 100000011);
Insert into A4GR_ENTE_ISTRUTTORIA (ID_ISTRUTTORIA, ID_ENTE)
Values (100001002, 100000012);

