-- RESET allo schema default di H2 per le insert nelle sue tabelle
set schema PUBLIC;

-- 1. Popolamento tabella TFASCICOLO
insert into tfascicolo (ID_FASCICOLO, ID_SOGGETTO, ID_MODELLO, PROTOCOLLO, ID_ENTE, DT_INIZIO, DT_FINE, COD_OP, SCO_OP, COD_STATO, SCO_STATO, DT_AGGIORNAMENTO)
values (33, 17, 1, null, null, to_date('31-01-2006', 'dd/mm/yyyy'), to_date('31/12/9999', 'dd/mm/yyyy'), 'ORGPAG', 'IT25', 'STAFAS', 'AGGIOR', to_date('21/05/2018 17:50:47', 'dd/mm/yyyy hh24:mi:ss'));

insert into tfascicolo (ID_FASCICOLO, ID_SOGGETTO, ID_MODELLO, PROTOCOLLO, ID_ENTE, DT_INIZIO, DT_FINE, COD_OP, SCO_OP, COD_STATO, SCO_STATO, DT_AGGIORNAMENTO)
values (3293, 1647, 1, null, null, to_date('07-05-2004', 'dd/mm/yyyy'), to_date('31/12/9999', 'dd/mm/yyyy'), 'ORGPAG', 'IT25', 'STAFAS', 'VALIDO', to_date('25/07/2018 08:14:33', 'dd/mm/yyyy hh24:mi:ss'));

insert into tfascicolo (ID_FASCICOLO, ID_SOGGETTO, ID_MODELLO, PROTOCOLLO, ID_ENTE, DT_INIZIO, DT_FINE, COD_OP, SCO_OP, COD_STATO, SCO_STATO, DT_AGGIORNAMENTO)
values (31393, 15697, 1, null, null, to_date('04-05-2004', 'dd/mm/yyyy'), to_date('31/12/9999', 'dd/mm/yyyy'), 'ORGPAG', 'IT25', 'STAFAS', 'VALIDO', to_date('24/05/2018 09:53:37', 'dd/mm/yyyy hh24:mi:ss'));

insert into tfascicolo (ID_FASCICOLO, ID_SOGGETTO, ID_MODELLO, PROTOCOLLO, ID_ENTE, DT_INIZIO, DT_FINE, COD_OP, SCO_OP, COD_STATO, SCO_STATO, DT_AGGIORNAMENTO)
values (38645, 37960, 1, null, null, to_date('15-10-2012 14:53:59', 'dd/mm/yyyy hh24:mi:ss'), to_date('31/12/9999', 'dd/mm/yyyy'), 'ORGPAG', 'IT25', 'STAFAS', 'AGGIOR', to_date('15-06-2018 15:59:29', 'dd/mm/yyyy hh24:mi:ss'));

insert into tfascicolo (ID_FASCICOLO, ID_SOGGETTO, ID_MODELLO, PROTOCOLLO, ID_ENTE, DT_INIZIO, DT_FINE, COD_OP, SCO_OP, COD_STATO, SCO_STATO, DT_AGGIORNAMENTO)
values (40865, 60843, 1, null, null, to_date('10-04-2015 08:41:17', 'dd/mm/yyyy hh24:mi:ss'), to_date('31/12/9999', 'dd/mm/yyyy'), 'ORGPAG', 'IT25', 'STAFAS', 'AGGIOR', to_date('06-04-2018 08:48:57', 'dd/mm/yyyy hh24:mi:ss'));

insert into tfascicolo (ID_FASCICOLO, ID_SOGGETTO, ID_MODELLO, PROTOCOLLO, ID_ENTE, DT_INIZIO, DT_FINE, COD_OP, SCO_OP, COD_STATO, SCO_STATO, DT_AGGIORNAMENTO)
values (41271, 64123, 1, null, null, to_date('03-08-2015 13:33:06', 'dd/mm/yyyy hh24:mi:ss'), to_date('31/12/9999', 'dd/mm/yyyy'), 'ORGPAG', 'IT25', 'STAFAS', 'VALIDO', to_date('29-05-2018 18:15:29', 'dd/mm/yyyy hh24:mi:ss'));

insert into tfascicolo (ID_FASCICOLO, ID_SOGGETTO, ID_MODELLO, PROTOCOLLO, ID_ENTE, DT_INIZIO, DT_FINE, COD_OP, SCO_OP, COD_STATO, SCO_STATO, DT_AGGIORNAMENTO)
values (5599, 2800, 1, null, null, to_date('12-07-2007', 'dd/mm/yyyy'), to_date('31/12/9999', 'dd/mm/yyyy'), 'ORGPAG', 'IT25', 'STAFAS', 'VALIDO', to_date('23-05-2018 09:42:07', 'dd/mm/yyyy hh24:mi:ss'));

insert into tfascicolo (ID_FASCICOLO, ID_SOGGETTO, ID_MODELLO, PROTOCOLLO, ID_ENTE, DT_INIZIO, DT_FINE, COD_OP, SCO_OP, COD_STATO, SCO_STATO, DT_AGGIORNAMENTO)
values (43274, 85305, 1, null, null, to_date('09-11-2017 11:14:18', 'dd/mm/yyyy hh24:mi:ss'), to_date('31/12/9999', 'dd/mm/yyyy'), 'ORGPAG', 'IT25', 'STAFAS', 'VALIDO', to_date('04-01-2018 10:21:11', 'dd/mm/yyyy hh24:mi:ss'));

insert into tfascicolo (ID_FASCICOLO,ID_SOGGETTO,ID_MODELLO,PROTOCOLLO,ID_ENTE,DT_INIZIO,DT_FINE,COD_OP,SCO_OP,COD_STATO,SCO_STATO,DT_AGGIORNAMENTO) 
values ('25945','12973','1',null,null,to_date('12-07-2007','dd/mm/yyyy'),to_date('31/12/9999','dd/mm/yyyy'),'ORGPAG','IT25','STAFAS','CHIUSO',to_date('09-05-2017','dd/mm/yyyy'));

insert into tfascicolo (ID_FASCICOLO, ID_SOGGETTO, ID_MODELLO, PROTOCOLLO, ID_ENTE, DT_INIZIO, DT_FINE, COD_OP, SCO_OP, COD_STATO, SCO_STATO, DT_AGGIORNAMENTO)
values (42174, 72586, 1, null, null, to_date('18/05/2016 12:01:35', 'dd/mm/yyyy hh24:mi:ss'), to_date('31/12/9999', 'dd/mm/yyyy'), 'ORGPAG', 'IT25', 'STAFAS', 'VALIDO', to_date('09/05/2017 15:15:01', 'dd/mm/yyyy hh24:mi:ss'));

insert into tfascicolo (ID_FASCICOLO, ID_SOGGETTO, ID_MODELLO, PROTOCOLLO, ID_ENTE, DT_INIZIO, DT_FINE, COD_OP, SCO_OP, COD_STATO, SCO_STATO, DT_AGGIORNAMENTO)
values (43810, 92565, 1, null, null, to_date('18/05/2016 12:01:35', 'dd/mm/yyyy hh24:mi:ss'), to_date('31/12/9999', 'dd/mm/yyyy'), 'ORGPAG', 'IT25', 'STAFAS', 'VALIDO', to_date('09/05/2017 15:15:01', 'dd/mm/yyyy hh24:mi:ss'));



-- 2. Popolamento tabella CONS_SOGG_VIW
insert into CONS_SOGG_VIW (PKID, PK_CUAA, CUAA, COD_FISCALE, CODI_FISC, PART_IVA, CODI_PIVA, RAGI_SOCI, COGNOME, NOME, SESSO, D_NASCITA, D_COSTITUZIONE, DATA_NASC, D_MORTE, FKCOD_COMU_RESI, FKCOD_COMU_NASC, COMU_NASC, FKCIVICO_RESI, FKCOD_COMU_RECAPITO, FKCIVICO_RECAPITO, FLAG_PERS_FISICA, FKRAPP_LEGALE, DATA_FINE_VAL, DATA_INIZIO_VAL, DATA_LAV, UTENTE_INIZIO, UTENTE_FINE, VALIDO_INIZIO, VALIDO_FINE, ATTO_INIZIO, ATTO_FINE, NATURA_GIURIDICA, RESI_COMU, CAP, CAP_RECAP, TELEFONO, FAX, MAIL, INDIRIZZO_EST, INDIRIZZO_EST_RECAP, FL_PART_IVA, LOCALITA, CELLULARE, FONTE_INIZIO, FONTE_FINE, RIFERIMENTO, DENOMINAZIONE_INT, LOCALITA_INT, INDIRIZZO_EST_INT, INDIRIZZO_EST_RECAP_INT)
values (455701, 17, '00123890220', '00123890220', '00123890220', '00123890220', '00123890220', 'FERRARI F.LLI LUNELLI S.P.A.', null, null, null, null, null, null, null, 'L378', null, null, null, 'L378', null, 'G', null, to_date('31/12/9999', 'dd/mm/yyyy'), to_date('04/12/2015 00:00:04', 'dd/mm/yyyy hh24:mi:ss'), to_date('30/03/2017 17:15:49', 'dd/mm/yyyy hh24:mi:ss'), 'ADEFRANCESCO', null, 'N', 'N', null, null, '901', null, '38100', '38100', '3481024287', null, null, 'VIA DEL PONTE 15', 'RAVINA - VIA DEL PONTE 15', 'Y', null, '3481024287', 281, null, null, null, null, null, null);

insert into CONS_SOGG_VIW (PKID, PK_CUAA, CUAA, COD_FISCALE, CODI_FISC, PART_IVA, CODI_PIVA, RAGI_SOCI, COGNOME, NOME, SESSO, D_NASCITA, D_COSTITUZIONE, DATA_NASC, D_MORTE, FKCOD_COMU_RESI, FKCOD_COMU_NASC, COMU_NASC, FKCIVICO_RESI, FKCOD_COMU_RECAPITO, FKCIVICO_RECAPITO, FLAG_PERS_FISICA, FKRAPP_LEGALE, DATA_FINE_VAL, DATA_INIZIO_VAL, DATA_LAV, UTENTE_INIZIO, UTENTE_FINE, VALIDO_INIZIO, VALIDO_FINE, ATTO_INIZIO, ATTO_FINE, NATURA_GIURIDICA, RESI_COMU, CAP, CAP_RECAP, TELEFONO, FAX, MAIL, INDIRIZZO_EST, INDIRIZZO_EST_RECAP, FL_PART_IVA, LOCALITA, CELLULARE, FONTE_INIZIO, FONTE_FINE, RIFERIMENTO, DENOMINAZIONE_INT, LOCALITA_INT, INDIRIZZO_EST_INT, INDIRIZZO_EST_RECAP_INT)
values (556650, 1647, 'BRGGNT75E17B006N', 'BRGGNT75E17B006N', 'BRGGNT75E17B006N', '01511280222', '01511280222', 'BORGOGNO GIACINTO', 'BORGOGNO', 'GIACINTO', 'M', to_date('17/05/1975', 'dd/mm/yyyy'), null, to_date('17/05/1975', 'dd/mm/yyyy'), null, 'L089', 'B006', 'B006', null, null, null, 'P', null, to_date('31/12/9999', 'dd/mm/yyyy'), to_date('23/04/2018', 'dd/mm/yyyy'), to_date('23/04/2018 17:42:41', 'dd/mm/yyyy hh24:mi:ss'), 'ADMIN', null, 'Y', 'N', null, null, '900', null, '38050', null, null, null, null, 'VIA MADONNA ADDOLORATA 5', null, 'Y', null, '347/7525050', 12, null, null, null, null, null, null);

insert into CONS_SOGG_VIW (PKID, PK_CUAA, CUAA, COD_FISCALE, CODI_FISC, PART_IVA, CODI_PIVA, RAGI_SOCI, COGNOME, NOME, SESSO, D_NASCITA, D_COSTITUZIONE, DATA_NASC, D_MORTE, FKCOD_COMU_RESI, FKCOD_COMU_NASC, COMU_NASC, FKCIVICO_RESI, FKCOD_COMU_RECAPITO, FKCIVICO_RECAPITO, FLAG_PERS_FISICA, FKRAPP_LEGALE, DATA_FINE_VAL, DATA_INIZIO_VAL, DATA_LAV, UTENTE_INIZIO, UTENTE_FINE, VALIDO_INIZIO, VALIDO_FINE, ATTO_INIZIO, ATTO_FINE, NATURA_GIURIDICA, RESI_COMU, CAP, CAP_RECAP, TELEFONO, FAX, MAIL, INDIRIZZO_EST, INDIRIZZO_EST_RECAP, FL_PART_IVA, LOCALITA, CELLULARE, FONTE_INIZIO, FONTE_FINE, RIFERIMENTO, DENOMINAZIONE_INT, LOCALITA_INT, INDIRIZZO_EST_INT, INDIRIZZO_EST_RECAP_INT)
values (563883, 15697, 'TRRCST78B08C794X', 'TRRCST78B08C794X', 'TRRCST78B08C794X', '01696010220', '01696010220', 'TORRESANI CRISTIAN', 'TORRESANI', 'CRISTIAN', 'M', to_date('08/02/1978', 'dd/mm/yyyy'), null, to_date('08/02/1978', 'dd/mm/yyyy'), null, 'H639', 'C794', 'C794', null, 'H639', null, 'P', null, to_date('31/12/9999', 'dd/mm/yyyy'), to_date('28/05/2018', 'dd/mm/yyyy'), to_date('28/05/2018 15:51:36', 'dd/mm/yyyy hh24:mi:ss'), 'ADMIN', null, 'Y', 'N', null, null, '900', null, '38020', '38020', null, null, 'oscartorresani@hotmail.it', 'FRAZIONE LANZA 25/B', 'LANZA CIVICO 25 B', 'Y', null, '3343932346', 12, null, null, null, null, null, null);

insert into CONS_SOGG_VIW (PKID,PK_CUAA,CUAA,COD_FISCALE,CODI_FISC,PART_IVA,CODI_PIVA,RAGI_SOCI,COGNOME,NOME,SESSO,D_NASCITA,D_COSTITUZIONE,DATA_NASC,D_MORTE,FKCOD_COMU_RESI,FKCOD_COMU_NASC,COMU_NASC,FKCIVICO_RESI,FKCOD_COMU_RECAPITO,FKCIVICO_RECAPITO,FLAG_PERS_FISICA,FKRAPP_LEGALE,DATA_FINE_VAL,DATA_INIZIO_VAL,DATA_LAV,UTENTE_INIZIO,UTENTE_FINE,VALIDO_INIZIO,VALIDO_FINE,ATTO_INIZIO,ATTO_FINE,NATURA_GIURIDICA,RESI_COMU,CAP,CAP_RECAP,TELEFONO,FAX,MAIL,INDIRIZZO_EST,INDIRIZZO_EST_RECAP,FL_PART_IVA,LOCALITA,CELLULARE,FONTE_INIZIO,FONTE_FINE,RIFERIMENTO,DENOMINAZIONE_INT,LOCALITA_INT,INDIRIZZO_EST_INT,INDIRIZZO_EST_RECAP_INT) 
values ('101125','12973','PVISLV26B08G452L','PVISLV26B08G452L','PVISLV26B08G452L',null,null,'PIVA SILVIO','PIVA','SILVIO','M',to_date('08-01-1926','dd/mm/yyyy'),null,to_date('08/02/1926','dd/mm/yyyy'),null,'G452','L012','L012',null,null,null,'P',null,to_date('31/12/9999','dd/mm/yyyy'),to_date('10/03/2010','dd/mm/yyyy'),to_date('10/03/2010','dd/mm/yyyy'),'ADMIN',null,'Y','N',null,null,'900',null,'38057',null,null,null,null,'LOCAL CIRE VIA DELLE SPONE 14',null,'N',null,null,'13',null,null,null,null,null,null);

insert into CONS_SOGG_VIW (PKID, PK_CUAA, CUAA, COD_FISCALE, CODI_FISC, PART_IVA, CODI_PIVA, RAGI_SOCI, COGNOME, NOME, SESSO, D_NASCITA, D_COSTITUZIONE, DATA_NASC, D_MORTE, FKCOD_COMU_RESI, FKCOD_COMU_NASC, COMU_NASC, FKCIVICO_RESI, FKCOD_COMU_RECAPITO, FKCIVICO_RECAPITO, FLAG_PERS_FISICA, FKRAPP_LEGALE, DATA_FINE_VAL, DATA_INIZIO_VAL, DATA_LAV, UTENTE_INIZIO, UTENTE_FINE, VALIDO_INIZIO, VALIDO_FINE, ATTO_INIZIO, ATTO_FINE, NATURA_GIURIDICA, RESI_COMU, CAP, CAP_RECAP, TELEFONO, FAX, MAIL, INDIRIZZO_EST, INDIRIZZO_EST_RECAP, FL_PART_IVA, LOCALITA, CELLULARE, FONTE_INIZIO, FONTE_FINE, RIFERIMENTO, DENOMINAZIONE_INT, LOCALITA_INT, INDIRIZZO_EST_INT, INDIRIZZO_EST_RECAP_INT)
values (564420, 37960, '01753900222', '01753900222', '01753900222', '01753900222', '01753900222', 'TENUTE LUNELLI SOCIETA'' AGRICOLA S.R.L.', null, null, null, null, null, null, null, 'L378', null, null, null, null, null, 'G', null, to_date('31/12/9999', 'dd/mm/yyyy'), to_date('21/06/2016 00:00:02', 'dd/mm/yyyy hh24:mi:ss'), to_date('08/06/2018 08:13:42', 'dd/mm/yyyy hh24:mi:ss'), 'MBERGAMO', null, 'N', 'N', null, null, '24', null, '38100', null, null, null, 'M.Pallaoro@Ferraritrento.it', 'VIA DEL PONTE 15 FRAZ. RAVINA', null, 'Y', null, null, 281, null, null, null, null, null, null);

insert into CONS_SOGG_VIW (PKID, PK_CUAA, CUAA, COD_FISCALE, CODI_FISC, PART_IVA, CODI_PIVA, RAGI_SOCI, COGNOME, NOME, SESSO, D_NASCITA, D_COSTITUZIONE, DATA_NASC, D_MORTE, FKCOD_COMU_RESI, FKCOD_COMU_NASC, COMU_NASC, FKCIVICO_RESI, FKCOD_COMU_RECAPITO, FKCIVICO_RECAPITO, FLAG_PERS_FISICA, FKRAPP_LEGALE, DATA_FINE_VAL, DATA_INIZIO_VAL, DATA_LAV, UTENTE_INIZIO, UTENTE_FINE, VALIDO_INIZIO, VALIDO_FINE, ATTO_INIZIO, ATTO_FINE, NATURA_GIURIDICA, RESI_COMU, CAP, CAP_RECAP, TELEFONO, FAX, MAIL, INDIRIZZO_EST, INDIRIZZO_EST_RECAP, FL_PART_IVA, LOCALITA, CELLULARE, FONTE_INIZIO, FONTE_FINE, RIFERIMENTO, DENOMINAZIONE_INT, LOCALITA_INT, INDIRIZZO_EST_INT, INDIRIZZO_EST_RECAP_INT)
values (555067, 60843, '02374170229', '02374170229', '02374170229', '02374170229', '02374170229', 'AZIENDA AGRICOLA AGRI DI RIZZI STEFANO & C. - SOCIETA'' SEMPLICE AGRICOLA', null, null, null, null, null, null, null, 'C794', null, null, null, null, null, null, null, to_date('31/12/9999', 'dd/mm/yyyy'), to_date('05/04/2018 00:00:02', 'dd/mm/yyyy hh24:mi:ss'), to_date('05/04/2018 12:30:50', 'dd/mm/yyyy hh24:mi:ss'), 'CDETASSIS', null, 'N', 'N', null, null, '901', null, '38023', null, null, null, null, 'VIALE DEGASPERI 84', null, 'N', null, '3451160406', 281, null, null, null, null, null, null);

insert into CONS_SOGG_VIW (PKID, PK_CUAA, CUAA, COD_FISCALE, CODI_FISC, PART_IVA, CODI_PIVA, RAGI_SOCI, COGNOME, NOME, SESSO, D_NASCITA, D_COSTITUZIONE, DATA_NASC, D_MORTE, FKCOD_COMU_RESI, FKCOD_COMU_NASC, COMU_NASC, FKCIVICO_RESI, FKCOD_COMU_RECAPITO, FKCIVICO_RECAPITO, FLAG_PERS_FISICA, FKRAPP_LEGALE, DATA_FINE_VAL, DATA_INIZIO_VAL, DATA_LAV, UTENTE_INIZIO, UTENTE_FINE, VALIDO_INIZIO, VALIDO_FINE, ATTO_INIZIO, ATTO_FINE, NATURA_GIURIDICA, RESI_COMU, CAP, CAP_RECAP, TELEFONO, FAX, MAIL, INDIRIZZO_EST, INDIRIZZO_EST_RECAP, FL_PART_IVA, LOCALITA, CELLULARE, FONTE_INIZIO, FONTE_FINE, RIFERIMENTO, DENOMINAZIONE_INT, LOCALITA_INT, INDIRIZZO_EST_INT, INDIRIZZO_EST_RECAP_INT)
values (533104, 64123, '02388670222', '02388670222', '02388670222', '02388670222', '02388670222', 'ACETAIA DEL BALSAMICO DI BOMBARDELLI G. SOCIETA'' S. AGRICOLA', null, null, null, null, null, null, null, 'L097', null, null, null, null, null, null, null, to_date('31/12/9999', 'dd/mm/yyyy'), to_date('06/03/2018', 'dd/mm/yyyy'), to_date('06/03/2018 16:49:15', 'dd/mm/yyyy hh24:mi:ss'), 'AMASCHER', null, 'Y', 'N', null, null, '901', null, '38060', null, '0464540111', null, 'info@acetaiatn.it', 'STRADA DI SAN ZENO 2', null, 'Y', null, '3483119760', 12, null, null, null, null, null, null);

insert into CONS_SOGG_VIW (PKID, PK_CUAA, CUAA, COD_FISCALE, CODI_FISC, PART_IVA, CODI_PIVA, RAGI_SOCI, COGNOME, NOME, SESSO, D_NASCITA, D_COSTITUZIONE, DATA_NASC, D_MORTE, FKCOD_COMU_RESI, FKCOD_COMU_NASC, COMU_NASC, FKCIVICO_RESI, FKCOD_COMU_RECAPITO, FKCIVICO_RECAPITO, FLAG_PERS_FISICA, FKRAPP_LEGALE, DATA_FINE_VAL, DATA_INIZIO_VAL, DATA_LAV, UTENTE_INIZIO, UTENTE_FINE, VALIDO_INIZIO, VALIDO_FINE, ATTO_INIZIO, ATTO_FINE, NATURA_GIURIDICA, RESI_COMU, CAP, CAP_RECAP, TELEFONO, FAX, MAIL, INDIRIZZO_EST, INDIRIZZO_EST_RECAP, FL_PART_IVA, LOCALITA, CELLULARE, FONTE_INIZIO, FONTE_FINE, RIFERIMENTO, DENOMINAZIONE_INT, LOCALITA_INT, INDIRIZZO_EST_INT, INDIRIZZO_EST_RECAP_INT)
values (556901, 2800, 'BZZPLA64A31A178M', 'BZZPLA64A31A178M', 'BZZPLA64A31A178M', '01109110229', '01109110229', 'BEOZZO PAOLO', 'BEOZZO', 'PAOLO', 'M', to_date('31/01/1964', 'dd/mm/yyyy'), null, to_date('31/01/1964', 'dd/mm/yyyy'), null, 'A178', 'A178', 'A178', null, null, null, 'P', null, to_date('31/12/9999', 'dd/mm/yyyy'), to_date('23/04/2018', 'dd/mm/yyyy'), to_date('23/04/2018 17:55:18', 'dd/mm/yyyy hh24:mi:ss'), 'ADMIN', null, 'Y', 'N', null, null, '900', null, '38060', null, null, null, 'PAOLO.BEOZZO@GMAIL.COM', 'VIA G VERDI 2', null, 'Y', null, '3381809847', 12, null, null, null, null, null, null);

insert into cons_sogg_viw (PKID, PK_CUAA, CUAA, COD_FISCALE, CODI_FISC, PART_IVA, CODI_PIVA, RAGI_SOCI, COGNOME, NOME, SESSO, D_NASCITA, D_COSTITUZIONE, DATA_NASC, D_MORTE, FKCOD_COMU_RESI, FKCOD_COMU_NASC, COMU_NASC, FKCIVICO_RESI, FKCOD_COMU_RECAPITO, FKCIVICO_RECAPITO, FLAG_PERS_FISICA, FKRAPP_LEGALE, DATA_FINE_VAL, DATA_INIZIO_VAL, DATA_LAV, UTENTE_INIZIO, UTENTE_FINE, VALIDO_INIZIO, VALIDO_FINE, ATTO_INIZIO, ATTO_FINE, NATURA_GIURIDICA, RESI_COMU, CAP, CAP_RECAP, TELEFONO, FAX, MAIL, INDIRIZZO_EST, INDIRIZZO_EST_RECAP, FL_PART_IVA, LOCALITA, CELLULARE, FONTE_INIZIO, FONTE_FINE, RIFERIMENTO, DENOMINAZIONE_INT, LOCALITA_INT, INDIRIZZO_EST_INT, INDIRIZZO_EST_RECAP_INT)
values (550794, 85305, 'STRRCR59B20A561S', 'STRRCR59B20A561S', 'STRRCR59B20A561S', '01905680227', '01905680227', 'STORANI RICCARDO', 'STORANI', 'RICCARDO', 'M', to_date('20/02/1959', 'dd/mm/yyyy'), null, to_date('20/02/1959', 'dd/mm/yyyy'), null, 'L174', 'A561', 'A561', null, null, null, null, null, to_date('31/12/9999', 'dd/mm/yyyy'), to_date('21-03-2018', 'dd/mm/yyyy'), to_date('21/03/2018 22:05:41', 'dd/mm/yyyy hh24:mi:ss'), 'ADMIN', null, 'N', 'N', null, null, '900', null, '38079', null, null, null, 'lelariki@alice.it', 'VIA ADAMELLO 2', null, 'N', null, '3394548710', 12, null, null, null, null, null, null);

insert into CONS_SOGG_VIW (PKID,PK_CUAA,CUAA,COD_FISCALE,CODI_FISC,PART_IVA,CODI_PIVA,RAGI_SOCI,COGNOME,NOME,SESSO,D_NASCITA,D_COSTITUZIONE,DATA_NASC,D_MORTE,FKCOD_COMU_RESI,FKCOD_COMU_NASC,COMU_NASC,FKCIVICO_RESI,FKCOD_COMU_RECAPITO,FKCIVICO_RECAPITO,FLAG_PERS_FISICA,FKRAPP_LEGALE,DATA_FINE_VAL,DATA_INIZIO_VAL,DATA_LAV,UTENTE_INIZIO,UTENTE_FINE,VALIDO_INIZIO,VALIDO_FINE,ATTO_INIZIO,ATTO_FINE,NATURA_GIURIDICA,RESI_COMU,CAP,CAP_RECAP,TELEFONO,FAX,MAIL,INDIRIZZO_EST,INDIRIZZO_EST_RECAP,FL_PART_IVA,LOCALITA,CELLULARE,FONTE_INIZIO,FONTE_FINE,RIFERIMENTO,DENOMINAZIONE_INT,LOCALITA_INT,INDIRIZZO_EST_INT,INDIRIZZO_EST_RECAP_INT) 
values (556461,1,'BBBFBA66E31F187R','BBBFBA66E31F187R','BBBFBA66E31F187R','01189780222','01189780222','BEBBER FABIO','BEBBER','FABIO','M',to_date('31/05/1966 00:00:00','dd/mm/yyyy HH24:MI:SS'),null,to_date('31/05/1966 00:00:00','dd/mm/yyyy HH24:MI:SS'),null,'F187','F187','F187',null,null,null,'P',null,to_date('31/12/9999 00:00:00','dd/mm/yyyy HH24:MI:SS'),to_date('23/04/2018 00:00:00','dd/mm/yyyy HH24:MI:SS'),to_date('23/04/2018 17:31:07','dd/mm/yyyy HH24:MI:SS'),'ADMIN',null,'Y','N',null,null,'900',null,'38017',null,'0461/604426',null,null,'VIA CARLO DEVIGILI 29',null,'Y',null,'333/4761909','12',null,null,null,null,null,null);

Insert into CONS_SOGG_VIW (PKID,PK_CUAA,CUAA,COD_FISCALE,CODI_FISC,PART_IVA,CODI_PIVA,RAGI_SOCI,COGNOME,NOME,SESSO,D_NASCITA,D_COSTITUZIONE,DATA_NASC,D_MORTE,FKCOD_COMU_RESI,FKCOD_COMU_NASC,COMU_NASC,FKCIVICO_RESI,FKCOD_COMU_RECAPITO,FKCIVICO_RECAPITO,FLAG_PERS_FISICA,FKRAPP_LEGALE,DATA_FINE_VAL,DATA_INIZIO_VAL,DATA_LAV,UTENTE_INIZIO,UTENTE_FINE,VALIDO_INIZIO,VALIDO_FINE,ATTO_INIZIO,ATTO_FINE,NATURA_GIURIDICA,RESI_COMU,CAP,CAP_RECAP,TELEFONO,FAX,MAIL,INDIRIZZO_EST,INDIRIZZO_EST_RECAP,FL_PART_IVA,LOCALITA,CELLULARE,FONTE_INIZIO,FONTE_FINE,RIFERIMENTO,DENOMINAZIONE_INT,LOCALITA_INT,INDIRIZZO_EST_INT,INDIRIZZO_EST_RECAP_INT) 
values (564446, 84205,'PRSSRN98R66L378R','PRSSRN98R66L378R','PRSSRN98R66L378R','02481740229','02481740229','PARIS SERENA','PARIS','SERENA','F',to_date('26/10/1998 00:00:00','dd/mm/yyyy  HH24:MI:SS'),null,to_date('26/10/1998 00:00:00','dd/mm/yyyy  HH24:MI:SS'),null,'M357','L378','L378',null,null,null,'P',null,to_date('31/12/9999 00:00:00','dd/mm/yyyy  HH24:MI:SS'),to_date('31/05/2018 00:00:04','dd/mm/yyyy  HH24:MI:SS'),to_date('09/06/2018 16:11:28','dd/mm/yyyy  HH24:MI:SS'),'RGADLER',null,'N','N',null,null,'13',null,'38076',null,null,null,'parisserena1@gmail.com','VIA CESARE BATTISTI 20',null,'Y',null,'3494660166','281',null,null,null,null,null,null);

Insert into CONS_SOGG_VIW (PKID,PK_CUAA,CUAA,COD_FISCALE,CODI_FISC,PART_IVA,CODI_PIVA,RAGI_SOCI,COGNOME,NOME,SESSO,D_NASCITA,D_COSTITUZIONE,DATA_NASC,D_MORTE,FKCOD_COMU_RESI,FKCOD_COMU_NASC,COMU_NASC,FKCIVICO_RESI,FKCOD_COMU_RECAPITO,FKCIVICO_RECAPITO,FLAG_PERS_FISICA,FKRAPP_LEGALE,DATA_FINE_VAL,DATA_INIZIO_VAL,DATA_LAV,UTENTE_INIZIO,UTENTE_FINE,VALIDO_INIZIO,VALIDO_FINE,ATTO_INIZIO,ATTO_FINE,NATURA_GIURIDICA,RESI_COMU,CAP,CAP_RECAP,TELEFONO,FAX,MAIL,INDIRIZZO_EST,INDIRIZZO_EST_RECAP,FL_PART_IVA,LOCALITA,CELLULARE,FONTE_INIZIO,FONTE_FINE,RIFERIMENTO,DENOMINAZIONE_INT,LOCALITA_INT,INDIRIZZO_EST_INT,INDIRIZZO_EST_RECAP_INT) 
values (556601,1403,'BNRNDR86B08H330Q','BNRNDR86B08H330Q','BNRNDR86B08H330Q','01958940221','01958940221','BONORA ANDREA','BONORA','ANDREA','M',to_date('08/02/1986 00:00:00','dd/mm/yyyy  HH24:MI:SS'),null,to_date('08/02/1986 00:00:00','dd/mm/yyyy  HH24:MI:SS'),null,'A372','H330','H330',null,null,null,'P',null,to_date('31/12/9999 00:00:00','dd/mm/yyyy  HH24:MI:SS'),to_date('23/04/2018 00:00:00','dd/mm/yyyy  HH24:MI:SS'),to_date('23/04/2018 17:40:04','dd/mm/yyyy  HH24:MI:SS'),'ADMIN',null,'Y','N',null,null,'900',null,'38062',null,null,null,null,'LOCALITA'' DOSSI 1 INT 3',null,'Y',null,null,'12',null,null,null,null,null,null);

Insert into CONS_SOGG_VIW (PKID,PK_CUAA,CUAA,COD_FISCALE,CODI_FISC,PART_IVA,CODI_PIVA,RAGI_SOCI,COGNOME,NOME,SESSO,D_NASCITA,D_COSTITUZIONE,DATA_NASC,D_MORTE,FKCOD_COMU_RESI,FKCOD_COMU_NASC,COMU_NASC,FKCIVICO_RESI,FKCOD_COMU_RECAPITO,FKCIVICO_RECAPITO,FLAG_PERS_FISICA,FKRAPP_LEGALE,DATA_FINE_VAL,DATA_INIZIO_VAL,DATA_LAV,UTENTE_INIZIO,UTENTE_FINE,VALIDO_INIZIO,VALIDO_FINE,ATTO_INIZIO,ATTO_FINE,NATURA_GIURIDICA,RESI_COMU,CAP,CAP_RECAP,TELEFONO,FAX,MAIL,INDIRIZZO_EST,INDIRIZZO_EST_RECAP,FL_PART_IVA,LOCALITA,CELLULARE,FONTE_INIZIO,FONTE_FINE,RIFERIMENTO,DENOMINAZIONE_INT,LOCALITA_INT,INDIRIZZO_EST_INT,INDIRIZZO_EST_RECAP_INT) 
values (404913,72586,'02408130223','02408130223','02408130223','02408130223','02408130223','BIOCESTA DEL GUSTO SAS DI DE GRAMATICA GIULIA & C.',NULL,NULL,NULL,NULL,null,NULL,null,'H612',null,NULL,null,null,null,'G',null,to_date('31/12/9999 00:00:00','dd/mm/yyyy  HH24:MI:SS'),to_date('18/05/2016 00:00:04','dd/mm/yyyy  HH24:MI:SS'),to_date('19/05/2016 14:44:13','dd/mm/yyyy  HH24:MI:SS'),'MIANES',null,'N','N',null,null,'901',null,'38068',null,null,null,'biocestadelgusto@gmail.com','VIA A MANZONI 3B',null,'Y',null,'3409772794','281',null,null,null,null,null,null);

Insert into CONS_SOGG_VIW (PKID,PK_CUAA,CUAA,COD_FISCALE,CODI_FISC,PART_IVA,CODI_PIVA,RAGI_SOCI,COGNOME,NOME,SESSO,D_NASCITA,D_COSTITUZIONE,DATA_NASC,D_MORTE,FKCOD_COMU_RESI,FKCOD_COMU_NASC,COMU_NASC,FKCIVICO_RESI,FKCOD_COMU_RECAPITO,FKCIVICO_RECAPITO,FLAG_PERS_FISICA,FKRAPP_LEGALE,DATA_FINE_VAL,DATA_INIZIO_VAL,DATA_LAV,UTENTE_INIZIO,UTENTE_FINE,VALIDO_INIZIO,VALIDO_FINE,ATTO_INIZIO,ATTO_FINE,NATURA_GIURIDICA,RESI_COMU,CAP,CAP_RECAP,TELEFONO,FAX,MAIL,INDIRIZZO_EST,INDIRIZZO_EST_RECAP,FL_PART_IVA,LOCALITA,CELLULARE,FONTE_INIZIO,FONTE_FINE,RIFERIMENTO,DENOMINAZIONE_INT,LOCALITA_INT,INDIRIZZO_EST_INT,INDIRIZZO_EST_RECAP_INT) 
values (564540,92565,'BGNDNL91L11L174K','BGNDNL91L11L174K','BGNDNL91L11L174K','03786730980','03786730980','BUGNA DANIEL','BUGNA','DANIEL','M',to_date('11/07/1991 00:00:00','dd/mm/yyyy  HH24:MI:SS'),null,to_date('11/07/1991 00:00:00','dd/mm/yyyy  HH24:MI:SS'),null,'B102','L174','L174',null,null,null,'P',null,to_date('31/12/9999 00:00:00','dd/mm/yyyy  HH24:MI:SS'),to_date('14/06/2018 00:00:04','dd/mm/yyyy  HH24:MI:SS'),to_date('14/06/2018 14:44:13','dd/mm/yyyy  HH24:MI:SS'),'ADMIN',null,'Y','N',null,null,'13',null,'25073',null,null,null,null,'VIA SABIONCELLI 8',null,'Y',null,null,'13',null,null,null,null,null,null);


-- 3. Popolamento tabella TDECOFIDICA_LANGUAGE
insert into TDECODIFICA_LANGUAGE (CODICE, SOTTO_CODICE, LOCALE, DS_DECODIFICA, DE_DECODIFICA, FG_SISTEMA, ORDINE, FG_CESSATO)
values ('STAFAS', 'AGGIOR', 'it', 'IN LAVORAZIONE', null, 'S', 10, 'N');

insert into TDECODIFICA_LANGUAGE (CODICE, SOTTO_CODICE, LOCALE, DS_DECODIFICA, DE_DECODIFICA, FG_SISTEMA, ORDINE, FG_CESSATO)
values ('STAFAS', 'ANOMAL', 'it', 'IN ANOMALIA', null, 'S', 20, 'N');

insert into TDECODIFICA_LANGUAGE (CODICE, SOTTO_CODICE, LOCALE, DS_DECODIFICA, DE_DECODIFICA, FG_SISTEMA, ORDINE, FG_CESSATO)
values ('STAFAS', 'CESSAT', 'it', 'CESSATO', null, 'S', 50, 'N');

insert into TDECODIFICA_LANGUAGE (CODICE, SOTTO_CODICE, LOCALE, DS_DECODIFICA, DE_DECODIFICA, FG_SISTEMA, ORDINE, FG_CESSATO)
values ('STAFAS', 'CHIUSO', 'it', 'CHIUSO', null, 'S', 40, 'N');

insert into TDECODIFICA_LANGUAGE (CODICE, SOTTO_CODICE, LOCALE, DS_DECODIFICA, DE_DECODIFICA, FG_SISTEMA, ORDINE, FG_CESSATO)
values ('STAFAS', 'VALIDO', 'it', 'VALIDO', null, 'S', 30, 'N');

-- 4. Popolamento tabella TDOMANDA
Insert into TDOMANDA (PKID,ID_SOGGETTO,ID_DOMANDA,ID_DOMANDA_RETTIFICATA,ID_MODULO,SCO_STATO,SCO_SETTORE,ANNO,DE_MODULO,DT_INSERT,DT_DELETE,DS_DOM_STATO)
values ('1000000','1','183380',null,'303','000000','PI2014','2018','PAGAMENTI DIRETTI',to_date('26/04/2018 15:23:32','dd/mm/yyyy HH24:MI:SS'),to_date('26/04/2018 15:23:33','dd/mm/yyyy HH24:MI:SS'), 'IN ISTRUTTORIA');
Insert into TDOMANDA (PKID,ID_SOGGETTO,ID_DOMANDA,ID_DOMANDA_RETTIFICATA,ID_MODULO,SCO_STATO,SCO_SETTORE,ANNO,DE_MODULO,DT_INSERT,DT_DELETE,DS_DOM_STATO)
values ('1000001','1','183380',null,'303','000001','PI2014','2018','PAGAMENTI DIRETTI',to_date('26/04/2018 15:23:34','dd/mm/yyyy HH24:MI:SS'),to_date('26/04/2018 15:25:21','dd/mm/yyyy HH24:MI:SS'), 'IN ISTRUTTORIA');
Insert into TDOMANDA (PKID,ID_SOGGETTO,ID_DOMANDA,ID_DOMANDA_RETTIFICATA,ID_MODULO,SCO_STATO,SCO_SETTORE,ANNO,DE_MODULO,DT_INSERT,DT_DELETE,DS_DOM_STATO)
values ('1000002','1','183380',null,'303','000003','PI2014','2018','PAGAMENTI DIRETTI',to_date('26/04/2018 15:25:22','dd/mm/yyyy HH24:MI:SS'),to_date('26/04/2018 15:25:37','dd/mm/yyyy HH24:MI:SS'), 'IN ISTRUTTORIA');
Insert into TDOMANDA (PKID,ID_SOGGETTO,ID_DOMANDA,ID_DOMANDA_RETTIFICATA,ID_MODULO,SCO_STATO,SCO_SETTORE,ANNO,DE_MODULO,DT_INSERT,DT_DELETE,DS_DOM_STATO)
values ('1000003','1','183380',null,'303','000010','PI2014','2018','PAGAMENTI DIRETTI',to_date('26/04/2018 15:25:38','dd/mm/yyyy HH24:MI:SS'),to_date('26/04/2018 15:26:21','dd/mm/yyyy HH24:MI:SS'), 'IN ISTRUTTORIA');
Insert into TDOMANDA (PKID,ID_SOGGETTO,ID_DOMANDA,ID_DOMANDA_RETTIFICATA,ID_MODULO,SCO_STATO,SCO_SETTORE,ANNO,DE_MODULO,DT_INSERT,DT_DELETE,DS_DOM_STATO)
values ('1000004','1','183380',null,'303','000015','PI2014','2018','PAGAMENTI DIRETTI',to_date('26/04/2018 15:26:22','dd/mm/yyyy HH24:MI:SS'),to_date('31/12/9999 00:00:00','dd/mm/yyyy HH24:MI:SS'), 'IN ISTRUTTORIA');

Insert into TDOMANDA (PKID,ID_SOGGETTO,ID_DOMANDA,ID_DOMANDA_RETTIFICATA,ID_MODULO,SCO_STATO,SCO_SETTORE,ANNO,DE_MODULO,DT_INSERT,DT_DELETE,DS_DOM_STATO)
values ('1100001','84205','190911',null,'303','000000','PI2014','2018','PAGAMENTI DIRETTI',to_date('14/06/2018 21:55:31','dd/mm/yyyy  HH24:MI:SS'),to_date('14/06/2018 21:55:31','dd/mm/yyyy  HH24:MI:SS'), 'IN ISTRUTTORIA');
Insert into TDOMANDA (PKID,ID_SOGGETTO,ID_DOMANDA,ID_DOMANDA_RETTIFICATA,ID_MODULO,SCO_STATO,SCO_SETTORE,ANNO,DE_MODULO,DT_INSERT,DT_DELETE,DS_DOM_STATO)
values ('1100002','84205','190911',null,'303','000001','PI2014','2018','PAGAMENTI DIRETTI',to_date('14/06/2018 21:55:32','dd/mm/yyyy  HH24:MI:SS'),to_date('14/06/2018 22:03:13','dd/mm/yyyy  HH24:MI:SS'), 'IN ISTRUTTORIA');
Insert into TDOMANDA (PKID,ID_SOGGETTO,ID_DOMANDA,ID_DOMANDA_RETTIFICATA,ID_MODULO,SCO_STATO,SCO_SETTORE,ANNO,DE_MODULO,DT_INSERT,DT_DELETE,DS_DOM_STATO)
values ('1100003','84205','190911',null,'303','000003','PI2014','2018','PAGAMENTI DIRETTI',to_date('14/06/2018 22:03:14','dd/mm/yyyy  HH24:MI:SS'),to_date('14/06/2018 22:03:24','dd/mm/yyyy  HH24:MI:SS'), 'IN ISTRUTTORIA');
Insert into TDOMANDA (PKID,ID_SOGGETTO,ID_DOMANDA,ID_DOMANDA_RETTIFICATA,ID_MODULO,SCO_STATO,SCO_SETTORE,ANNO,DE_MODULO,DT_INSERT,DT_DELETE,DS_DOM_STATO)
values ('1100004','84205','190911',null,'303','000010','PI2014','2018','PAGAMENTI DIRETTI',to_date('14/06/2018 22:03:25','dd/mm/yyyy  HH24:MI:SS'),to_date('14/06/2018 22:04:14','dd/mm/yyyy  HH24:MI:SS'), 'IN ISTRUTTORIA');
Insert into TDOMANDA (PKID,ID_SOGGETTO,ID_DOMANDA,ID_DOMANDA_RETTIFICATA,ID_MODULO,SCO_STATO,SCO_SETTORE,ANNO,DE_MODULO,DT_INSERT,DT_DELETE,DS_DOM_STATO)
values ('1100005','84205','190911',null,'303','000015','PI2014','2018','PAGAMENTI DIRETTI',to_date('14/06/2018 22:04:15','dd/mm/yyyy  HH24:MI:SS'),to_date('14/06/2018 18:35:43','dd/mm/yyyy  HH24:MI:SS'), 'IN ISTRUTTORIA');
Insert into TDOMANDA (PKID,ID_SOGGETTO,ID_DOMANDA,ID_DOMANDA_RETTIFICATA,ID_MODULO,SCO_STATO,SCO_SETTORE,ANNO,DE_MODULO,DT_INSERT,DT_DELETE,DS_DOM_STATO)
values ('1100006','84205','190911',null,'303','000011','PI2014','2018','PAGAMENTI DIRETTI',to_date('18/06/2018 18:35:44','dd/mm/yyyy  HH24:MI:SS'),to_date('31/12/9999 00:00:00','dd/mm/yyyy  HH24:MI:SS'), 'IN ISTRUTTORIA');

Insert into TDOMANDA (PKID,ID_SOGGETTO,ID_DOMANDA,ID_DOMANDA_RETTIFICATA,ID_MODULO,SCO_STATO,SCO_SETTORE,ANNO,DE_MODULO,DT_INSERT,DT_DELETE,DS_DOM_STATO)
values ('1100007','84205','191194','190911','304','000000','PI2014','2018','PAGAMENTI DIRETTI - DOMANDA DI MODIFICA AI SENSI ART. 15 DEL REG. UE 809/2014',to_date('18/06/2018 18:24:32','dd/mm/yyyy HH24:MI:SS'),to_date('18/06/2018 18:24:33','dd/mm/yyyy  HH24:MI:SS'), 'IN ISTRUTTORIA');
Insert into TDOMANDA (PKID,ID_SOGGETTO,ID_DOMANDA,ID_DOMANDA_RETTIFICATA,ID_MODULO,SCO_STATO,SCO_SETTORE,ANNO,DE_MODULO,DT_INSERT,DT_DELETE,DS_DOM_STATO)
values ('1100008','84205','191194','190911','304','000001','PI2014','2018','PAGAMENTI DIRETTI - DOMANDA DI MODIFICA AI SENSI ART. 15 DEL REG. UE 809/2014',to_date('18/06/2018 18:24:34','dd/mm/yyyy HH24:MI:SS'),to_date('18/06/2018 18:35:09','dd/mm/yyyy  HH24:MI:SS'), 'IN ISTRUTTORIA');
Insert into TDOMANDA (PKID,ID_SOGGETTO,ID_DOMANDA,ID_DOMANDA_RETTIFICATA,ID_MODULO,SCO_STATO,SCO_SETTORE,ANNO,DE_MODULO,DT_INSERT,DT_DELETE,DS_DOM_STATO)
values ('1100009','84205','191194','190911','304','000003','PI2014','2018','PAGAMENTI DIRETTI - DOMANDA DI MODIFICA AI SENSI ART. 15 DEL REG. UE 809/2014',to_date('18/06/2018 18:35:10','dd/mm/yyyy HH24:MI:SS'),to_date('18/06/2018 18:36:44','dd/mm/yyyy  HH24:MI:SS'), 'IN ISTRUTTORIA');
Insert into TDOMANDA (PKID,ID_SOGGETTO,ID_DOMANDA,ID_DOMANDA_RETTIFICATA,ID_MODULO,SCO_STATO,SCO_SETTORE,ANNO,DE_MODULO,DT_INSERT,DT_DELETE,DS_DOM_STATO)
values ('1100010','84205','191194','190911','304','000010','PI2014','2018','PAGAMENTI DIRETTI - DOMANDA DI MODIFICA AI SENSI ART. 15 DEL REG. UE 809/2014',to_date('18/06/2018 18:36:45','dd/mm/yyyy HH24:MI:SS'),to_date('18/06/2018 18:40:19','dd/mm/yyyy  HH24:MI:SS'), 'IN ISTRUTTORIA');
Insert into TDOMANDA (PKID,ID_SOGGETTO,ID_DOMANDA,ID_DOMANDA_RETTIFICATA,ID_MODULO,SCO_STATO,SCO_SETTORE,ANNO,DE_MODULO,DT_INSERT,DT_DELETE,DS_DOM_STATO)
values ('1100011','84205','191194','190911','304','000015','PI2014','2018','PAGAMENTI DIRETTI - DOMANDA DI MODIFICA AI SENSI ART. 15 DEL REG. UE 809/2014',to_date('18/06/2018 18:40:20','dd/mm/yyyy HH24:MI:SS'),to_date('31/12/9999 00:00:00','dd/mm/yyyy  HH24:MI:SS'), 'IN ISTRUTTORIA');

Insert into TDOMANDA (PKID,ID_SOGGETTO,ID_DOMANDA,ID_DOMANDA_RETTIFICATA,ID_MODULO,SCO_STATO,SCO_SETTORE,ANNO,DE_MODULO,DT_INSERT,DT_DELETE,DS_DOM_STATO)
values ('1839942','1403','186889',null,'303','000000','PI2014','2018','PAGAMENTI DIRETTI',to_date('18/05/2018 09:23:17','dd/mm/yyyy  HH24:MI:SS'),to_date('18/05/2018 09:23:18','dd/mm/yyyy HH24:MI:SS'), 'IN ISTRUTTORIA');
Insert into TDOMANDA (PKID,ID_SOGGETTO,ID_DOMANDA,ID_DOMANDA_RETTIFICATA,ID_MODULO,SCO_STATO,SCO_SETTORE,ANNO,DE_MODULO,DT_INSERT,DT_DELETE,DS_DOM_STATO)
values ('1839943','1403','186889',null,'303','000001','PI2014','2018','PAGAMENTI DIRETTI',to_date('18/05/2018 09:23:19','dd/mm/yyyy  HH24:MI:SS'),to_date('18/05/2018 09:26:49','dd/mm/yyyy HH24:MI:SS'), 'IN ISTRUTTORIA');
Insert into TDOMANDA (PKID,ID_SOGGETTO,ID_DOMANDA,ID_DOMANDA_RETTIFICATA,ID_MODULO,SCO_STATO,SCO_SETTORE,ANNO,DE_MODULO,DT_INSERT,DT_DELETE,DS_DOM_STATO)
values ('1839948','1403','186889',null,'303','000003','PI2014','2018','PAGAMENTI DIRETTI',to_date('18/05/2018 09:26:50','dd/mm/yyyy  HH24:MI:SS'),to_date('18/05/2018 09:27:06','dd/mm/yyyy HH24:MI:SS'), 'IN ISTRUTTORIA');
Insert into TDOMANDA (PKID,ID_SOGGETTO,ID_DOMANDA,ID_DOMANDA_RETTIFICATA,ID_MODULO,SCO_STATO,SCO_SETTORE,ANNO,DE_MODULO,DT_INSERT,DT_DELETE,DS_DOM_STATO)
values ('1839950','1403','186889',null,'303','000010','PI2014','2018','PAGAMENTI DIRETTI',to_date('18/05/2018 09:27:07','dd/mm/yyyy  HH24:MI:SS'),to_date('18/05/2018 09:27:44','dd/mm/yyyy HH24:MI:SS'), 'IN ISTRUTTORIA');
Insert into TDOMANDA (PKID,ID_SOGGETTO,ID_DOMANDA,ID_DOMANDA_RETTIFICATA,ID_MODULO,SCO_STATO,SCO_SETTORE,ANNO,DE_MODULO,DT_INSERT,DT_DELETE,DS_DOM_STATO)
values ('1839953','1403','186889',null,'303','000015','PI2014','2018','PAGAMENTI DIRETTI',to_date('18/05/2018 09:27:45','dd/mm/yyyy  HH24:MI:SS'),to_date('31/12/9999 00:00:00','dd/mm/yyyy HH24:MI:SS'), 'IN ISTRUTTORIA');


-- 5. Popolamento tabella TQDO_ENTI
Insert into TQDO_ENTI (PKID,DT_INSERT,DT_DELETE,ID_SOGGETTO,ID_UTE,ID_ENTE_COMPILATORE,ID_ENTE_DELEGATO,COD_FONTE_DATI,SCO_FONTE_DATI,DT_INIZIO,DT_FINE,FG_VALIDO_INIZIO,FG_VALIDO_FINE,ID_ATTO_INIZIO,ID_ATTO_FINE,DT_ULTIMO_AGG,UTENTE,ID_DOMANDA) 
values ('100000',to_date('26/04/2018 15:23:41','dd/mm/yyyy HH24:MI:SS'),to_date('31/12/9999 00:00:00','dd/mm/yyyy HH24:MI:SS'),'1',null,'12','23','FONDAT','000001',to_date('01/01/2018 00:00:00','dd/mm/yyyy HH24:MI:SS'),to_date('31/12/2018 00:00:00','dd/mm/yyyy HH24:MI:SS'),'N','S',null,null,to_date('26/04/2018 15:23:41','dd/mm/yyyy HH24:MI:SS'),'SZUECH','183380');
Insert into TQDO_ENTI (PKID,DT_INSERT,DT_DELETE,ID_SOGGETTO,ID_UTE,ID_ENTE_COMPILATORE,ID_ENTE_DELEGATO,COD_FONTE_DATI,SCO_FONTE_DATI,DT_INIZIO,DT_FINE,FG_VALIDO_INIZIO,FG_VALIDO_FINE,ID_ATTO_INIZIO,ID_ATTO_FINE,DT_ULTIMO_AGG,UTENTE,ID_DOMANDA) 
values ('100001',to_date('26/04/2018 15:23:41','dd/mm/yyyy HH24:MI:SS'),to_date('31/12/9999 00:00:00','dd/mm/yyyy HH24:MI:SS'),'1',null,'12','23','FONDAT','000001',to_date('01/01/2018 00:00:00','dd/mm/yyyy HH24:MI:SS'),to_date('31/12/2018 00:00:00','dd/mm/yyyy HH24:MI:SS'),'N','S',null,null,to_date('26/04/2018 15:23:41','dd/mm/yyyy HH24:MI:SS'),'SZUECH','191194');
Insert into TQDO_ENTI (PKID,DT_INSERT,DT_DELETE,ID_SOGGETTO,ID_UTE,ID_ENTE_COMPILATORE,ID_ENTE_DELEGATO,COD_FONTE_DATI,SCO_FONTE_DATI,DT_INIZIO,DT_FINE,FG_VALIDO_INIZIO,FG_VALIDO_FINE,ID_ATTO_INIZIO,ID_ATTO_FINE,DT_ULTIMO_AGG,UTENTE,ID_DOMANDA) 
values ('100002',to_date('26/04/2018 15:23:41','dd/mm/yyyy HH24:MI:SS'),to_date('31/12/9999 00:00:00','dd/mm/yyyy HH24:MI:SS'),'1',null,'12','23','FONDAT','000001',to_date('01/01/2018 00:00:00','dd/mm/yyyy HH24:MI:SS'),to_date('31/12/2018 00:00:00','dd/mm/yyyy HH24:MI:SS'),'N','S',null,null,to_date('26/04/2018 15:23:41','dd/mm/yyyy HH24:MI:SS'),'SZUECH','186889');


-- 6. Popolamento tabella TDOM_MOVIMENTO
Insert into TDOM_MOVIMENTO (ID_MOVIMENTO,ID_DOMANDA,ID_WORKFLOW,COD_WORKFLOW,DT_MOVIMENTO,ID_ATTO_INIZIO,ID_ATTO_FINE,FG_VALIDO_INIZIO,FG_VALIDO_FINE,ID_REGISTRO,RULE_LOG_ID,UTENTE,NOTE)
values ('100000','183380','14523','APP_CREATE',to_date('26/04/2018 15:23:33','dd/mm/yyyy HH24:MI:SS'),null,null,'S','S',null,'178141503','SZUECH',null);
Insert into TDOM_MOVIMENTO (ID_MOVIMENTO,ID_DOMANDA,ID_WORKFLOW,COD_WORKFLOW,DT_MOVIMENTO,ID_ATTO_INIZIO,ID_ATTO_FINE,FG_VALIDO_INIZIO,FG_VALIDO_FINE,ID_REGISTRO,RULE_LOG_ID,UTENTE,NOTE) 
values ('100001','183380','14525','APP_CHECK',to_date('26/04/2018 15:25:20','dd/mm/yyyy HH24:MI:SS'),null,null,'S','S',null,'178148104','SZUECH',null);
Insert into TDOM_MOVIMENTO (ID_MOVIMENTO,ID_DOMANDA,ID_WORKFLOW,COD_WORKFLOW,DT_MOVIMENTO,ID_ATTO_INIZIO,ID_ATTO_FINE,FG_VALIDO_INIZIO,FG_VALIDO_FINE,ID_REGISTRO,RULE_LOG_ID,UTENTE,NOTE) 
values ('100002','183380','14527','APP_REQ_SIGNATURE',to_date('26/04/2018 15:25:36','dd/mm/yyyy HH24:MI:SS'),null,null,'S','S',null,'178148234','SZUECH',null);
Insert into TDOM_MOVIMENTO (ID_MOVIMENTO,ID_DOMANDA,ID_WORKFLOW,COD_WORKFLOW,DT_MOVIMENTO,ID_ATTO_INIZIO,ID_ATTO_FINE,FG_VALIDO_INIZIO,FG_VALIDO_FINE,ID_REGISTRO,RULE_LOG_ID,UTENTE,NOTE) 
values ('100003','183380','14528','APP_SUBMIT',to_date('26/04/2018 15:26:21','dd/mm/yyyy HH24:MI:SS'),'1678195',null,'S','S',null,'178148374','SZUECH',null);
Insert into TDOM_MOVIMENTO (ID_MOVIMENTO,ID_DOMANDA,ID_WORKFLOW,COD_WORKFLOW,DT_MOVIMENTO,ID_ATTO_INIZIO,ID_ATTO_FINE,FG_VALIDO_INIZIO,FG_VALIDO_FINE,ID_REGISTRO,RULE_LOG_ID,UTENTE,NOTE) 
values ('100004','183380','15519','APP_RICEV_DU_2017',to_date('05/06/2018 18:05:36','dd/mm/yyyy HH24:MI:SS'),'1696973',null,'S','N',null,'204271905','GNINFA',null);

Insert into TDOM_MOVIMENTO (ID_MOVIMENTO,ID_DOMANDA,ID_WORKFLOW,COD_WORKFLOW,DT_MOVIMENTO,ID_ATTO_INIZIO,ID_ATTO_FINE,FG_VALIDO_INIZIO,FG_VALIDO_FINE,ID_REGISTRO,RULE_LOG_ID,UTENTE,NOTE)
values ('100005','191194','14523','APP_CREATE',to_date('26/04/2018 15:23:33','dd/mm/yyyy HH24:MI:SS'),null,null,'S','S',null,'178141503','SZUECH',null);
Insert into TDOM_MOVIMENTO (ID_MOVIMENTO,ID_DOMANDA,ID_WORKFLOW,COD_WORKFLOW,DT_MOVIMENTO,ID_ATTO_INIZIO,ID_ATTO_FINE,FG_VALIDO_INIZIO,FG_VALIDO_FINE,ID_REGISTRO,RULE_LOG_ID,UTENTE,NOTE) 
values ('100006','191194','14525','APP_CHECK',to_date('26/04/2018 15:25:20','dd/mm/yyyy HH24:MI:SS'),null,null,'S','S',null,'178148104','SZUECH',null);
Insert into TDOM_MOVIMENTO (ID_MOVIMENTO,ID_DOMANDA,ID_WORKFLOW,COD_WORKFLOW,DT_MOVIMENTO,ID_ATTO_INIZIO,ID_ATTO_FINE,FG_VALIDO_INIZIO,FG_VALIDO_FINE,ID_REGISTRO,RULE_LOG_ID,UTENTE,NOTE) 
values ('100007','191194','14527','APP_REQ_SIGNATURE',to_date('26/04/2018 15:25:36','dd/mm/yyyy HH24:MI:SS'),null,null,'S','S',null,'178148234','SZUECH',null);
Insert into TDOM_MOVIMENTO (ID_MOVIMENTO,ID_DOMANDA,ID_WORKFLOW,COD_WORKFLOW,DT_MOVIMENTO,ID_ATTO_INIZIO,ID_ATTO_FINE,FG_VALIDO_INIZIO,FG_VALIDO_FINE,ID_REGISTRO,RULE_LOG_ID,UTENTE,NOTE) 
values ('100008','191194','14528','APP_SUBMIT',to_date('26/04/2018 15:26:21','dd/mm/yyyy HH24:MI:SS'),'1678195',null,'S','S',null,'178148374','SZUECH',null);
Insert into TDOM_MOVIMENTO (ID_MOVIMENTO,ID_DOMANDA,ID_WORKFLOW,COD_WORKFLOW,DT_MOVIMENTO,ID_ATTO_INIZIO,ID_ATTO_FINE,FG_VALIDO_INIZIO,FG_VALIDO_FINE,ID_REGISTRO,RULE_LOG_ID,UTENTE,NOTE) 
values ('100009','191194','15519','APP_RICEV_DU_2017',to_date('05/06/2018 18:05:36','dd/mm/yyyy HH24:MI:SS'),'1696973',null,'S','N',null,'204271905','GNINFA',null);

Insert into TDOM_MOVIMENTO (ID_MOVIMENTO,ID_DOMANDA,ID_WORKFLOW,COD_WORKFLOW,DT_MOVIMENTO,ID_ATTO_INIZIO,ID_ATTO_FINE,FG_VALIDO_INIZIO,FG_VALIDO_FINE,ID_REGISTRO,RULE_LOG_ID,UTENTE,NOTE)
values ('100010','186889','14523','APP_CREATE',to_date('18/05/2018 09:23:17','dd/mm/yyyy HH24:MI:SS'),null,null,'S','S',null,'178141503','SZUECH',null);
Insert into TDOM_MOVIMENTO (ID_MOVIMENTO,ID_DOMANDA,ID_WORKFLOW,COD_WORKFLOW,DT_MOVIMENTO,ID_ATTO_INIZIO,ID_ATTO_FINE,FG_VALIDO_INIZIO,FG_VALIDO_FINE,ID_REGISTRO,RULE_LOG_ID,UTENTE,NOTE) 
values ('100011','186889','14525','APP_CHECK',to_date('18/05/2018 09:23:18','dd/mm/yyyy HH24:MI:SS'),null,null,'S','S',null,'178148104','SZUECH',null);
Insert into TDOM_MOVIMENTO (ID_MOVIMENTO,ID_DOMANDA,ID_WORKFLOW,COD_WORKFLOW,DT_MOVIMENTO,ID_ATTO_INIZIO,ID_ATTO_FINE,FG_VALIDO_INIZIO,FG_VALIDO_FINE,ID_REGISTRO,RULE_LOG_ID,UTENTE,NOTE) 
values ('100012','186889','14527','APP_REQ_SIGNATURE',to_date('18/05/2018 09:26:40','dd/mm/yyyy HH24:MI:SS'),null,null,'S','S',null,'178148234','SZUECH',null);
Insert into TDOM_MOVIMENTO (ID_MOVIMENTO,ID_DOMANDA,ID_WORKFLOW,COD_WORKFLOW,DT_MOVIMENTO,ID_ATTO_INIZIO,ID_ATTO_FINE,FG_VALIDO_INIZIO,FG_VALIDO_FINE,ID_REGISTRO,RULE_LOG_ID,UTENTE,NOTE) 
values ('100013','186889','14528','APP_SUBMIT',to_date('18/05/2018 09:27:06','dd/mm/yyyy HH24:MI:SS'),'1678195',null,'S','S',null,'178148374','SZUECH',null);
Insert into TDOM_MOVIMENTO (ID_MOVIMENTO,ID_DOMANDA,ID_WORKFLOW,COD_WORKFLOW,DT_MOVIMENTO,ID_ATTO_INIZIO,ID_ATTO_FINE,FG_VALIDO_INIZIO,FG_VALIDO_FINE,ID_REGISTRO,RULE_LOG_ID,UTENTE,NOTE) 
values ('100014','186889','15519','APP_RICEV_DU_2017',to_date('18/05/2018 09:27:44','dd/mm/yyyy HH24:MI:SS'),'1696973',null,'S','N',null,'204271905','GNINFA',null);

insert into TDOM_MOVIMENTO (ID_MOVIMENTO, ID_DOMANDA, ID_WORKFLOW, COD_WORKFLOW, DT_MOVIMENTO, ID_ATTO_INIZIO, ID_ATTO_FINE, FG_VALIDO_INIZIO, FG_VALIDO_FINE, ID_REGISTRO, RULE_LOG_ID, UTENTE, NOTE)
values (2314888, 162581, 15679, 'APP_LQDBGG', to_date('11-06-2017 15:59:07', 'dd-mm-yyyy hh24:mi:ss'), null, null, 'S', 'S', null, 209849614, 'GLANZAFAME', null);


-- 7. Popolamento tabella TDOM_MODULO_DECO 
Insert into TDOM_MODULO_DECO (ID_MODULO,COD_SETTORE,SCO_SETTORE,ANNO,COD_TIPO_DOMANDA,SCO_TIPO_DOMANDA,FG_MULTIPLA,COD_FUNZIONE,DT_APERTURA_TER,DT_CHIUSURA_TER,FG_UTE,DT_INIZIO,DT_FINE,FG_VALIDO_INIZIO,FG_VALIDO_FINE,ID_ATTO_INIZIO,ID_ATTO_FINE,ID_STAMPA_MODELLO,DT_INIZIO_IMP,DT_FINE_IMP,DURATA,COD_MODULO) 
values ('303','SETDOM','PI2014','2018','TIPDOM','PI2014','N','DOMGESNODUV',to_date('19/03/2018 00:00:00','dd/mm/yyyy  HH24:MI:SS'),to_date('10/07/2018 00:00:00','dd/mm/yyyy  HH24:MI:SS'),'N',to_date('01/01/2018 00:00:00','dd/mm/yyyy  HH24:MI:SS'),to_date('01/01/9999 00:00:00','dd/mm/yyyy  HH24:MI:SS'),'S','S',null,null,null,to_date('01/01/2018 00:00:00','dd/mm/yyyy  HH24:MI:SS'),to_date('31-12-2018 00:00:00','dd/mm/yyyy  HH24:MI:SS'),'1','BPS_2018');
Insert into TDOM_MODULO_DECO (ID_MODULO,COD_SETTORE,SCO_SETTORE,ANNO,COD_TIPO_DOMANDA,SCO_TIPO_DOMANDA,FG_MULTIPLA,COD_FUNZIONE,DT_APERTURA_TER,DT_CHIUSURA_TER,FG_UTE,DT_INIZIO,DT_FINE,FG_VALIDO_INIZIO,FG_VALIDO_FINE,ID_ATTO_INIZIO,ID_ATTO_FINE,ID_STAMPA_MODELLO,DT_INIZIO_IMP,DT_FINE_IMP,DURATA,COD_MODULO) 
values ('304','SETDOM','PI2014','2018','TIPDOM','P1AR15','N','DOMGESNODUV',to_date('19/03/2018 00:00:00','dd/mm/yyyy  HH24:MI:SS'),to_date('10/07/2018 00:00:00','dd/mm/yyyy  HH24:MI:SS'),'N',to_date('01/01/2018 00:00:00','dd/mm/yyyy  HH24:MI:SS'),to_date('01/01/9999 00:00:00','dd/mm/yyyy  HH24:MI:SS'),'S','S',null,null,null,to_date('01/01/2018 00:00:00','dd/mm/yyyy  HH24:MI:SS'),to_date('31-12-2018 00:00:00','dd/mm/yyyy  HH24:MI:SS'),'1','BPS_ART_15_2018');
Insert into TDOM_MODULO_DECO (ID_MODULO,COD_SETTORE,SCO_SETTORE,ANNO,COD_TIPO_DOMANDA,SCO_TIPO_DOMANDA,FG_MULTIPLA,COD_FUNZIONE,DT_APERTURA_TER,DT_CHIUSURA_TER,FG_UTE,DT_INIZIO,DT_FINE,FG_VALIDO_INIZIO,FG_VALIDO_FINE,ID_ATTO_INIZIO,ID_ATTO_FINE,ID_STAMPA_MODELLO,DT_INIZIO_IMP,DT_FINE_IMP,DURATA,COD_MODULO) 
values ('305','SETDOM','PI2014','2018','TIPDOM','000199','N','DOMGESNODUV',to_date('10/05/2018 00:00:00','dd/mm/yyyy  HH24:MI:SS'),to_date('11/05/2018 00:00:00','dd/mm/yyyy  HH24:MI:SS'),'N',to_date('01/01/2018 00:00:00','dd/mm/yyyy  HH24:MI:SS'),to_date('01/01/9999 00:00:00','dd/mm/yyyy  HH24:MI:SS'),'S','S',null,null,null,to_date('01/01/2018 00:00:00','dd/mm/yyyy  HH24:MI:SS'),to_date('31-12-2018 00:00:00','dd/mm/yyyy  HH24:MI:SS'),null,'BPS_RETT_DIM_2018');
Insert into TDOM_MODULO_DECO (ID_MODULO,COD_SETTORE,SCO_SETTORE,ANNO,COD_TIPO_DOMANDA,SCO_TIPO_DOMANDA,FG_MULTIPLA,COD_FUNZIONE,DT_APERTURA_TER,DT_CHIUSURA_TER,FG_UTE,DT_INIZIO,DT_FINE,FG_VALIDO_INIZIO,FG_VALIDO_FINE,ID_ATTO_INIZIO,ID_ATTO_FINE,ID_STAMPA_MODELLO,DT_INIZIO_IMP,DT_FINE_IMP,DURATA,COD_MODULO) 
values ('306','SETDOM','PI2014','2018','TIPDOM','000200','N','DOMGESNODUV',to_date('10/05/2018 00:00:00','dd/mm/yyyy  HH24:MI:SS'),to_date('11/05/2018 00:00:00','dd/mm/yyyy  HH24:MI:SS'),'N',to_date('01/01/2018 00:00:00','dd/mm/yyyy  HH24:MI:SS'),to_date('01/01/9999 00:00:00','dd/mm/yyyy  HH24:MI:SS'),'S','S',null,null,null,to_date('01/01/2018 00:00:00','dd/mm/yyyy  HH24:MI:SS'),to_date('31-12-2018 00:00:00','dd/mm/yyyy  HH24:MI:SS'),null,'BPS_RETT_AUM_2018');
Insert into TDOM_MODULO_DECO (ID_MODULO,COD_SETTORE,SCO_SETTORE,ANNO,COD_TIPO_DOMANDA,SCO_TIPO_DOMANDA,FG_MULTIPLA,COD_FUNZIONE,DT_APERTURA_TER,DT_CHIUSURA_TER,FG_UTE,DT_INIZIO,DT_FINE,FG_VALIDO_INIZIO,FG_VALIDO_FINE,ID_ATTO_INIZIO,ID_ATTO_FINE,ID_STAMPA_MODELLO,DT_INIZIO_IMP,DT_FINE_IMP,DURATA,COD_MODULO) 
values ('307','SETDOM','PI2014','2018','TIPDOM','000210','N','DOMGESNODUV',to_date('10/05/2018 00:00:00','dd/mm/yyyy  HH24:MI:SS'),to_date('11/05/2018 00:00:00','dd/mm/yyyy  HH24:MI:SS'),'N',to_date('01/01/2018 00:00:00','dd/mm/yyyy  HH24:MI:SS'),to_date('01/01/9999 00:00:00','dd/mm/yyyy  HH24:MI:SS'),'S','S',null,null,null,to_date('01/01/2018 00:00:00','dd/mm/yyyy  HH24:MI:SS'),to_date('31-12-2018 00:00:00','dd/mm/yyyy  HH24:MI:SS'),'1','BPS_RITIRO_2018');
Insert into TDOM_MODULO_DECO (ID_MODULO,COD_SETTORE,SCO_SETTORE,ANNO,COD_TIPO_DOMANDA,SCO_TIPO_DOMANDA,FG_MULTIPLA,COD_FUNZIONE,DT_APERTURA_TER,DT_CHIUSURA_TER,FG_UTE,DT_INIZIO,DT_FINE,FG_VALIDO_INIZIO,FG_VALIDO_FINE,ID_ATTO_INIZIO,ID_ATTO_FINE,ID_STAMPA_MODELLO,DT_INIZIO_IMP,DT_FINE_IMP,DURATA,COD_MODULO) 
values ('308','SETDOM','PI2014','2018','TIPDOM','000211','N','DOMGESNODUV',to_date('10/05/2018 00:00:00','dd/mm/yyyy  HH24:MI:SS'),to_date('11/05/2018 00:00:00','dd/mm/yyyy  HH24:MI:SS'),'N',to_date('01/01/2018 00:00:00','dd/mm/yyyy  HH24:MI:SS'),to_date('01/01/9999 00:00:00','dd/mm/yyyy  HH24:MI:SS'),'S','S',null,null,null,to_date('01/01/2018 00:00:00','dd/mm/yyyy  HH24:MI:SS'),to_date('31-12-2018 00:00:00','dd/mm/yyyy  HH24:MI:SS'),'1','BPS_ERR_PAL_2018');
Insert into TDOM_MODULO_DECO (ID_MODULO,COD_SETTORE,SCO_SETTORE,ANNO,COD_TIPO_DOMANDA,SCO_TIPO_DOMANDA,FG_MULTIPLA,COD_FUNZIONE,DT_APERTURA_TER,DT_CHIUSURA_TER,FG_UTE,DT_INIZIO,DT_FINE,FG_VALIDO_INIZIO,FG_VALIDO_FINE,ID_ATTO_INIZIO,ID_ATTO_FINE,ID_STAMPA_MODELLO,DT_INIZIO_IMP,DT_FINE_IMP,DURATA,COD_MODULO) 
values ('309','SETDOM','PI2014','2018','TIPDOM','000212','N','DOMGESNODUV',to_date('10/05/2018 00:00:00','dd/mm/yyyy  HH24:MI:SS'),to_date('11/05/2018 00:00:00','dd/mm/yyyy  HH24:MI:SS'),'N',to_date('01/01/2018 00:00:00','dd/mm/yyyy  HH24:MI:SS'),to_date('01/01/9999 00:00:00','dd/mm/yyyy  HH24:MI:SS'),'S','S',null,null,null,to_date('01/01/2018 00:00:00','dd/mm/yyyy  HH24:MI:SS'),to_date('31-12-2018 00:00:00','dd/mm/yyyy  HH24:MI:SS'),'1','BPS_CAUSE_2018');
Insert into TDOM_MODULO_DECO (ID_MODULO,COD_SETTORE,SCO_SETTORE,ANNO,COD_TIPO_DOMANDA,SCO_TIPO_DOMANDA,FG_MULTIPLA,COD_FUNZIONE,DT_APERTURA_TER,DT_CHIUSURA_TER,FG_UTE,DT_INIZIO,DT_FINE,FG_VALIDO_INIZIO,FG_VALIDO_FINE,ID_ATTO_INIZIO,ID_ATTO_FINE,ID_STAMPA_MODELLO,DT_INIZIO_IMP,DT_FINE_IMP,DURATA,COD_MODULO) 
values ('310','SETDOM','PI2014','2018','TIPDOM','000213','N','DOMGESNODUV',to_date('10/05/2018 00:00:00','dd/mm/yyyy  HH24:MI:SS'),to_date('11/05/2018 00:00:00','dd/mm/yyyy  HH24:MI:SS'),'N',to_date('01/01/2018 00:00:00','dd/mm/yyyy  HH24:MI:SS'),to_date('01/01/9999 00:00:00','dd/mm/yyyy  HH24:MI:SS'),'S','S',null,null,null,to_date('01/01/2018 00:00:00','dd/mm/yyyy  HH24:MI:SS'),to_date('31-12-2018 00:00:00','dd/mm/yyyy  HH24:MI:SS'),'1','BPS_CESS_AZ_2018');
Insert into TDOM_MODULO_DECO (ID_MODULO,COD_SETTORE,SCO_SETTORE,ANNO,COD_TIPO_DOMANDA,SCO_TIPO_DOMANDA,FG_MULTIPLA,COD_FUNZIONE,DT_APERTURA_TER,DT_CHIUSURA_TER,FG_UTE,DT_INIZIO,DT_FINE,FG_VALIDO_INIZIO,FG_VALIDO_FINE,ID_ATTO_INIZIO,ID_ATTO_FINE,ID_STAMPA_MODELLO,DT_INIZIO_IMP,DT_FINE_IMP,DURATA,COD_MODULO) 
values ('311','SETDOM','PI2014','2018','TIPDOM','RPRZDU','N','DOMGESNODUV',to_date('10/05/2018 00:00:00','dd/mm/yyyy  HH24:MI:SS'),to_date('31/12/2018 23:59:59','dd/mm/yyyy  HH24:MI:SS'),'N',to_date('01/01/2018 00:00:00','dd/mm/yyyy  HH24:MI:SS'),to_date('01/01/9999 00:00:00','dd/mm/yyyy  HH24:MI:SS'),'N','N',null,null,null,to_date('01/01/2018 00:00:00','dd/mm/yyyy  HH24:MI:SS'),to_date('31-12-2018 00:00:00','dd/mm/yyyy  HH24:MI:SS'),'1','BPS_RITPRZ_2018');
Insert into TDOM_MODULO_DECO (ID_MODULO,COD_SETTORE,SCO_SETTORE,ANNO,COD_TIPO_DOMANDA,SCO_TIPO_DOMANDA,FG_MULTIPLA,COD_FUNZIONE,DT_APERTURA_TER,DT_CHIUSURA_TER,FG_UTE,DT_INIZIO,DT_FINE,FG_VALIDO_INIZIO,FG_VALIDO_FINE,ID_ATTO_INIZIO,ID_ATTO_FINE,ID_STAMPA_MODELLO,DT_INIZIO_IMP,DT_FINE_IMP,DURATA,COD_MODULO) 
values ('312','SETDOM','PI2014','2018','TIPDOM','RTOTDU','N','DOMGESNODUV',to_date('10/05/2018 00:00:00','dd/mm/yyyy  HH24:MI:SS'),to_date('11/05/2018 00:00:00','dd/mm/yyyy  HH24:MI:SS'),'N',to_date('01/01/2018 00:00:00','dd/mm/yyyy  HH24:MI:SS'),to_date('01/01/9999 00:00:00','dd/mm/yyyy  HH24:MI:SS'),'N','N',null,null,null,to_date('01/01/2018 00:00:00','dd/mm/yyyy  HH24:MI:SS'),to_date('31-12-2018 00:00:00','dd/mm/yyyy  HH24:MI:SS'),'5','BPS_RITTOT_2018');

Insert into TDOM_MODULO_DECO (ID_MODULO,COD_SETTORE,SCO_SETTORE,ANNO,COD_TIPO_DOMANDA,SCO_TIPO_DOMANDA,FG_MULTIPLA,COD_FUNZIONE,DT_APERTURA_TER,DT_CHIUSURA_TER,FG_UTE,DT_INIZIO,DT_FINE,FG_VALIDO_INIZIO,FG_VALIDO_FINE,ID_ATTO_INIZIO,ID_ATTO_FINE,ID_STAMPA_MODELLO,DT_INIZIO_IMP,DT_FINE_IMP,DURATA,COD_MODULO) 
values ('263','SETDOM','PI2014','2017','TIPDOM','PI2014','N','DOMGESNODUV',to_date('10/03/2017 00:00:00','dd/mm/yyyy  HH24:MI:SS'),to_date('10/07/2017 00:00:00','dd/mm/yyyy  HH24:MI:SS'),'N',to_date('01/01/2017 00:00:00','dd/mm/yyyy  HH24:MI:SS'),to_date('01/01/9999 00:00:00','dd/mm/yyyy  HH24:MI:SS'),'S','S',null,null,null,to_date('01/01/2017 00:00:00','dd/mm/yyyy  HH24:MI:SS'),to_date('31-12-2018 00:00:00','dd/mm/yyyy  HH24:MI:SS'),'1','BPS_2017');


-- Popolamento tabella TDOM_DOMANDA
insert into tdom_domanda (PKID, DT_INSERT, DT_DELETE, ID_SOGGETTO, ID_UTE, ID_DOMANDA, COD_DOMANDA, ID_DOMANDA_RETTIFICATA, ID_MODULO, ID_ENTE, COD_STATO, SCO_STATO, COD_FONTE_DATI, SCO_FONTE_DATI, DT_INIZIO, DT_FINE, FG_VALIDO_INIZIO, FG_VALIDO_FINE, ID_ATTO_INIZIO, ID_ATTO_FINE, DT_ULTIMO_AGG, UTENTE)
values (100, to_date('21/04/2018 15:23:32', 'dd/mm/yyyy hh24:mi:ss'), to_date('22/04/2018 15:23:33', 'dd/mm/yyyy hh24:mi:ss'), 1, null, 183380, null, null, 303, null, 'STADOM', '000000', 'FONDAT', '000001', to_date('26/04/2018 15:23:19', 'dd/mm/yyyy hh24:mi:ss'), to_date('31/12/9999', 'dd/mm/yyyy'), 'N', 'N', null, null, to_date('26-04-2018 15:23:34', 'dd/mm/yyyy hh24:mi:ss'), 'SZUECH');

insert into tdom_domanda (PKID, DT_INSERT, DT_DELETE, ID_SOGGETTO, ID_UTE, ID_DOMANDA, COD_DOMANDA, ID_DOMANDA_RETTIFICATA, ID_MODULO, ID_ENTE, COD_STATO, SCO_STATO, COD_FONTE_DATI, SCO_FONTE_DATI, DT_INIZIO, DT_FINE, FG_VALIDO_INIZIO, FG_VALIDO_FINE, ID_ATTO_INIZIO, ID_ATTO_FINE, DT_ULTIMO_AGG, UTENTE)
values (101, to_date('22/04/2018 15:23:34', 'dd/mm/yyyy hh24:mi:ss'), to_date('23/04/2018 15:25:21', 'dd/mm/yyyy hh24:mi:ss'), 1, null, 183380, null, null, 303, null, 'STADOM', '000001', 'FONDAT', '000001', to_date('26/04/2018 15:23:19', 'dd/mm/yyyy hh24:mi:ss'), to_date('31/12/9999', 'dd/mm/yyyy'), 'N', 'N', null, null, to_date('26-04-2018 15:25:22', 'dd/mm/yyyy hh24:mi:ss'), 'SZUECH');

insert into tdom_domanda (PKID, DT_INSERT, DT_DELETE, ID_SOGGETTO, ID_UTE, ID_DOMANDA, COD_DOMANDA, ID_DOMANDA_RETTIFICATA, ID_MODULO, ID_ENTE, COD_STATO, SCO_STATO, COD_FONTE_DATI, SCO_FONTE_DATI, DT_INIZIO, DT_FINE, FG_VALIDO_INIZIO, FG_VALIDO_FINE, ID_ATTO_INIZIO, ID_ATTO_FINE, DT_ULTIMO_AGG, UTENTE)
values (102, to_date('23/04/2018 15:25:22', 'dd/mm/yyyy hh24:mi:ss'), to_date('24/04/2018 15:25:37', 'dd/mm/yyyy hh24:mi:ss'), 1, null, 183380, null, null, 303, null, 'STADOM', '000003', 'FONDAT', '000001', to_date('26/04/2018 15:23:19', 'dd/mm/yyyy hh24:mi:ss'), to_date('31/12/9999', 'dd/mm/yyyy'), 'N', 'N', null, null, to_date('26-04-2018 15:25:38', 'dd/mm/yyyy hh24:mi:ss'), 'SZUECH');

insert into tdom_domanda (PKID, DT_INSERT, DT_DELETE, ID_SOGGETTO, ID_UTE, ID_DOMANDA, COD_DOMANDA, ID_DOMANDA_RETTIFICATA, ID_MODULO, ID_ENTE, COD_STATO, SCO_STATO, COD_FONTE_DATI, SCO_FONTE_DATI, DT_INIZIO, DT_FINE, FG_VALIDO_INIZIO, FG_VALIDO_FINE, ID_ATTO_INIZIO, ID_ATTO_FINE, DT_ULTIMO_AGG, UTENTE)
values (103, to_date('24/04/2018 15:25:38', 'dd/mm/yyyy hh24:mi:ss'), to_date('26/04/2018 15:26:21', 'dd/mm/yyyy hh24:mi:ss'), 1, null, 183380, null, null, 303, null, 'STADOM', '000010', 'FONDAT', '000001', to_date('26/04/2018 15:23:19', 'dd/mm/yyyy hh24:mi:ss'), to_date('31/12/9999', 'dd/mm/yyyy'), 'N', 'N', null, null, to_date('26-04-2018 15:26:22', 'dd/mm/yyyy hh24:mi:ss'), 'SZUECH');

insert into tdom_domanda (PKID, DT_INSERT, DT_DELETE, ID_SOGGETTO, ID_UTE, ID_DOMANDA, COD_DOMANDA, ID_DOMANDA_RETTIFICATA, ID_MODULO, ID_ENTE, COD_STATO, SCO_STATO, COD_FONTE_DATI, SCO_FONTE_DATI, DT_INIZIO, DT_FINE, FG_VALIDO_INIZIO, FG_VALIDO_FINE, ID_ATTO_INIZIO, ID_ATTO_FINE, DT_ULTIMO_AGG, UTENTE)
values (104, to_date('26/04/2018 15:26:22', 'dd/mm/yyyy hh24:mi:ss'), to_date('31/12/9999', 'dd/mm/yyyy'), 1, null, 183380, null, null, 303, null, 'STADOM', '000015', 'FONDAT', '000001', to_date('26/04/2018 15:23:19', 'dd/mm/yyyy hh24:mi:ss'), to_date('31/12/9999', 'dd/mm/yyyy'), 'N', 'N', null, null, to_date('26-04-2018 15:26:22', 'dd/mm/yyyy hh24:mi:ss'), 'SZUECH');

insert into tdom_domanda (PKID, DT_INSERT, DT_DELETE, ID_SOGGETTO, ID_UTE, ID_DOMANDA, COD_DOMANDA, ID_DOMANDA_RETTIFICATA, ID_MODULO, ID_ENTE, COD_STATO, SCO_STATO, COD_FONTE_DATI, SCO_FONTE_DATI, DT_INIZIO, DT_FINE, FG_VALIDO_INIZIO, FG_VALIDO_FINE, ID_ATTO_INIZIO, ID_ATTO_FINE, DT_ULTIMO_AGG, UTENTE)
values (200, to_date('04/06/2018 14:23:50', 'dd/mm/yyyy hh24:mi:ss'), to_date('04/06/2018 14:23:52', 'dd/mm/yyyy hh24:mi:ss'), 107, null, 188802, null, null, 303, null, 'STADOM', '000000', 'FONDAT', '000001', to_date('04/06/2018 14:23:44', 'dd/mm/yyyy hh24:mi:ss'), to_date('31/12/9999', 'dd/mm/yyyy'), 'N', 'N', null, null, to_date('04-06-2018 14:23:53', 'dd/mm/yyyy hh24:mi:ss'), 'PGHEZZI');

insert into tdom_domanda (PKID, DT_INSERT, DT_DELETE, ID_SOGGETTO, ID_UTE, ID_DOMANDA, COD_DOMANDA, ID_DOMANDA_RETTIFICATA, ID_MODULO, ID_ENTE, COD_STATO, SCO_STATO, COD_FONTE_DATI, SCO_FONTE_DATI, DT_INIZIO, DT_FINE, FG_VALIDO_INIZIO, FG_VALIDO_FINE, ID_ATTO_INIZIO, ID_ATTO_FINE, DT_ULTIMO_AGG, UTENTE)
values (201, to_date('04/06/2018 14:23:53', 'dd/mm/yyyy hh24:mi:ss'), to_date('31/12/9999', 'dd/mm/yyyy'), 107, null, 188802, null, null, 303, null, 'STADOM', '000001', 'FONDAT', '000001', to_date('04/06/2018 14:23:44', 'dd/mm/yyyy hh24:mi:ss'), to_date('31/12/9999', 'dd/mm/yyyy'), 'N', 'N', null, null, to_date('04-06-2018 14:26:53', 'dd/mm/yyyy hh24:mi:ss'), 'PGHEZZI');

insert into tdom_domanda (PKID, DT_INSERT, DT_DELETE, ID_SOGGETTO, ID_UTE, ID_DOMANDA, COD_DOMANDA, ID_DOMANDA_RETTIFICATA, ID_MODULO, ID_ENTE, COD_STATO, SCO_STATO, COD_FONTE_DATI, SCO_FONTE_DATI, DT_INIZIO, DT_FINE, FG_VALIDO_INIZIO, FG_VALIDO_FINE, ID_ATTO_INIZIO, ID_ATTO_FINE, DT_ULTIMO_AGG, UTENTE)
values (202, to_date('04/06/2017 14:23:53', 'dd/mm/yyyy hh24:mi:ss'), to_date('31/12/9999', 'dd/mm/yyyy'), 1, null, 162581, null, null, 263, null, 'STADOM', '000066', 'FONDAT', '000001', to_date('04/06/2017 14:23:44', 'dd/mm/yyyy hh24:mi:ss'), to_date('31/12/9999', 'dd/mm/yyyy'), 'N', 'N', null, null, to_date('04-06-2017 14:26:53', 'dd/mm/yyyy hh24:mi:ss'), 'PGHEZZI');



--Popolamento tabella TWOR_DEF_WORKFLOW_GROUP
insert into TWOR_DEF_WORKFLOW_GROUP (GROUP_ID, COD_ENTITY, SCO_ENTITY, COD_DESC_GRP, SCO_DESC_GRP, DECO_STATUS, DECO_TRANSITIONS, DESCRIPTION, COD_WOR_GROUP)
values (31, 'OGGFAS', '000024', 'WORGRP', 'DOMSTA', 'STADOM', 'MOVDOM', 'Workflow BPS 2018', 'COD_BPS_2018');

--Popolamento tabella TDOM_DEF_WORKFLOW_GROUP
insert into TDOM_DEF_WORKFLOW_GROUP (ID_MODULO, GROUP_ID, COD_CONTEXT, SCO_CONTEXT, DT_START, DT_END)
values (303, 31, 'DOMWCT', 'STANDA', to_date('24/03/2015 16:32:58', 'dd/mm/yyyy hh24:mi:ss'), to_date('31/12/9999', 'dd/mm/yyyy'));

--Popolamento tabella TWOR_DEF_WORKFLOW
insert into TWOR_DEF_WORKFLOW (WORKFLOW_ID, GROUP_ID, FG_SYSTEM_RESTRICTED, AUT_FUNCTION, FG_REFERENCE, COD_STATUS_FROM, SCO_STATUS_FROM, COD_TRANSITION_TO, SCO_TRANSITION_TO, RULE_ID, COD_STATUS_TO, SCO_STATUS_TO, TASK_ID_TO, DT_START, DT_END, WORKFLOW_ID_KO)
values (10001, 31, 0, null, 0, 'STADOM', '000015', 'MOVDOM', 'A4GIST', null, 'STADOM', '000066', null, to_date('31/10/2017 17:04:57', 'dd/mm/yyyy hh24:mi:ss'), to_date('31/12/9999', 'dd/mm/yyyy'), null);

insert into TWOR_DEF_WORKFLOW (WORKFLOW_ID, GROUP_ID, FG_SYSTEM_RESTRICTED, AUT_FUNCTION, FG_REFERENCE, COD_STATUS_FROM, SCO_STATUS_FROM, COD_TRANSITION_TO, SCO_TRANSITION_TO, RULE_ID, COD_STATUS_TO, SCO_STATUS_TO, TASK_ID_TO, DT_START, DT_END, WORKFLOW_ID_KO)
values (10002, 31, 0, null, 0, 'STADOM', '000015', 'MOVDOM', 'NONRIC', null, 'STADOM', '000055', null, to_date('31/10/2017 14:50:14', 'dd/mm/yyyy hh24:mi:ss'), to_date('31/12/9999', 'dd/mm/yyyy'), null);

--Popolamento tabella TWOR_DEF_METADATA
insert into TWOR_DEF_METADATA (WORKFLOW_ID, COD_WORKFLOW, ACT_TYPE_ID, BATCH_ID_TO, ID_DEF_CONTROLLO, FG_OVERWRITE, FG_CLOSE, FG_DELETE)
values (10001, 'APP_A4GIST', null, null, null, 0, 0, 0);

insert into TWOR_DEF_METADATA (WORKFLOW_ID, COD_WORKFLOW, ACT_TYPE_ID, BATCH_ID_TO, ID_DEF_CONTROLLO, FG_OVERWRITE, FG_CLOSE, FG_DELETE)
values (10002, 'NONRIC_DU2018', null, null, null, 0, 0, 0);

--Popolamento tabella TDOM_GRAF_BLACKLIST_CUAA
Insert into TDOM_GRAF_BLACKLIST_CUAA (CUAA,COD_SETTORE,SCO_SETTORE,ANNO,DT_INIZIO_VAL,DT_FINE_VAL,DT_ULTIMO_AGG) 
values ('01753900222','SETDOM','PI2014','2018',to_date('01/01/2018 00:00:00','dd/mm/yyyy hh24:mi:ss'),to_date('31/12/9999 00:00:00','dd/mm/yyyy hh24:mi:ss'),to_date('15/06/2018 00:00:00','dd/mm/yyyy hh24:mi:ss'));
Insert into TDOM_GRAF_BLACKLIST_CUAA (CUAA,COD_SETTORE,SCO_SETTORE,ANNO,DT_INIZIO_VAL,DT_FINE_VAL,DT_ULTIMO_AGG) 
values ('0175390222','SETDOM','PI2014','2018',to_date('01/01/2018 00:00:00','dd/mm/yyyy hh24:mi:ss'),to_date('31/12/9999 00:00:00','dd/mm/yyyy hh24:mi:ss'),to_date('15/06/2018 00:00:00','dd/mm/yyyy hh24:mi:ss'));
Insert into TDOM_GRAF_BLACKLIST_CUAA (CUAA,COD_SETTORE,SCO_SETTORE,ANNO,DT_INIZIO_VAL,DT_FINE_VAL,DT_ULTIMO_AGG) 
values ('01785430222','SETDOM','PI2014','2018',to_date('14/06/2018 00:00:00','dd/mm/yyyy hh24:mi:ss'),to_date('31/12/9999 00:00:00','dd/mm/yyyy hh24:mi:ss'),to_date('14/06/2018 00:00:00','dd/mm/yyyy hh24:mi:ss'));
Insert into TDOM_GRAF_BLACKLIST_CUAA (CUAA,COD_SETTORE,SCO_SETTORE,ANNO,DT_INIZIO_VAL,DT_FINE_VAL,DT_ULTIMO_AGG) 
values ('01933880229','SETDOM','PI2014','2018',to_date('01/01/2018 00:00:00','dd/mm/yyyy hh24:mi:ss'),to_date('31/12/9999 00:00:00','dd/mm/yyyy hh24:mi:ss'),to_date('15/06/2018 00:00:00','dd/mm/yyyy hh24:mi:ss'));
Insert into TDOM_GRAF_BLACKLIST_CUAA (CUAA,COD_SETTORE,SCO_SETTORE,ANNO,DT_INIZIO_VAL,DT_FINE_VAL,DT_ULTIMO_AGG) 
values ('02309890222','SETDOM','PI2014','2018',to_date('01/01/2018 00:00:00','dd/mm/yyyy hh24:mi:ss'),to_date('31/12/9999 00:00:00','dd/mm/yyyy hh24:mi:ss'),to_date('15/06/2018 00:00:00','dd/mm/yyyy hh24:mi:ss'));
Insert into TDOM_GRAF_BLACKLIST_CUAA (CUAA,COD_SETTORE,SCO_SETTORE,ANNO,DT_INIZIO_VAL,DT_FINE_VAL,DT_ULTIMO_AGG) 
values ('BTTLCN42M53H607M','SETDOM','PI2014','2018',to_date('01/01/2018 00:00:00','dd/mm/yyyy hh24:mi:ss'),to_date('31/12/9999 00:00:00','dd/mm/yyyy hh24:mi:ss'),to_date('15/06/2018 00:00:00','dd/mm/yyyy hh24:mi:ss'));
Insert into TDOM_GRAF_BLACKLIST_CUAA (CUAA,COD_SETTORE,SCO_SETTORE,ANNO,DT_INIZIO_VAL,DT_FINE_VAL,DT_ULTIMO_AGG) 
values ('CMPRTR64B23A116I','SETDOM','PI2014','2018',to_date('01/01/2018 00:00:00','dd/mm/yyyy hh24:mi:ss'),to_date('31/12/9999 00:00:00','dd/mm/yyyy hh24:mi:ss'),to_date('15/06/2018 00:00:00','dd/mm/yyyy hh24:mi:ss'));
Insert into TDOM_GRAF_BLACKLIST_CUAA (CUAA,COD_SETTORE,SCO_SETTORE,ANNO,DT_INIZIO_VAL,DT_FINE_VAL,DT_ULTIMO_AGG) 
values ('CTTDNT67M04C111C','SETDOM','PI2014','2018',to_date('01/01/2018 00:00:00','dd/mm/yyyy hh24:mi:ss'),to_date('31/12/9999 00:00:00','dd/mm/yyyy hh24:mi:ss'),to_date('14/06/2018 00:00:00','dd/mm/yyyy hh24:mi:ss'));
Insert into TDOM_GRAF_BLACKLIST_CUAA (CUAA,COD_SETTORE,SCO_SETTORE,ANNO,DT_INIZIO_VAL,DT_FINE_VAL,DT_ULTIMO_AGG) 
values ('VLLCLD79L11L378F','SETDOM','PI2014','2018',to_date('01/01/2018 00:00:00','dd/mm/yyyy hh24:mi:ss'),to_date('31/12/9999 00:00:00','dd/mm/yyyy hh24:mi:ss'),to_date('15/06/2018 00:00:00','dd/mm/yyyy hh24:mi:ss'));
Insert into TDOM_GRAF_BLACKLIST_CUAA (CUAA,COD_SETTORE,SCO_SETTORE,ANNO,DT_INIZIO_VAL,DT_FINE_VAL,DT_ULTIMO_AGG) 
values ('VLNCLD56M20L378E','SETDOM','PI2014','2018',to_date('01/01/2018 00:00:00','dd/mm/yyyy hh24:mi:ss'),to_date('31/12/9999 00:00:00','dd/mm/yyyy hh24:mi:ss'),to_date('15/06/2018 00:00:00','dd/mm/yyyy hh24:mi:ss'));
Insert into TDOM_GRAF_BLACKLIST_CUAA (CUAA,COD_SETTORE,SCO_SETTORE,ANNO,DT_INIZIO_VAL,DT_FINE_VAL,DT_ULTIMO_AGG) 
values ('ZMBFBA66A23H330L','SETDOM','PI2014','2018',to_date('14/06/2018 00:00:00','dd/mm/yyyy hh24:mi:ss'),to_date('31/12/9999 00:00:00','dd/mm/yyyy hh24:mi:ss'),to_date('14/06/2018 00:00:00','dd/mm/yyyy hh24:mi:ss'));
Insert into TDOM_GRAF_BLACKLIST_CUAA (CUAA,COD_SETTORE,SCO_SETTORE,ANNO,DT_INIZIO_VAL,DT_FINE_VAL,DT_ULTIMO_AGG) 
values ('ZMRLSS91R12H612S','SETDOM','PI2014','2018',to_date('01/01/2018 00:00:00','dd/mm/yyyy hh24:mi:ss'),to_date('31/12/9999 00:00:00','dd/mm/yyyy hh24:mi:ss'),to_date('15/06/2018 00:00:00','dd/mm/yyyy hh24:mi:ss'));

--Popolamento tabella TDU_DEF_INTERVENTO
Insert into TDU_DEF_INTERVENTO (ID_INTERVENTO,COD_INTERVENTO,DS_INTERVENTO,DE_INTERVENTO,DT_INIZIO,DT_FINE,ID_GRUPPO,SUP_MINIMA) 
values ('27','027','TITOLI SPECIALI','TITOLI SPECIALI',to_date('01/01/2010 00:00:00','dd/mm/yyyy hh24:mi:ss'),to_date('31/12/9999 00:00:00','dd/mm/yyyy hh24:mi:ss'),'TITSPEC','0');
Insert into TDU_DEF_INTERVENTO (ID_INTERVENTO,COD_INTERVENTO,DS_INTERVENTO,DE_INTERVENTO,DT_INIZIO,DT_FINE,ID_GRUPPO,SUP_MINIMA) 
values ('170','170','LATTE CRUDO DI VACCA','LATTE CRUDO DI VACCA (art.68 reg.(CE) 73/2009 - art.6 D.M. 29/7/2009)',to_date('01/01/2010 00:00:00','dd/mm/yyyy hh24:mi:ss'),to_date('31/12/9999 00:00:00','dd/mm/yyyy hh24:mi:ss'),'ART68','0');
Insert into TDU_DEF_INTERVENTO (ID_INTERVENTO,COD_INTERVENTO,DS_INTERVENTO,DE_INTERVENTO,DT_INIZIO,DT_FINE,ID_GRUPPO,SUP_MINIMA) 
values ('177','177','ASSICURAZIONI COLTURE (NO VITE) E ALLEVAMENTI','ASSICURAZIONE DEL RACCOLTO, DEGLI ANIMALI E DELLE PIANTE (art.68 reg.(CE) 73/2009  art.11 D.M. 29/7/2009)',to_date('01/01/2010 00:00:00','dd/mm/yyyy hh24:mi:ss'),to_date('31/12/9999 00:00:00','dd/mm/yyyy hh24:mi:ss'),'ART68','0');
Insert into TDU_DEF_INTERVENTO (ID_INTERVENTO,COD_INTERVENTO,DS_INTERVENTO,DE_INTERVENTO,DT_INIZIO,DT_FINE,ID_GRUPPO,SUP_MINIMA) 
values ('161','161','VITELLI NATI DA VACCHE NUTRICI PLURIPARE','VITELLI NATI DA VACCHE NUTRICI PLURIPARE (art.68 reg.(CE) 73/2009 - art.3 D.M. 29/7/2009)',to_date('01/01/2010 00:00:00','dd/mm/yyyy hh24:mi:ss'),to_date('31/12/9999 00:00:00','dd/mm/yyyy hh24:mi:ss'),'ZOO','0');
Insert into TDU_DEF_INTERVENTO (ID_INTERVENTO,COD_INTERVENTO,DS_INTERVENTO,DE_INTERVENTO,DT_INIZIO,DT_FINE,ID_GRUPPO,SUP_MINIMA)
values ('181','181','FORAGGERE (CALCOLO DEL CARICO UBA)','FORAGGERE (UTILIZZATE AI FINI DEL CALCOLO DEL CARICO DI UBA)',to_date('01/01/2010 00:00:00','dd/mm/yyyy hh24:mi:ss'),to_date('31/12/9999 00:00:00','dd/mm/yyyy hh24:mi:ss'),'ALTR','0');
Insert into TDU_DEF_INTERVENTO (ID_INTERVENTO,COD_INTERVENTO,DS_INTERVENTO,DE_INTERVENTO,DT_INIZIO,DT_FINE,ID_GRUPPO,SUP_MINIMA) 
values ('16','016','FRUTTA A GUSCIO- CARRUBE - CAPITOLO 4','FRUTTA A GUSCIO- CARRUBE - CAPITOLO 4',to_date('01/01/2010 00:00:00','dd/mm/yyyy hh24:mi:ss'),to_date('31/12/9999 00:00:00','dd/mm/yyyy hh24:mi:ss'),'ALTR','1000');
Insert into TDU_DEF_INTERVENTO (ID_INTERVENTO,COD_INTERVENTO,DS_INTERVENTO,DE_INTERVENTO,DT_INIZIO,DT_FINE,ID_GRUPPO,SUP_MINIMA) 
values ('26','026','DESTINAZIONI TITOLO III, CAP. 3, ART. 44 REG. (CE)','DESTINAZIONI PRODUTTIVE AMMISSIBILI AL REGIME DI PAGAMENTO UNICO - TITOLO III, CAP. 1, ART. 34 REG. (CE) 73/2009',to_date('01/01/2010 00:00:00','dd/mm/yyyy hh24:mi:ss'),to_date('31/12/9999 00:00:00','dd/mm/yyyy hh24:mi:ss'),'TIT','500');
Insert into TDU_DEF_INTERVENTO (ID_INTERVENTO,COD_INTERVENTO,DS_INTERVENTO,DE_INTERVENTO,DT_INIZIO,DT_FINE,ID_GRUPPO,SUP_MINIMA) 
values ('171','171','TABACCO PER LA TRASFORMAZIONE art 7.1 DM29/07/2009','TABACCO PER LA TRASFORMAZIONE (art 7.1 DM 29/07/2009)',to_date('01/01/2010 00:00:00','dd/mm/yyyy hh24:mi:ss'),to_date('31/12/9999 00:00:00','dd/mm/yyyy hh24:mi:ss'),'ALTR','0');
Insert into TDU_DEF_INTERVENTO (ID_INTERVENTO,COD_INTERVENTO,DS_INTERVENTO,DE_INTERVENTO,DT_INIZIO,DT_FINE,ID_GRUPPO,SUP_MINIMA) 
values ('11','011','RISONE - CAPITOLO 3','RISONE - CAPITOLO 3',to_date('01/01/2010 00:00:00','dd/mm/yyyy hh24:mi:ss'),to_date('31/12/9999 00:00:00','dd/mm/yyyy hh24:mi:ss'),'ALTR','3000');
Insert into TDU_DEF_INTERVENTO (ID_INTERVENTO,COD_INTERVENTO,DS_INTERVENTO,DE_INTERVENTO,DT_INIZIO,DT_FINE,ID_GRUPPO,SUP_MINIMA) 
values ('12','012','FRUTTA A GUSCIO- NOCCIOLA - CAPITOLO 4','FRUTTA A GUSCIO- NOCCIOLA - CAPITOLO 4',to_date('01/01/2010 00:00:00','dd/mm/yyyy hh24:mi:ss'),to_date('31/12/9999 00:00:00','dd/mm/yyyy hh24:mi:ss'),'ALTR','1000');
Insert into TDU_DEF_INTERVENTO (ID_INTERVENTO,COD_INTERVENTO,DS_INTERVENTO,DE_INTERVENTO,DT_INIZIO,DT_FINE,ID_GRUPPO,SUP_MINIMA) 
values ('15','015','FRUTTA A GUSCIO- PISTACCHI  - CAPITOLO 4','FRUTTA A GUSCIO- PISTACCHI  - CAPITOLO 4',to_date('01/01/2010 00:00:00','dd/mm/yyyy hh24:mi:ss'),to_date('31/12/9999 00:00:00','dd/mm/yyyy hh24:mi:ss'),'ALTR','1000');
Insert into TDU_DEF_INTERVENTO (ID_INTERVENTO,COD_INTERVENTO,DS_INTERVENTO,DE_INTERVENTO,DT_INIZIO,DT_FINE,ID_GRUPPO,SUP_MINIMA) 
values ('172','172','TABACCO SIGARI -VAR.  NOSTRANO DEL BRENTA','TABACCO PER LA PRODUZIONE DI SIGARI DI QUALITA'' -VAR.  NOSTRANO DEL BRENTA (art. 7.6 DM 29/07/2009)',to_date('01/01/2010 00:00:00','dd/mm/yyyy hh24:mi:ss'),to_date('31/12/9999 00:00:00','dd/mm/yyyy hh24:mi:ss'),'ALTR','0');
Insert into TDU_DEF_INTERVENTO (ID_INTERVENTO,COD_INTERVENTO,DS_INTERVENTO,DE_INTERVENTO,DT_INIZIO,DT_FINE,ID_GRUPPO,SUP_MINIMA) 
values ('173','173','TABACCO SIGARI -VAR. KENTUCKY','TABACCO PER LA PRODUZIONE DI SIGARI DI QUALITA'' - VAR. KENTUCKY (art. 7.6 DM 29/07/2009)',to_date('01/01/2010 00:00:00','dd/mm/yyyy hh24:mi:ss'),to_date('31/12/9999 00:00:00','dd/mm/yyyy hh24:mi:ss'),'ALTR','0');
Insert into TDU_DEF_INTERVENTO (ID_INTERVENTO,COD_INTERVENTO,DS_INTERVENTO,DE_INTERVENTO,DT_INIZIO,DT_FINE,ID_GRUPPO,SUP_MINIMA) 
values ('77','077','DESTINAZIONI TITOLO III - INUTILIZZABILI','DESTINAZIONI PRODUTTIVE AMMISSIBILI AI PREMI TITOLO III - INUTILIZZABILI',to_date('01/01/2010 00:00:00','dd/mm/yyyy hh24:mi:ss'),to_date('31/12/9999 00:00:00','dd/mm/yyyy hh24:mi:ss'),'NOPREMIO','0');
Insert into TDU_DEF_INTERVENTO (ID_INTERVENTO,COD_INTERVENTO,DS_INTERVENTO,DE_INTERVENTO,DT_INIZIO,DT_FINE,ID_GRUPPO,SUP_MINIMA) 
values ('88','088','PRUGNE D''ENTE DA TRASFORMAZIONE','PRUGNE D''ENTE DA TRASFORMAZIONE (art.54 Reg.(CE) 73/2009)',to_date('01/01/2010 00:00:00','dd/mm/yyyy hh24:mi:ss'),to_date('31/12/9999 00:00:00','dd/mm/yyyy hh24:mi:ss'),'ALTR','3000');
Insert into TDU_DEF_INTERVENTO (ID_INTERVENTO,COD_INTERVENTO,DS_INTERVENTO,DE_INTERVENTO,DT_INIZIO,DT_FINE,ID_GRUPPO,SUP_MINIMA) 
values ('176','176','AVVICENDAMENTO BIENNALE - (art. 10 DM29/07/2009)','AVVICENDAMENTO BIENNALE - (art. 10 DM29/07/2009)',to_date('01/01/2010 00:00:00','dd/mm/yyyy hh24:mi:ss'),to_date('31/12/9999 00:00:00','dd/mm/yyyy hh24:mi:ss'),'ALTR','0');
Insert into TDU_DEF_INTERVENTO (ID_INTERVENTO,COD_INTERVENTO,DS_INTERVENTO,DE_INTERVENTO,DT_INIZIO,DT_FINE,ID_GRUPPO,SUP_MINIMA) 
values ('169','169','OLIO EXTRAVERGINE DI OLIVA CERTIFICATO','OLIO EXTRAVERGINE DI OLIVA CERTIFICATO (art.68 Reg.(CE) 73/2009 - art.5 DM 29/7/2009)',to_date('01/01/2010 00:00:00','dd/mm/yyyy hh24:mi:ss'),to_date('31/12/9999 00:00:00','dd/mm/yyyy hh24:mi:ss'),'ALTR','0');
Insert into TDU_DEF_INTERVENTO (ID_INTERVENTO,COD_INTERVENTO,DS_INTERVENTO,DE_INTERVENTO,DT_INIZIO,DT_FINE,ID_GRUPPO,SUP_MINIMA) 
values ('10','010','PIANTE PROTEICHE - CAPITOLO 2','PIANTE PROTEICHE - CAPITOLO 2',to_date('01/01/2010 00:00:00','dd/mm/yyyy hh24:mi:ss'),to_date('31/12/9999 00:00:00','dd/mm/yyyy hh24:mi:ss'),'ALTR','3000');
Insert into TDU_DEF_INTERVENTO (ID_INTERVENTO,COD_INTERVENTO,DS_INTERVENTO,DE_INTERVENTO,DT_INIZIO,DT_FINE,ID_GRUPPO,SUP_MINIMA) 
values ('13','013','FRUTTA A GUSCIO- MANDORLE - CAPITOLO 4','FRUTTA A GUSCIO- MANDORLE - CAPITOLO 4',to_date('01/01/2010 00:00:00','dd/mm/yyyy hh24:mi:ss'),to_date('31/12/9999 00:00:00','dd/mm/yyyy hh24:mi:ss'),'ALTR','1000');
Insert into TDU_DEF_INTERVENTO (ID_INTERVENTO,COD_INTERVENTO,DS_INTERVENTO,DE_INTERVENTO,DT_INIZIO,DT_FINE,ID_GRUPPO,SUP_MINIMA) 
values ('175','175','DANAEE RACEMOSA - (art. 9 DM29/07/2009)','DANAEE RACEMOSA - (art. 9 DM 29/07/2009)',to_date('01/01/2010 00:00:00','dd/mm/yyyy hh24:mi:ss'),to_date('31/12/9999 00:00:00','dd/mm/yyyy hh24:mi:ss'),'ALTR','0');
Insert into TDU_DEF_INTERVENTO (ID_INTERVENTO,COD_INTERVENTO,DS_INTERVENTO,DE_INTERVENTO,DT_INIZIO,DT_FINE,ID_GRUPPO,SUP_MINIMA) 
values ('24','024','SEMENTI CERTIFICATE - CAPITOLO 9','SEMENTI CERTIFICATE - CAPITOLO 9',to_date('01/01/2010 00:00:00','dd/mm/yyyy hh24:mi:ss'),to_date('31/12/9999 00:00:00','dd/mm/yyyy hh24:mi:ss'),'ALTR','3000');
Insert into TDU_DEF_INTERVENTO (ID_INTERVENTO,COD_INTERVENTO,DS_INTERVENTO,DE_INTERVENTO,DT_INIZIO,DT_FINE,ID_GRUPPO,SUP_MINIMA) 
values ('25','025','FORAGGI DA DESTINARE ALLA TRASFORMAZIONE','FORAGGI DA DESTINARE ALLA TRASFORMAZIONE (REG. (CE) N. 1786/2)',to_date('01/01/2010 00:00:00','dd/mm/yyyy hh24:mi:ss'),to_date('31/12/9999 00:00:00','dd/mm/yyyy hh24:mi:ss'),'ALTR','0');
Insert into TDU_DEF_INTERVENTO (ID_INTERVENTO,COD_INTERVENTO,DS_INTERVENTO,DE_INTERVENTO,DT_INIZIO,DT_FINE,ID_GRUPPO,SUP_MINIMA) 
values ('37','037','CANAPA','CANAPA',to_date('01/01/2010 00:00:00','dd/mm/yyyy hh24:mi:ss'),to_date('31/12/9999 00:00:00','dd/mm/yyyy hh24:mi:ss'),'ALTR','0');
Insert into TDU_DEF_INTERVENTO (ID_INTERVENTO,COD_INTERVENTO,DS_INTERVENTO,DE_INTERVENTO,DT_INIZIO,DT_FINE,ID_GRUPPO,SUP_MINIMA) 
values ('14','014','FRUTTA A GUSCIO- NOCI COMUNI  - CAPITOLO 4','FRUTTA A GUSCIO- NOCI COMUNI  - CAPITOLO 4',to_date('01/01/2010 00:00:00','dd/mm/yyyy hh24:mi:ss'),to_date('31/12/9999 00:00:00','dd/mm/yyyy hh24:mi:ss'),'ALTR','1000');
Insert into TDU_DEF_INTERVENTO (ID_INTERVENTO,COD_INTERVENTO,DS_INTERVENTO,DE_INTERVENTO,DT_INIZIO,DT_FINE,ID_GRUPPO,SUP_MINIMA) 
values ('30','030','DESTINAZIONI PRODUTTIVE NON AMMISSIBILI AL RPU','DESTINAZIONI PRODUTTIVE NON AMMISSIBILI AL REGIME DI PAGAMENTO UNICO',to_date('01/01/2010 00:00:00','dd/mm/yyyy hh24:mi:ss'),to_date('31/12/9999 00:00:00','dd/mm/yyyy hh24:mi:ss'),'NOPREMIO','0');
Insert into TDU_DEF_INTERVENTO (ID_INTERVENTO,COD_INTERVENTO,DS_INTERVENTO,DE_INTERVENTO,DT_INIZIO,DT_FINE,ID_GRUPPO,SUP_MINIMA) 
values ('174','174','ZUCCHERO - (art. 8 DM29/07/2009)','ZUCCHERO - (art. 8 DM 29/07/2009)',to_date('01/01/2010 00:00:00','dd/mm/yyyy hh24:mi:ss'),to_date('31/12/9999 00:00:00','dd/mm/yyyy hh24:mi:ss'),'ALTR','0');
Insert into TDU_DEF_INTERVENTO (ID_INTERVENTO,COD_INTERVENTO,DS_INTERVENTO,DE_INTERVENTO,DT_INIZIO,DT_FINE,ID_GRUPPO,SUP_MINIMA) 
values ('31','031','DESTINAZIONI NON PRODUTTIVE','DESTINAZIONI NON PRODUTTIVE ',to_date('01/01/2010 00:00:00','dd/mm/yyyy hh24:mi:ss'),to_date('31/12/9999 00:00:00','dd/mm/yyyy hh24:mi:ss'),'NOPREMIO','0');
Insert into TDU_DEF_INTERVENTO (ID_INTERVENTO,COD_INTERVENTO,DS_INTERVENTO,DE_INTERVENTO,DT_INIZIO,DT_FINE,ID_GRUPPO,SUP_MINIMA) 
values ('160','160','VITELLI NATI DA VACCHE NUTRICI PRIMIPARE','VITELLI NATI DA VACCHE NUTRICI PRIMIPARE (art.68 reg.(CE) 73/2009 - art.3 D.M. 29/7/2009)',to_date('01/01/2010 00:00:00','dd/mm/yyyy hh24:mi:ss'),to_date('31/12/9999 00:00:00','dd/mm/yyyy hh24:mi:ss'),'ZOO','0');
Insert into TDU_DEF_INTERVENTO (ID_INTERVENTO,COD_INTERVENTO,DS_INTERVENTO,DE_INTERVENTO,DT_INIZIO,DT_FINE,ID_GRUPPO,SUP_MINIMA) 
values ('163','163','BOVINI MACELLATI - ETICHETTATURA FACOLTATIVA','BOVINI MACELLATI - ETICHETTATURA FACOLTATIVA (art.68 reg.(CE) 73/2009 - art.3 D.M. 29/7/2009)',to_date('01/01/2010 00:00:00','dd/mm/yyyy hh24:mi:ss'),to_date('31/12/9999 00:00:00','dd/mm/yyyy hh24:mi:ss'),'ZOO','0');
Insert into TDU_DEF_INTERVENTO (ID_INTERVENTO,COD_INTERVENTO,DS_INTERVENTO,DE_INTERVENTO,DT_INIZIO,DT_FINE,ID_GRUPPO,SUP_MINIMA) 
values ('164','164','BOVINI MACELLATI - DOP/IGP O CERTIFICATI','BOVINI MACELLATI - DOP/IGP O CERTIFICATI (art.68 reg.(CE) 73/2009 - art.3 D.M. 29/7/2009)',to_date('01/01/2010 00:00:00','dd/mm/yyyy hh24:mi:ss'),to_date('31/12/9999 00:00:00','dd/mm/yyyy hh24:mi:ss'),'ZOO','0');
Insert into TDU_DEF_INTERVENTO (ID_INTERVENTO,COD_INTERVENTO,DS_INTERVENTO,DE_INTERVENTO,DT_INIZIO,DT_FINE,ID_GRUPPO,SUP_MINIMA) 
values ('165','165','MONTONI ACQUISTATI','MONTONI ACQUISTATI RESISTENTI ALLA TSE (art.68 reg.(CE) 73/2009 - art.4 D.M. 29/7/2009)',to_date('01/01/2010 00:00:00','dd/mm/yyyy hh24:mi:ss'),to_date('31/12/9999 00:00:00','dd/mm/yyyy hh24:mi:ss'),'ZOO','0');
Insert into TDU_DEF_INTERVENTO (ID_INTERVENTO,COD_INTERVENTO,DS_INTERVENTO,DE_INTERVENTO,DT_INIZIO,DT_FINE,ID_GRUPPO,SUP_MINIMA) 
values ('166','166','MONTONI DETENUTI RESISTENTI ALLA TSE','MONTONI DETENUTI RESISTENTI ALLA TSE (art.68 reg.(CE) 73/2009 - art.4 D.M. 29/7/2009)',to_date('01/01/2010 00:00:00','dd/mm/yyyy hh24:mi:ss'),to_date('31/12/9999 00:00:00','dd/mm/yyyy hh24:mi:ss'),'ZOO','0');
Insert into TDU_DEF_INTERVENTO (ID_INTERVENTO,COD_INTERVENTO,DS_INTERVENTO,DE_INTERVENTO,DT_INIZIO,DT_FINE,ID_GRUPPO,SUP_MINIMA) 
values ('167','167','CAPI OVINI E CAPRINI MACELLATI E CERTIFICATI','CAPI OVINI E CAPRINI MACELLATI E CERTIFICATI  (art.68 reg.(CE) 73/2009 - art.4 D.M. 29/7/2009)',to_date('01/01/2010 00:00:00','dd/mm/yyyy hh24:mi:ss'),to_date('31/12/9999 00:00:00','dd/mm/yyyy hh24:mi:ss'),'ZOO','0');
Insert into TDU_DEF_INTERVENTO (ID_INTERVENTO,COD_INTERVENTO,DS_INTERVENTO,DE_INTERVENTO,DT_INIZIO,DT_FINE,ID_GRUPPO,SUP_MINIMA) 
values ('168','168','CAPI OVINI E CAPRINI ALLEVAMENTI ESTENSIVI','CAPI OVINI E CAPRINI ALLEVAMENTI ESTENSIVI  (art.68 reg.(CE) 73/2009 - art.4 D.M. 29/7/2009)',to_date('01/01/2010 00:00:00','dd/mm/yyyy hh24:mi:ss'),to_date('31/12/9999 00:00:00','dd/mm/yyyy hh24:mi:ss'),'ZOO','0');
Insert into TDU_DEF_INTERVENTO (ID_INTERVENTO,COD_INTERVENTO,DS_INTERVENTO,DE_INTERVENTO,DT_INIZIO,DT_FINE,ID_GRUPPO,SUP_MINIMA) 
values ('162','162','VITELLI NATI DA VACCHE NUTRICI DUPLICE ATTITUDINE','VITELLI NATI DA VACCHE NUTRICI DUPLICE ATTITUDINE (art.68 reg.(CE) 73/2009 - art.3 D.M. 29/7/2009)',to_date('01/01/2010 00:00:00','dd/mm/yyyy hh24:mi:ss'),to_date('31/12/9999 00:00:00','dd/mm/yyyy hh24:mi:ss'),'ZOO','0');
Insert into TDU_DEF_INTERVENTO (ID_INTERVENTO,COD_INTERVENTO,DS_INTERVENTO,DE_INTERVENTO,DT_INIZIO,DT_FINE,ID_GRUPPO,SUP_MINIMA) 
values ('1011','BOVINI_MAC_12M','316 Bovini macellati di et 12 - 24 mesi allevati almeno 12 mesi (art.21, c.9)','SETTORE CARNE - BOVINI MACELLATI ALLEVATI PER ALMENO DODICI MESI (ART. 21, COMMA 5)',to_date('03/04/2015 17:51:22','dd/mm/yyyy hh24:mi:ss'),to_date('31/12/9999 00:00:00','dd/mm/yyyy hh24:mi:ss'),'ZOOBPS','0');
Insert into TDU_DEF_INTERVENTO (ID_INTERVENTO,COD_INTERVENTO,DS_INTERVENTO,DE_INTERVENTO,DT_INIZIO,DT_FINE,ID_GRUPPO,SUP_MINIMA) 
values ('1012','BOVINI_MAC_QUAL','317 Bovini macellati di et 12 - 24 mesi + qualit allevati almeno 6 mesi (art.21, c.9)','SETTORE CARNE - BOVINI MACELLATI ALLEVATI PER ALMENO SEI MESI, ADERENTI A SISTEMI DI QUALITA'' (ART. 21, COMMA 5)',to_date('03/04/2015 17:51:22','dd/mm/yyyy hh24:mi:ss'),to_date('31/12/9999 00:00:00','dd/mm/yyyy hh24:mi:ss'),'ZOOBPS','0');
Insert into TDU_DEF_INTERVENTO (ID_INTERVENTO,COD_INTERVENTO,DS_INTERVENTO,DE_INTERVENTO,DT_INIZIO,DT_FINE,ID_GRUPPO,SUP_MINIMA) 
values ('1013','BOVINI_MAC_ETIC','318 Bovini macellati di et 12 - 24 mesi + etichett allevati almeno 6 mesi (art.21, c.9)','SETTORE CARNE - BOVINI MACELLATI ALLEVATI PER ALMENO SEI MESI, ADERENTI A SISTEMI DI ETICHETTATURA (ART. 21, COMMA 5)',to_date('03/04/2015 17:51:22','dd/mm/yyyy hh24:mi:ss'),to_date('31/12/9999 00:00:00','dd/mm/yyyy hh24:mi:ss'),'ZOOBPS','0');
Insert into TDU_DEF_INTERVENTO (ID_INTERVENTO,COD_INTERVENTO,DS_INTERVENTO,DE_INTERVENTO,DT_INIZIO,DT_FINE,ID_GRUPPO,SUP_MINIMA) 
values ('1014','BOVINI_MAC_CERT','319 Bovini macellati di et 12 - 24 mesi + Dop o Igt allevati almeno 6 mesi (art.21, c.9)','SETTORE CARNE - BOVINI MACELLATI ALLEVATI PER ALMENO SEI MESI, CERTIFICATI AI SENSI DEL REG. UE 1151/2012 (ART. 21, COMMA 5)',to_date('03/04/2015 17:51:22','dd/mm/yyyy hh24:mi:ss'),to_date('31/12/9999 00:00:00','dd/mm/yyyy hh24:mi:ss'),'ZOOBPS','0');
Insert into TDU_DEF_INTERVENTO (ID_INTERVENTO,COD_INTERVENTO,DS_INTERVENTO,DE_INTERVENTO,DT_INIZIO,DT_FINE,ID_GRUPPO,SUP_MINIMA) 
values ('1016','BOVINI_VAC_SEL','314 Vacche a duplice attitud. iscritte nel LLGG o RA + adesione gestione della razza (art.21, c.3)','SETTORE CARNE - VACCHE NUTRICI ISCRITTE A LLGG O RA INSERITE IN PIANI SELETTIVI O DI GESTIONE DI RAZZA (ART. 21, COMMA 3)',to_date('03/04/2015 17:51:23','dd/mm/yyyy hh24:mi:ss'),to_date('31/12/9999 00:00:00','dd/mm/yyyy hh24:mi:ss'),'ZOOBPS','0');
Insert into TDU_DEF_INTERVENTO (ID_INTERVENTO,COD_INTERVENTO,DS_INTERVENTO,DE_INTERVENTO,DT_INIZIO,DT_FINE,ID_GRUPPO,SUP_MINIMA) 
values ('1000','LATTE','310 Vacche da latte (art.20, c.1)','SETTORE LATTE - BOVINI DA LATTE (ART. 20, COMMA 1)',to_date('01/01/2015 00:00:00','dd/mm/yyyy hh24:mi:ss'),to_date('31/12/9999 00:00:00','dd/mm/yyyy hh24:mi:ss'),'ZOOBPS','0');
Insert into TDU_DEF_INTERVENTO (ID_INTERVENTO,COD_INTERVENTO,DS_INTERVENTO,DE_INTERVENTO,DT_INIZIO,DT_FINE,ID_GRUPPO,SUP_MINIMA) 
values ('1010','BOVINI_MAC','315 Bovini macellati di et 12 - 24 mesi allevati almeno 6 mesi  (art.21, c.7)','SETTORE CARNE - BOVINI MACELLATI ALLEVATI PER ALMENO SEI MESI (ART. 21 , COMMA 4)',to_date('01/01/2015 00:00:00','dd/mm/yyyy hh24:mi:ss'),to_date('31/12/9999 00:00:00','dd/mm/yyyy hh24:mi:ss'),'ZOOBPS','0');
Insert into TDU_DEF_INTERVENTO (ID_INTERVENTO,COD_INTERVENTO,DS_INTERVENTO,DE_INTERVENTO,DT_INIZIO,DT_FINE,ID_GRUPPO,SUP_MINIMA)
values ('1020','OVICAP_MAC','321 Ovini e caprini macellati (art.22, c.6)','SETTORE OVICAPRINI - CAPI OVINI E CAPRINI IGP MACELLATI (ART. 22, COMMI 5 E  6)',to_date('01/01/2015 00:00:00','dd/mm/yyyy hh24:mi:ss'),to_date('31/12/9999 00:00:00','dd/mm/yyyy hh24:mi:ss'),'ZOOBPS','0');
Insert into TDU_DEF_INTERVENTO (ID_INTERVENTO,COD_INTERVENTO,DS_INTERVENTO,DE_INTERVENTO,DT_INIZIO,DT_FINE,ID_GRUPPO,SUP_MINIMA) 
values ('1015','BOVINI_VAC','313 Vacche nutrici da carne o duplice attitud iscritte LLGG o Reg. razze bovine (art.21, c.1)','SETTORE CARNE - VACCHE NUTRICI ISCRITTE A LLGG O RA (ART. 21, COMMA 1)',to_date('24/03/2015 17:05:38','dd/mm/yyyy hh24:mi:ss'),to_date('31/12/9999 00:00:00','dd/mm/yyyy hh24:mi:ss'),'ZOOBPS','0');
Insert into TDU_DEF_INTERVENTO (ID_INTERVENTO,COD_INTERVENTO,DS_INTERVENTO,DE_INTERVENTO,DT_INIZIO,DT_FINE,ID_GRUPPO,SUP_MINIMA) 
values ('1025','OVICAP_AGN','320 Agnelle da rimonta (art.22, c.1)','SETTORE OVICAPRINI - AGNELLE',to_date('24/03/2015 17:05:38','dd/mm/yyyy hh24:mi:ss'),to_date('31/12/9999 00:00:00','dd/mm/yyyy hh24:mi:ss'),'ZOOBPS','0');
Insert into TDU_DEF_INTERVENTO (ID_INTERVENTO,COD_INTERVENTO,DS_INTERVENTO,DE_INTERVENTO,DT_INIZIO,DT_FINE,ID_GRUPPO,SUP_MINIMA) 
values ('1001','LATTE_BMONT','311 Vacche da latte allevate in zone montane (art.20, c.6)','SETTORE LATTE - BOVINI DA LATTE IN ZONE DI MONTAGNA (ART. 20, COMMA 4)',to_date('24/03/2015 17:23:20','dd/mm/yyyy hh24:mi:ss'),to_date('31/12/9999 00:00:00','dd/mm/yyyy hh24:mi:ss'),'ZOOBPS','0');
Insert into TDU_DEF_INTERVENTO (ID_INTERVENTO,COD_INTERVENTO,DS_INTERVENTO,DE_INTERVENTO,DT_INIZIO,DT_FINE,ID_GRUPPO,SUP_MINIMA) 
values ('1002','LATTE_BUFAL','312 Bufale da latte di et superiore a 30 mesi (art.20, c.9)','SETTORE LATTE - BUFALE DI ETA'' SUPERIORE A DI 30 MESI (ART. 20,  COMMA 7)',to_date('24/03/2015 17:23:20','dd/mm/yyyy hh24:mi:ss'),to_date('31/12/9999 00:00:00','dd/mm/yyyy hh24:mi:ss'),'ZOOBPS','0');
Insert into TDU_DEF_INTERVENTO (ID_INTERVENTO,COD_INTERVENTO,DS_INTERVENTO,DE_INTERVENTO,DT_INIZIO,DT_FINE,ID_GRUPPO,SUP_MINIMA) 
values ('1027','GREEN','GREENING','GREENING',to_date('01/01/2018 00:00:00','dd/mm/yyyy hh24:mi:ss'),to_date('31/12/9999 00:00:00','dd/mm/yyyy hh24:mi:ss'),'GREEN','0');
Insert into TDU_DEF_INTERVENTO (ID_INTERVENTO,COD_INTERVENTO,DS_INTERVENTO,DE_INTERVENTO,DT_INIZIO,DT_FINE,ID_GRUPPO,SUP_MINIMA) 
values ('1026','BOVINI_VAC_NO_ISCR','322 Vacche nutrici no LLGG no RA no iscritte nella BDN come allevamenti da latte (art.21, c.5)','SETTORE CARNE - VACCHE NUTRICI NO LLGG NO RA NO ISCRITTE NELLA BDN COME ALLEVAMENTI DA LATTE (ART.21, C.5)',to_date('01/01/2018 00:00:00','dd/mm/yyyy hh24:mi:ss'),to_date('31/12/9999 00:00:00','dd/mm/yyyy hh24:mi:ss'),'ZOOBPS','0');
Insert into TDU_DEF_INTERVENTO (ID_INTERVENTO,COD_INTERVENTO,DS_INTERVENTO,DE_INTERVENTO,DT_INIZIO,DT_FINE,ID_GRUPPO,SUP_MINIMA) 
values ('1028','077','SUP. NON AMMISSIBILI  -  NON MANTENUTE','DESTINAZIONI NON AMMISSIBILI AL REGIME DI BASE PERCHE'' NON MANTENUTE',to_date('01/01/2018 00:00:00','dd/mm/yyyy hh24:mi:ss'),to_date('31/12/9999 00:00:00','dd/mm/yyyy hh24:mi:ss'),'ALTRE','0');
Insert into TDU_DEF_INTERVENTO (ID_INTERVENTO,COD_INTERVENTO,DS_INTERVENTO,DE_INTERVENTO,DT_INIZIO,DT_FINE,ID_GRUPPO,SUP_MINIMA) 
values ('1029','189','ALTRE SUP. NON AMMISSIBILI','ALTRE DESTINAZIONI NON AMMISSIBILI AL REGIME DI BASE',to_date('01/01/2018 00:00:00','dd/mm/yyyy hh24:mi:ss'),to_date('31/12/9999 00:00:00','dd/mm/yyyy hh24:mi:ss'),'ALTRE','0');

--Popolamento tabella TDES_DEF_DESTINAZIONE
Insert into TDES_DEF_DESTINAZIONE (ID_DESTINAZIONE,COD_DESTINAZIONE,DS_DESTINAZIONE,DE_DESTINAZIONE,DT_INIZIO,DT_FINE,ID_GRUPPO,COD_UNIMIS,SCO_UNIMIS,FG_PARCEL,FG_UNITS_TYPE,MEASURE_ELIGIBLE_FUNC,FG_PREVIEW)
values ('150','OPERA10.1.2.A','10.1 - Impegni agro-climatico-ambientali - Oper. 2 - Gestione delle sup. a pascolo: aiuti a favore dell''alpeggio (Premio Base con Maggiorazione)','10.1 - Impegni agro-climatico-ambientali - Oper. 2 - Gestione delle sup. a pascolo: aiuti a favore dell''alpeggio (Premio Base con Maggiorazione)',to_date('06/10/2014 12:06:03','dd/mm/yyyy hh24:mi:ss'),to_date('31/12/9999 00:00:00','dd/mm/yyyy hh24:mi:ss'),'100','UNIMIS','000007','0','0','template_des_pck.get_sup_dichiarata_piano(:pid_domanda, :id_soggetto, :id_ute_f, :id_destinazione, :id_piano_colture, :sup_dichiarata, :dt_inizio,:dt_funzionale)','0');
Insert into TDES_DEF_DESTINAZIONE (ID_DESTINAZIONE,COD_DESTINAZIONE,DS_DESTINAZIONE,DE_DESTINAZIONE,DT_INIZIO,DT_FINE,ID_GRUPPO,COD_UNIMIS,SCO_UNIMIS,FG_PARCEL,FG_UNITS_TYPE,MEASURE_ELIGIBLE_FUNC,FG_PREVIEW)
values ('1','MIS13','13 - Indennita'' Compensativa - Tutte le Colture tranne olivo e castagno','13 - Indennita'' Compensativa - Tutte le colture tranne olivo e castagno',to_date('06/10/2014 12:06:03','dd/mm/yyyy hh24:mi:ss'),to_date('31/12/9999 00:00:00','dd/mm/yyyy hh24:mi:ss'),'100','UNIMIS','000007','0','0','template_des_pck.get_sup_dichiarata_piano(:pid_domanda, :id_soggetto, :id_ute_f, :id_destinazione, :id_piano_colture, :sup_dichiarata, :dt_inizio,:dt_funzionale)','0');
Insert into TDES_DEF_DESTINAZIONE (ID_DESTINAZIONE,COD_DESTINAZIONE,DS_DESTINAZIONE,DE_DESTINAZIONE,DT_INIZIO,DT_FINE,ID_GRUPPO,COD_UNIMIS,SCO_UNIMIS,FG_PARCEL,FG_UNITS_TYPE,MEASURE_ELIGIBLE_FUNC,FG_PREVIEW)
values ('2','MIS131','13 - Indennita'' Compensativa - Olivo e castagno','13 - Indennita'' Compensativa - Olivo e castagno',to_date('06/10/2014 12:06:03','dd/mm/yyyy hh24:mi:ss'),to_date('31/12/9999 00:00:00','dd/mm/yyyy hh24:mi:ss'),'100','UNIMIS','000007','0','0','template_des_pck.get_sup_dichiarata_piano(:pid_domanda, :id_soggetto, :id_ute_f, :id_destinazione, :id_piano_colture, :sup_dichiarata, :dt_inizio,:dt_funzionale)','0');
Insert into TDES_DEF_DESTINAZIONE (ID_DESTINAZIONE,COD_DESTINAZIONE,DS_DESTINAZIONE,DE_DESTINAZIONE,DT_INIZIO,DT_FINE,ID_GRUPPO,COD_UNIMIS,SCO_UNIMIS,FG_PARCEL,FG_UNITS_TYPE,MEASURE_ELIGIBLE_FUNC,FG_PREVIEW)
values ('3','OPERA10.1.1','10.1 - Impegni agro-climatico-ambientali - Oper. 1 - Gestione dei prati: miglioramento della biodiversit (Prati ricchi di specie)','10.1 - Impegni agro-climatico-ambientali - Oper. 1 - Gestione dei prati: miglioramento della biodiversit (Prati ricchi di specie)',to_date('06/10/2014 12:06:03','dd/mm/yyyy hh24:mi:ss'),to_date('31/12/9999 00:00:00','dd/mm/yyyy hh24:mi:ss'),'101','UNIMIS','000007','0','0','template_des_pck.get_sup_dichiarata_piano(:pid_domanda, :id_soggetto, :id_ute_f, :id_destinazione, :id_piano_colture, :sup_dichiarata, :dt_inizio,:dt_funzionale)','0');
Insert into TDES_DEF_DESTINAZIONE (ID_DESTINAZIONE,COD_DESTINAZIONE,DS_DESTINAZIONE,DE_DESTINAZIONE,DT_INIZIO,DT_FINE,ID_GRUPPO,COD_UNIMIS,SCO_UNIMIS,FG_PARCEL,FG_UNITS_TYPE,MEASURE_ELIGIBLE_FUNC,FG_PREVIEW)
values ('4','OPERA10.1.1.A','10.1 - Impegni agro-climatico-ambientali - Oper. 1 - Gestione dei prati: miglioramento della biodiversit (Prati di fondovalle)','10.1 - Impegni agro-climatico-ambientali - Oper. 1 - Gestione dei prati: miglioramento della biodiversit (Prati di fondovalle)',to_date('06/10/2014 12:06:03','dd/mm/yyyy hh24:mi:ss'),to_date('31/12/9999 00:00:00','dd/mm/yyyy hh24:mi:ss'),'101','UNIMIS','000007','0','0','template_des_pck.get_sup_dichiarata_piano(:pid_domanda, :id_soggetto, :id_ute_f, :id_destinazione, :id_piano_colture, :sup_dichiarata, :dt_inizio,:dt_funzionale)','0');
Insert into TDES_DEF_DESTINAZIONE (ID_DESTINAZIONE,COD_DESTINAZIONE,DS_DESTINAZIONE,DE_DESTINAZIONE,DT_INIZIO,DT_FINE,ID_GRUPPO,COD_UNIMIS,SCO_UNIMIS,FG_PARCEL,FG_UNITS_TYPE,MEASURE_ELIGIBLE_FUNC,FG_PREVIEW)
values ('5','OPERA10.1.2','10.1 - Impegni agro-climatico-ambientali - Oper. 2 - Gestione delle superfici a pascolo: aiuti a favore dell''alpeggio','10.1 - Impegni agro-climatico-ambientali - Oper. 2 - Gestione delle superfici a pascolo: aiuti a favore dell''alpeggio',to_date('06/10/2014 12:06:03','dd/mm/yyyy hh24:mi:ss'),to_date('31/12/9999 00:00:00','dd/mm/yyyy hh24:mi:ss'),'100','UNIMIS','000007','0','0','template_des_pck.get_sup_dichiarata_piano(:pid_domanda, :id_soggetto, :id_ute_f, :id_destinazione, :id_piano_colture, :sup_dichiarata, :dt_inizio,:dt_funzionale)','0');
Insert into TDES_DEF_DESTINAZIONE (ID_DESTINAZIONE,COD_DESTINAZIONE,DS_DESTINAZIONE,DE_DESTINAZIONE,DT_INIZIO,DT_FINE,ID_GRUPPO,COD_UNIMIS,SCO_UNIMIS,FG_PARCEL,FG_UNITS_TYPE,MEASURE_ELIGIBLE_FUNC,FG_PREVIEW)
values ('6','OPERA10.1.1.B','10.1 - Impegni agro-climatico-ambientali - Oper. 1 - Gestione dei prati: miglioramento della biodiversit (Prati di versante)','10.1 - Impegni agro-climatico-ambientali - Oper. 1 - Gestione dei prati: miglioramento della biodiversit (Prati di versante)',to_date('06/10/2014 12:06:03','dd/mm/yyyy hh24:mi:ss'),to_date('31/12/9999 00:00:00','dd/mm/yyyy hh24:mi:ss'),'101','UNIMIS','000007','0','0','template_des_pck.get_sup_dichiarata_piano(:pid_domanda, :id_soggetto, :id_ute_f, :id_destinazione, :id_piano_colture, :sup_dichiarata, :dt_inizio,:dt_funzionale)','0');
Insert into TDES_DEF_DESTINAZIONE (ID_DESTINAZIONE,COD_DESTINAZIONE,DS_DESTINAZIONE,DE_DESTINAZIONE,DT_INIZIO,DT_FINE,ID_GRUPPO,COD_UNIMIS,SCO_UNIMIS,FG_PARCEL,FG_UNITS_TYPE,MEASURE_ELIGIBLE_FUNC,FG_PREVIEW)
values ('7','OPERA10.2.2','10.2 - Conservazione, uso sostenibile e sviluppo di risorse genetiche - Oper. 1 - Specie vegetali a rischio di erosione','10.2 - Conservazione, uso sostenibile e sviluppo di risorse genetiche - Oper. 1 - Specie vegetali a rischio di erosione',to_date('06/10/2014 12:06:03','dd/mm/yyyy hh24:mi:ss'),to_date('31/12/9999 00:00:00','dd/mm/yyyy hh24:mi:ss'),'100','UNIMIS','000007','0','0','template_des_pck.get_sup_dichiarata_piano(:pid_domanda, :id_soggetto, :id_ute_f, :id_destinazione, :id_piano_colture, :sup_dichiarata, :dt_inizio,:dt_funzionale)','0');
Insert into TDES_DEF_DESTINAZIONE (ID_DESTINAZIONE,COD_DESTINAZIONE,DS_DESTINAZIONE,DE_DESTINAZIONE,DT_INIZIO,DT_FINE,ID_GRUPPO,COD_UNIMIS,SCO_UNIMIS,FG_PARCEL,FG_UNITS_TYPE,MEASURE_ELIGIBLE_FUNC,FG_PREVIEW)
values ('14','OPERA11.1.1.A','11.1 - Agricoltura Biologica - Oper. 1 - Sostegno all''introduzione del metodo biologico - Altre Colture','11.1 - Agricoltura Biologica - Oper. 1 - Sostegno all''introduzione del metodo biologico - Altre Colture',to_date('06/10/2014 12:06:03','dd/mm/yyyy hh24:mi:ss'),to_date('31/12/9999 00:00:00','dd/mm/yyyy hh24:mi:ss'),'100','UNIMIS','000007','0','0','template_des_pck.get_sup_dichiarata_piano(:pid_domanda, :id_soggetto, :id_ute_f, :id_destinazione, :id_piano_colture, :sup_dichiarata, :dt_inizio,:dt_funzionale)','0');
Insert into TDES_DEF_DESTINAZIONE (ID_DESTINAZIONE,COD_DESTINAZIONE,DS_DESTINAZIONE,DE_DESTINAZIONE,DT_INIZIO,DT_FINE,ID_GRUPPO,COD_UNIMIS,SCO_UNIMIS,FG_PARCEL,FG_UNITS_TYPE,MEASURE_ELIGIBLE_FUNC,FG_PREVIEW)
values ('15','OPERA11.1.1.B','11.1 - Agricoltura Biologica - Oper. 1 - Sostegno all''introduzione del metodo biologico - Prato','11.1 - Agricoltura Biologica - Oper. 1 - Sostegno all''introduzione del metodo biologico',to_date('06/10/2014 12:06:03','dd/mm/yyyy hh24:mi:ss'),to_date('31/12/9999 00:00:00','dd/mm/yyyy hh24:mi:ss'),'100','UNIMIS','000007','0','0','template_des_pck.get_sup_dichiarata_piano(:pid_domanda, :id_soggetto, :id_ute_f, :id_destinazione, :id_piano_colture, :sup_dichiarata, :dt_inizio,:dt_funzionale)','0');
Insert into TDES_DEF_DESTINAZIONE (ID_DESTINAZIONE,COD_DESTINAZIONE,DS_DESTINAZIONE,DE_DESTINAZIONE,DT_INIZIO,DT_FINE,ID_GRUPPO,COD_UNIMIS,SCO_UNIMIS,FG_PARCEL,FG_UNITS_TYPE,MEASURE_ELIGIBLE_FUNC,FG_PREVIEW)
values ('16','OPERA11.2.1.A','11.2 - Agricoltura Biologica - Oper. 1 - Mantenimento del metodo biologico - Altre Colture','11.2 - Agricoltura Biologica - Oper. 1 - Mantenimento del metodo biologico - Altre Colture',to_date('06/10/2014 12:06:03','dd/mm/yyyy hh24:mi:ss'),to_date('31/12/9999 00:00:00','dd/mm/yyyy hh24:mi:ss'),'100','UNIMIS','000007','0','0','template_des_pck.get_sup_dichiarata_piano(:pid_domanda, :id_soggetto, :id_ute_f, :id_destinazione, :id_piano_colture, :sup_dichiarata, :dt_inizio,:dt_funzionale)','0');
Insert into TDES_DEF_DESTINAZIONE (ID_DESTINAZIONE,COD_DESTINAZIONE,DS_DESTINAZIONE,DE_DESTINAZIONE,DT_INIZIO,DT_FINE,ID_GRUPPO,COD_UNIMIS,SCO_UNIMIS,FG_PARCEL,FG_UNITS_TYPE,MEASURE_ELIGIBLE_FUNC,FG_PREVIEW)
values ('17','OPERA11.2.1.B','11.2 - Agricoltura Biologica - Oper. 1 - Mantenimento del metodo biologico - Prato','11.2 - Agricoltura Biologica - Oper. 1 - Mantenimento del metodo biologico - Prato',to_date('06/10/2014 12:06:03','dd/mm/yyyy hh24:mi:ss'),to_date('31/12/9999 00:00:00','dd/mm/yyyy hh24:mi:ss'),'100','UNIMIS','000007','0','0','template_des_pck.get_sup_dichiarata_piano(:pid_domanda, :id_soggetto, :id_ute_f, :id_destinazione, :id_piano_colture, :sup_dichiarata, :dt_inizio,:dt_funzionale)','0');
Insert into TDES_DEF_DESTINAZIONE (ID_DESTINAZIONE,COD_DESTINAZIONE,DS_DESTINAZIONE,DE_DESTINAZIONE,DT_INIZIO,DT_FINE,ID_GRUPPO,COD_UNIMIS,SCO_UNIMIS,FG_PARCEL,FG_UNITS_TYPE,MEASURE_ELIGIBLE_FUNC,FG_PREVIEW)
values ('18','BPS1','IMPEGNO TITOLI','IMPEGNO TITOLI',to_date('01/12/2014 00:00:00','dd/mm/yyyy hh24:mi:ss'),to_date('31/12/9999 00:00:00','dd/mm/yyyy hh24:mi:ss'),'BPS','UNIMIS','000007','0','0',null,'1');
Insert into TDES_DEF_DESTINAZIONE (ID_DESTINAZIONE,COD_DESTINAZIONE,DS_DESTINAZIONE,DE_DESTINAZIONE,DT_INIZIO,DT_FINE,ID_GRUPPO,COD_UNIMIS,SCO_UNIMIS,FG_PARCEL,FG_UNITS_TYPE,MEASURE_ELIGIBLE_FUNC,FG_PREVIEW)
values ('19','OLIO','OLIVETI','OLIVETI',to_date('01/12/2014 00:00:00','dd/mm/yyyy hh24:mi:ss'),to_date('31/12/9999 00:00:00','dd/mm/yyyy hh24:mi:ss'),'PACC','UNIMIS','000007','0','0',null,'1');
Insert into TDES_DEF_DESTINAZIONE (ID_DESTINAZIONE,COD_DESTINAZIONE,DS_DESTINAZIONE,DE_DESTINAZIONE,DT_INIZIO,DT_FINE,ID_GRUPPO,COD_UNIMIS,SCO_UNIMIS,FG_PARCEL,FG_UNITS_TYPE,MEASURE_ELIGIBLE_FUNC,FG_PREVIEW)
values ('20','GDURO','FRUMENTO DURO','FRUMENTO DURO',to_date('01/12/2014 00:00:00','dd/mm/yyyy hh24:mi:ss'),to_date('31/12/9999 00:00:00','dd/mm/yyyy hh24:mi:ss'),'PACC','UNIMIS','000007','0','0',null,'1');
Insert into TDES_DEF_DESTINAZIONE (ID_DESTINAZIONE,COD_DESTINAZIONE,DS_DESTINAZIONE,DE_DESTINAZIONE,DT_INIZIO,DT_FINE,ID_GRUPPO,COD_UNIMIS,SCO_UNIMIS,FG_PARCEL,FG_UNITS_TYPE,MEASURE_ELIGIBLE_FUNC,FG_PREVIEW)
values ('21','CPROT','COLTURE PROTEAGINOSE, LEGUMINOSE DA GRANELLA E ERBAI ANNUALI DI SOLE LEGUMINOSE','COLTURE PROTEAGINOSE, LEGUMINOSE DA GRANELLA E ERBAI ANNUALI DI SOLE LEGUMINOSE',to_date('01/12/2014 00:00:00','dd/mm/yyyy hh24:mi:ss'),to_date('31/12/9999 00:00:00','dd/mm/yyyy hh24:mi:ss'),'PACC','UNIMIS','000007','0','0',null,'1');
Insert into TDES_DEF_DESTINAZIONE (ID_DESTINAZIONE,COD_DESTINAZIONE,DS_DESTINAZIONE,DE_DESTINAZIONE,DT_INIZIO,DT_FINE,ID_GRUPPO,COD_UNIMIS,SCO_UNIMIS,FG_PARCEL,FG_UNITS_TYPE,MEASURE_ELIGIBLE_FUNC,FG_PREVIEW)
values ('22','RISONE','RISONE','RISONE',to_date('01/12/2014 00:00:00','dd/mm/yyyy hh24:mi:ss'),to_date('31/12/9999 00:00:00','dd/mm/yyyy hh24:mi:ss'),'PACC','UNIMIS','000007','0','0',null,'1');
Insert into TDES_DEF_DESTINAZIONE (ID_DESTINAZIONE,COD_DESTINAZIONE,DS_DESTINAZIONE,DE_DESTINAZIONE,DT_INIZIO,DT_FINE,ID_GRUPPO,COD_UNIMIS,SCO_UNIMIS,FG_PARCEL,FG_UNITS_TYPE,MEASURE_ELIGIBLE_FUNC,FG_PREVIEW)
values ('23','BARBAB','BARBABIETOLA DA ZUCCHERO','BARBABIETOLA DA ZUCCHERO',to_date('01/12/2014 00:00:00','dd/mm/yyyy hh24:mi:ss'),to_date('31/12/9999 00:00:00','dd/mm/yyyy hh24:mi:ss'),'PACC','UNIMIS','000007','0','0',null,'1');
Insert into TDES_DEF_DESTINAZIONE (ID_DESTINAZIONE,COD_DESTINAZIONE,DS_DESTINAZIONE,DE_DESTINAZIONE,DT_INIZIO,DT_FINE,ID_GRUPPO,COD_UNIMIS,SCO_UNIMIS,FG_PARCEL,FG_UNITS_TYPE,MEASURE_ELIGIBLE_FUNC,FG_PREVIEW)
values ('24','POMOD','POMODORO DA TRASFORMAZIONE','POMODORO DA TRASFORMAZIONE',to_date('01/12/2014 00:00:00','dd/mm/yyyy hh24:mi:ss'),to_date('31/12/9999 00:00:00','dd/mm/yyyy hh24:mi:ss'),'PACC','UNIMIS','000007','0','0',null,'1');
Insert into TDES_DEF_DESTINAZIONE (ID_DESTINAZIONE,COD_DESTINAZIONE,DS_DESTINAZIONE,DE_DESTINAZIONE,DT_INIZIO,DT_FINE,ID_GRUPPO,COD_UNIMIS,SCO_UNIMIS,FG_PARCEL,FG_UNITS_TYPE,MEASURE_ELIGIBLE_FUNC,FG_PREVIEW)
values ('25','FORAG','FORAGGERE (CARICO DI UBA)','FORAGGERE (CARICO DI UBA)',to_date('01/12/2014 00:00:00','dd/mm/yyyy hh24:mi:ss'),to_date('01/12/2014 00:00:00','dd/mm/yyyy hh24:mi:ss'),'PACC','UNIMIS','000007','0','0',null,'0');
Insert into TDES_DEF_DESTINAZIONE (ID_DESTINAZIONE,COD_DESTINAZIONE,DS_DESTINAZIONE,DE_DESTINAZIONE,DT_INIZIO,DT_FINE,ID_GRUPPO,COD_UNIMIS,SCO_UNIMIS,FG_PARCEL,FG_UNITS_TYPE,MEASURE_ELIGIBLE_FUNC,FG_PREVIEW)
values ('26','SOIA','SOIA','SOIA',to_date('03/03/2015 17:34:45','dd/mm/yyyy hh24:mi:ss'),to_date('31/12/9999 00:00:00','dd/mm/yyyy hh24:mi:ss'),'PACC','UNIMIS','000007','0','0',null,'1');
Insert into TDES_DEF_DESTINAZIONE (ID_DESTINAZIONE,COD_DESTINAZIONE,DS_DESTINAZIONE,DE_DESTINAZIONE,DT_INIZIO,DT_FINE,ID_GRUPPO,COD_UNIMIS,SCO_UNIMIS,FG_PARCEL,FG_UNITS_TYPE,MEASURE_ELIGIBLE_FUNC,FG_PREVIEW)
values ('28','OVICAP_AGN','SETTORE OVICAPRINI - AGNELLE DA RIMONTA (ART. 22, COMMA 2)','SETTORE OVICAPRINI - AGNELLE DA RIMONTA (ART. 22, COMMA 2)',to_date('04/03/2015 10:48:25','dd/mm/yyyy hh24:mi:ss'),to_date('31/12/9999 00:00:00','dd/mm/yyyy hh24:mi:ss'),'ZOOBPS','UNIMIS','000000','-1','-1',null,'0');
Insert into TDES_DEF_DESTINAZIONE (ID_DESTINAZIONE,COD_DESTINAZIONE,DS_DESTINAZIONE,DE_DESTINAZIONE,DT_INIZIO,DT_FINE,ID_GRUPPO,COD_UNIMIS,SCO_UNIMIS,FG_PARCEL,FG_UNITS_TYPE,MEASURE_ELIGIBLE_FUNC,FG_PREVIEW)
values ('29','OVICAP_MAC','SETTORE OVICAPRINI - CAPI OVINI E CAPRINI IGP MACELLATI (ART. 22, COMMI 5 E  6)','SETTORE OVICAPRINI - CAPI OVINI E CAPRINI IGP MACELLATI (ART. 22, COMMI 5 E  6)',to_date('04/03/2015 10:48:25','dd/mm/yyyy hh24:mi:ss'),to_date('31/12/9999 00:00:00','dd/mm/yyyy hh24:mi:ss'),'ZOOBPS','UNIMIS','000000','-1','-1',null,'0');
Insert into TDES_DEF_DESTINAZIONE (ID_DESTINAZIONE,COD_DESTINAZIONE,DS_DESTINAZIONE,DE_DESTINAZIONE,DT_INIZIO,DT_FINE,ID_GRUPPO,COD_UNIMIS,SCO_UNIMIS,FG_PARCEL,FG_UNITS_TYPE,MEASURE_ELIGIBLE_FUNC,FG_PREVIEW)
values ('30','BOVINI_VAC','SETTORE CARNE - VACCHE NUTRICI ISCRITTE A LLGG O RA (ART. 21, COMMA 1)','SETTORE CARNE - VACCHE NUTRICI ISCRITTE A LLGG O RA (ART. 21, COMMA 1)',to_date('04/03/2015 10:48:25','dd/mm/yyyy hh24:mi:ss'),to_date('31/12/9999 00:00:00','dd/mm/yyyy hh24:mi:ss'),'ZOOBPS','UNIMIS','000000','-1','-1',null,'0');
Insert into TDES_DEF_DESTINAZIONE (ID_DESTINAZIONE,COD_DESTINAZIONE,DS_DESTINAZIONE,DE_DESTINAZIONE,DT_INIZIO,DT_FINE,ID_GRUPPO,COD_UNIMIS,SCO_UNIMIS,FG_PARCEL,FG_UNITS_TYPE,MEASURE_ELIGIBLE_FUNC,FG_PREVIEW)
values ('31','BOVINI_MAC','SETTORE CARNE - BOVINI MACELLATI (ART. 21 , COMMA 4)','SETTORE CARNE - BOVINI MACELLATI (ART. 21 , COMMA 4)',to_date('04/03/2015 10:48:25','dd/mm/yyyy hh24:mi:ss'),to_date('31/12/9999 00:00:00','dd/mm/yyyy hh24:mi:ss'),'ZOOBPS','UNIMIS','000000','-1','-1',null,'0');
Insert into TDES_DEF_DESTINAZIONE (ID_DESTINAZIONE,COD_DESTINAZIONE,DS_DESTINAZIONE,DE_DESTINAZIONE,DT_INIZIO,DT_FINE,ID_GRUPPO,COD_UNIMIS,SCO_UNIMIS,FG_PARCEL,FG_UNITS_TYPE,MEASURE_ELIGIBLE_FUNC,FG_PREVIEW)
values ('32','LATTE','SETTORE LATTE - BOVINI DA LATTE (ART. 20, COMMA 1)','SETTORE LATTE - BOVINI DA LATTE (ART. 20, COMMA 1)',to_date('04/03/2015 10:48:25','dd/mm/yyyy hh24:mi:ss'),to_date('31/12/9999 00:00:00','dd/mm/yyyy hh24:mi:ss'),'ZOOBPS','UNIMIS','000000','-1','-1',null,'0');
Insert into TDES_DEF_DESTINAZIONE (ID_DESTINAZIONE,COD_DESTINAZIONE,DS_DESTINAZIONE,DE_DESTINAZIONE,DT_INIZIO,DT_FINE,ID_GRUPPO,COD_UNIMIS,SCO_UNIMIS,FG_PARCEL,FG_UNITS_TYPE,MEASURE_ELIGIBLE_FUNC,FG_PREVIEW)
values ('33','OLIVE_DISC','OLIVI QUALITA'' - RISPETTO DI UN DISCIPLINARE DI PRODUZIONE','OLIVI QUALITA'' - RISPETTO DI UN DISCIPLINARE DI PRODUZIONE',to_date('13/03/2015 16:36:52','dd/mm/yyyy hh24:mi:ss'),to_date('31/12/9999 00:00:00','dd/mm/yyyy hh24:mi:ss'),'PACC','UNIMIS','000007','0','0',null,'1');
Insert into TDES_DEF_DESTINAZIONE (ID_DESTINAZIONE,COD_DESTINAZIONE,DS_DESTINAZIONE,DE_DESTINAZIONE,DT_INIZIO,DT_FINE,ID_GRUPPO,COD_UNIMIS,SCO_UNIMIS,FG_PARCEL,FG_UNITS_TYPE,MEASURE_ELIGIBLE_FUNC,FG_PREVIEW)
values ('34','OLIVE_BIO','OLIVI QUALITA'' - PRODUZIONI BIOLOGICHE','OLIVI QUALITA'' - PRODUZIONI BIOLOGICHE',to_date('13/03/2015 16:36:52','dd/mm/yyyy hh24:mi:ss'),to_date('11/05/2015 19:05:38','dd/mm/yyyy hh24:mi:ss'),'PACC','UNIMIS','000007','0','0',null,'0');
Insert into TDES_DEF_DESTINAZIONE (ID_DESTINAZIONE,COD_DESTINAZIONE,DS_DESTINAZIONE,DE_DESTINAZIONE,DT_INIZIO,DT_FINE,ID_GRUPPO,COD_UNIMIS,SCO_UNIMIS,FG_PARCEL,FG_UNITS_TYPE,MEASURE_ELIGIBLE_FUNC,FG_PREVIEW)
values ('35','LEGUMIN','LEGUMINOSE DA GRANELLA E ERBAI ANNUALI DI SOLE LEGUMINOSE','LEGUMINOSE DA GRANELLA E ERBAI ANNUALI DI SOLE LEGUMINOSE',to_date('24/03/2015 10:36:16','dd/mm/yyyy hh24:mi:ss'),to_date('31/12/9999 00:00:00','dd/mm/yyyy hh24:mi:ss'),'PACC','UNIMIS','000007','0','0',null,'1');
Insert into TDES_DEF_DESTINAZIONE (ID_DESTINAZIONE,COD_DESTINAZIONE,DS_DESTINAZIONE,DE_DESTINAZIONE,DT_INIZIO,DT_FINE,ID_GRUPPO,COD_UNIMIS,SCO_UNIMIS,FG_PARCEL,FG_UNITS_TYPE,MEASURE_ELIGIBLE_FUNC,FG_PREVIEW)
values ('36','LATTE_BMONT','SETTORE LATTE - BOVINI DA LATTE IN ZONE DI MONTAGNA (ART. 20, COMMA 4)','SETTORE LATTE - BOVINI DA LATTE IN ZONE DI MONTAGNA (ART. 20, COMMA 4)',to_date('24/03/2015 10:49:54','dd/mm/yyyy hh24:mi:ss'),to_date('31/12/9999 00:00:00','dd/mm/yyyy hh24:mi:ss'),'ZOOBPS','UNIMIS','000000','-1','-1',null,'0');
Insert into TDES_DEF_DESTINAZIONE (ID_DESTINAZIONE,COD_DESTINAZIONE,DS_DESTINAZIONE,DE_DESTINAZIONE,DT_INIZIO,DT_FINE,ID_GRUPPO,COD_UNIMIS,SCO_UNIMIS,FG_PARCEL,FG_UNITS_TYPE,MEASURE_ELIGIBLE_FUNC,FG_PREVIEW)
values ('37','LATTE_BUFAL','SETTORE LATTE - BUFALE DI ETA'' SUPERIORE A DI 30 MESI (ART. 20,  COMMA 7)','SETTORE LATTE - BUFALE DI ETA'' SUPERIORE A DI 30 MESI (ART. 20,  COMMA 7)',to_date('24/03/2015 10:49:55','dd/mm/yyyy hh24:mi:ss'),to_date('31/12/9999 00:00:00','dd/mm/yyyy hh24:mi:ss'),'ZOOBPS','UNIMIS','000000','-1','-1',null,'0');
Insert into TDES_DEF_DESTINAZIONE (ID_DESTINAZIONE,COD_DESTINAZIONE,DS_DESTINAZIONE,DE_DESTINAZIONE,DT_INIZIO,DT_FINE,ID_GRUPPO,COD_UNIMIS,SCO_UNIMIS,FG_PARCEL,FG_UNITS_TYPE,MEASURE_ELIGIBLE_FUNC,FG_PREVIEW)
values ('40','BOVINI_MAC_ETIC','SETTORE CARNE - BOVINI MACELLATI ALLEVATI PER ALMENO SEI MESI, ADERENTI A SISTEMI DI ETICHETTATURA (ART. 21, COMMA 5)','SETTORE CARNE - BOVINI MACELLATI ALLEVATI PER ALMENO SEI MESI, ADERENTI A SISTEMI DI ETICHETTATURA (ART. 21, COMMA 5)',to_date('03/04/2015 17:51:25','dd/mm/yyyy hh24:mi:ss'),to_date('31/12/9999 00:00:00','dd/mm/yyyy hh24:mi:ss'),'ZOOBPS','UNIMIS','000000','-1','-1',null,'0');
Insert into TDES_DEF_DESTINAZIONE (ID_DESTINAZIONE,COD_DESTINAZIONE,DS_DESTINAZIONE,DE_DESTINAZIONE,DT_INIZIO,DT_FINE,ID_GRUPPO,COD_UNIMIS,SCO_UNIMIS,FG_PARCEL,FG_UNITS_TYPE,MEASURE_ELIGIBLE_FUNC,FG_PREVIEW)
values ('41','BOVINI_MAC_CERT','SETTORE CARNE - BOVINI MACELLATI ALLEVATI PER ALMENO SEI MESI, CERTIFICATI AI SENSI DEL REG. UE 1151/2012 (ART. 21, COMMA 5)','SETTORE CARNE - BOVINI MACELLATI ALLEVATI PER ALMENO SEI MESI, CERTIFICATI AI SENSI DEL REG. UE 1151/2012 (ART. 21, COMMA 5)',to_date('03/04/2015 17:51:25','dd/mm/yyyy hh24:mi:ss'),to_date('31/12/9999 00:00:00','dd/mm/yyyy hh24:mi:ss'),'ZOOBPS','UNIMIS','000000','-1','-1',null,'0');
Insert into TDES_DEF_DESTINAZIONE (ID_DESTINAZIONE,COD_DESTINAZIONE,DS_DESTINAZIONE,DE_DESTINAZIONE,DT_INIZIO,DT_FINE,ID_GRUPPO,COD_UNIMIS,SCO_UNIMIS,FG_PARCEL,FG_UNITS_TYPE,MEASURE_ELIGIBLE_FUNC,FG_PREVIEW)
values ('42','BOVINI_VAC_SEL','BOVINI VACCHE DA LATTE SELEZIONATE','BOVINI VACCHE DA LATTE SELEZIONATE',to_date('03/04/2015 17:51:25','dd/mm/yyyy hh24:mi:ss'),to_date('31/12/9999 00:00:00','dd/mm/yyyy hh24:mi:ss'),'ZOOBPS','UNIMIS','000000','-1','-1',null,'0');
Insert into TDES_DEF_DESTINAZIONE (ID_DESTINAZIONE,COD_DESTINAZIONE,DS_DESTINAZIONE,DE_DESTINAZIONE,DT_INIZIO,DT_FINE,ID_GRUPPO,COD_UNIMIS,SCO_UNIMIS,FG_PARCEL,FG_UNITS_TYPE,MEASURE_ELIGIBLE_FUNC,FG_PREVIEW)
values ('200','M10.1.1_base','10.1.1 - Gestione aree prative: miglioramento della biodiversita'' legata ai prati permanenti - base','10.1.1 - Gestione aree prative: miglioramento della biodiversita'' legata ai prati permanenti - base',to_date('01/01/2016 00:00:00','dd/mm/yyyy hh24:mi:ss'),to_date('31/12/9999 00:00:00','dd/mm/yyyy hh24:mi:ss'),'MIS_10_1_1','UNIMIS','000007','0','0','template_des_pck.get_sup_dichiarata_piano(:pid_domanda, :id_soggetto, :id_ute_f, :id_destinazione, :id_piano_colture, :sup_dichiarata, :dt_inizio,:dt_funzionale)','0');
Insert into TDES_DEF_DESTINAZIONE (ID_DESTINAZIONE,COD_DESTINAZIONE,DS_DESTINAZIONE,DE_DESTINAZIONE,DT_INIZIO,DT_FINE,ID_GRUPPO,COD_UNIMIS,SCO_UNIMIS,FG_PARCEL,FG_UNITS_TYPE,MEASURE_ELIGIBLE_FUNC,FG_PREVIEW)
values ('201','M10.1.1_nat_sup_1k','10.1.1 - Gestione aree prative: miglioramento della biodiversita'' legata ai prati permanenti - natura 2000 > 1000slm','10.1.1 - Gestione aree prative: miglioramento della biodiversita'' legata ai prati permanenti - natura 2000 > 1000slm',to_date('01/01/2016 00:00:00','dd/mm/yyyy hh24:mi:ss'),to_date('31/12/9999 00:00:00','dd/mm/yyyy hh24:mi:ss'),'MIS_10_1_1','UNIMIS','000007','0','0','template_des_pck.get_sup_dichiarata_piano(:pid_domanda, :id_soggetto, :id_ute_f, :id_destinazione, :id_piano_colture, :sup_dichiarata, :dt_inizio,:dt_funzionale)','0');
Insert into TDES_DEF_DESTINAZIONE (ID_DESTINAZIONE,COD_DESTINAZIONE,DS_DESTINAZIONE,DE_DESTINAZIONE,DT_INIZIO,DT_FINE,ID_GRUPPO,COD_UNIMIS,SCO_UNIMIS,FG_PARCEL,FG_UNITS_TYPE,MEASURE_ELIGIBLE_FUNC,FG_PREVIEW)
values ('202','M10.1.1_nat_inf_1k','10.1.1 - Gestione aree prative: miglioramento della biodiversita'' legata ai prati permanenti - natura 2000 < 1000slm','10.1.1 - Gestione aree prative: miglioramento della biodiversita'' legata ai prati permanenti - natura 2000 < 1000slm',to_date('01/01/2016 00:00:00','dd/mm/yyyy hh24:mi:ss'),to_date('31/12/9999 00:00:00','dd/mm/yyyy hh24:mi:ss'),'MIS_10_1_1','UNIMIS','000007','0','0','template_des_pck.get_sup_dichiarata_piano(:pid_domanda, :id_soggetto, :id_ute_f, :id_destinazione, :id_piano_colture, :sup_dichiarata, :dt_inizio,:dt_funzionale)','0');
Insert into TDES_DEF_DESTINAZIONE (ID_DESTINAZIONE,COD_DESTINAZIONE,DS_DESTINAZIONE,DE_DESTINAZIONE,DT_INIZIO,DT_FINE,ID_GRUPPO,COD_UNIMIS,SCO_UNIMIS,FG_PARCEL,FG_UNITS_TYPE,MEASURE_ELIGIBLE_FUNC,FG_PREVIEW)
values ('203','M10.1.1_rds','10.1.1 - Gestione aree prative: miglioramento della biodiversita'' legata ai prati permanenti - ricchi di specie','10.1.1 - Gestione aree prative: miglioramento della biodiversita'' legata ai prati permanenti - ricchi di specie',to_date('01/01/2016 00:00:00','dd/mm/yyyy hh24:mi:ss'),to_date('31/12/9999 00:00:00','dd/mm/yyyy hh24:mi:ss'),'MIS_10_1_1','UNIMIS','000007','0','0','template_des_pck.get_sup_dichiarata_piano(:pid_domanda, :id_soggetto, :id_ute_f, :id_destinazione, :id_piano_colture, :sup_dichiarata, :dt_inizio,:dt_funzionale)','0');
Insert into TDES_DEF_DESTINAZIONE (ID_DESTINAZIONE,COD_DESTINAZIONE,DS_DESTINAZIONE,DE_DESTINAZIONE,DT_INIZIO,DT_FINE,ID_GRUPPO,COD_UNIMIS,SCO_UNIMIS,FG_PARCEL,FG_UNITS_TYPE,MEASURE_ELIGIBLE_FUNC,FG_PREVIEW)
values ('204','M10.1.2_75','10.1.2 - Gestione delle superfici a pascolo: aiuti a favore dell''alpeggio - <15 UBA in lattazione','10.1.2 - Gestione delle superfici a pascolo: aiuti a favore dell''alpeggio - <15 UBA in lattazione',to_date('01/01/2016 00:00:00','dd/mm/yyyy hh24:mi:ss'),to_date('31/12/9999 00:00:00','dd/mm/yyyy hh24:mi:ss'),'MIS_NO_10_1_1','UNIMIS','000007','0','0','template_des_pck.get_sup_dichiarata_piano(:pid_domanda, :id_soggetto, :id_ute_f, :id_destinazione, :id_piano_colture, :sup_dichiarata, :dt_inizio,:dt_funzionale)','0');
Insert into TDES_DEF_DESTINAZIONE (ID_DESTINAZIONE,COD_DESTINAZIONE,DS_DESTINAZIONE,DE_DESTINAZIONE,DT_INIZIO,DT_FINE,ID_GRUPPO,COD_UNIMIS,SCO_UNIMIS,FG_PARCEL,FG_UNITS_TYPE,MEASURE_ELIGIBLE_FUNC,FG_PREVIEW)
values ('38','BOVINI_MAC_12M','SETTORE CARNE - BOVINI MACELLATI ALLEVATI PER ALMENO DODICI MESI (ART. 21, COMMA 5)','SETTORE CARNE - BOVINI MACELLATI ALLEVATI PER ALMENO DODICI MESI (ART. 21, COMMA 5)',to_date('03/04/2015 17:51:25','dd/mm/yyyy hh24:mi:ss'),to_date('31/12/9999 00:00:00','dd/mm/yyyy hh24:mi:ss'),'ZOOBPS','UNIMIS','000000','-1','-1',null,'0');
Insert into TDES_DEF_DESTINAZIONE (ID_DESTINAZIONE,COD_DESTINAZIONE,DS_DESTINAZIONE,DE_DESTINAZIONE,DT_INIZIO,DT_FINE,ID_GRUPPO,COD_UNIMIS,SCO_UNIMIS,FG_PARCEL,FG_UNITS_TYPE,MEASURE_ELIGIBLE_FUNC,FG_PREVIEW)
values ('39','BOVINI_MAC_QUAL','SETTORE CARNE - BOVINI MACELLATI ALLEVATI PER ALMENO SEI MESI, ADERENTI A SISTEMI DI QUALITA'' (ART. 21, COMMA 5)','SETTORE CARNE - BOVINI MACELLATI ALLEVATI PER ALMENO SEI MESI, ADERENTI A SISTEMI DI QUALITA'' (ART. 21, COMMA 5)',to_date('03/04/2015 17:51:25','dd/mm/yyyy hh24:mi:ss'),to_date('31/12/9999 00:00:00','dd/mm/yyyy hh24:mi:ss'),'ZOOBPS','UNIMIS','000000','-1','-1',null,'0');
Insert into TDES_DEF_DESTINAZIONE (ID_DESTINAZIONE,COD_DESTINAZIONE,DS_DESTINAZIONE,DE_DESTINAZIONE,DT_INIZIO,DT_FINE,ID_GRUPPO,COD_UNIMIS,SCO_UNIMIS,FG_PARCEL,FG_UNITS_TYPE,MEASURE_ELIGIBLE_FUNC,FG_PREVIEW)
values ('205','M10.1.2_90','10.1.2 - Gestione delle superfici a pascolo: aiuti a favore dell''alpeggio - >15 UBA in lattazione','10.1.2 - Gestione delle superfici a pascolo: aiuti a favore dell''alpeggio - >15 UBA in lattazione',to_date('01/01/2016 00:00:00','dd/mm/yyyy hh24:mi:ss'),to_date('31/12/9999 00:00:00','dd/mm/yyyy hh24:mi:ss'),'MIS_NO_10_1_1','UNIMIS','000007','0','0','template_des_pck.get_sup_dichiarata_piano(:pid_domanda, :id_soggetto, :id_ute_f, :id_destinazione, :id_piano_colture, :sup_dichiarata, :dt_inizio,:dt_funzionale)','0');
Insert into TDES_DEF_DESTINAZIONE (ID_DESTINAZIONE,COD_DESTINAZIONE,DS_DESTINAZIONE,DE_DESTINAZIONE,DT_INIZIO,DT_FINE,ID_GRUPPO,COD_UNIMIS,SCO_UNIMIS,FG_PARCEL,FG_UNITS_TYPE,MEASURE_ELIGIBLE_FUNC,FG_PREVIEW)
values ('206','M10.1.4','10.1.4 - Coltivazione di specie vegetali a rischio di erosione genetica','10.1.4 - Coltivazione di specie vegetali a rischio di erosione genetica',to_date('01/01/2016 00:00:00','dd/mm/yyyy hh24:mi:ss'),to_date('31/12/9999 00:00:00','dd/mm/yyyy hh24:mi:ss'),'MIS_NO_10_1_1','UNIMIS','000007','0','0','template_des_pck.get_sup_dichiarata_piano(:pid_domanda, :id_soggetto, :id_ute_f, :id_destinazione, :id_piano_colture, :sup_dichiarata, :dt_inizio,:dt_funzionale)','0');
Insert into TDES_DEF_DESTINAZIONE (ID_DESTINAZIONE,COD_DESTINAZIONE,DS_DESTINAZIONE,DE_DESTINAZIONE,DT_INIZIO,DT_FINE,ID_GRUPPO,COD_UNIMIS,SCO_UNIMIS,FG_PARCEL,FG_UNITS_TYPE,MEASURE_ELIGIBLE_FUNC,FG_PREVIEW)
values ('207','M11.1.1_Arboree','11.1.1 - Sostegno all''introduzione del metodo biologico - Arboree','11.1.1 - Sostegno all''introduzione del metodo biologico - Arboree',to_date('01/01/2016 00:00:00','dd/mm/yyyy hh24:mi:ss'),to_date('31/12/9999 00:00:00','dd/mm/yyyy hh24:mi:ss'),'MIS_NO_10_1_1','UNIMIS','000007','0','0','template_des_pck.get_sup_dichiarata_piano(:pid_domanda, :id_soggetto, :id_ute_f, :id_destinazione, :id_piano_colture, :sup_dichiarata, :dt_inizio,:dt_funzionale)','0');
Insert into TDES_DEF_DESTINAZIONE (ID_DESTINAZIONE,COD_DESTINAZIONE,DS_DESTINAZIONE,DE_DESTINAZIONE,DT_INIZIO,DT_FINE,ID_GRUPPO,COD_UNIMIS,SCO_UNIMIS,FG_PARCEL,FG_UNITS_TYPE,MEASURE_ELIGIBLE_FUNC,FG_PREVIEW)
values ('208','M11.1.1_Orticole','11.1.1 - Sostegno all''introduzione del metodo biologico - Orticole','11.1.1 - Sostegno all''introduzione del metodo biologico - Orticole',to_date('01/01/2016 00:00:00','dd/mm/yyyy hh24:mi:ss'),to_date('31/12/9999 00:00:00','dd/mm/yyyy hh24:mi:ss'),'MIS_NO_10_1_1','UNIMIS','000007','0','0','template_des_pck.get_sup_dichiarata_piano(:pid_domanda, :id_soggetto, :id_ute_f, :id_destinazione, :id_piano_colture, :sup_dichiarata, :dt_inizio,:dt_funzionale)','0');
Insert into TDES_DEF_DESTINAZIONE (ID_DESTINAZIONE,COD_DESTINAZIONE,DS_DESTINAZIONE,DE_DESTINAZIONE,DT_INIZIO,DT_FINE,ID_GRUPPO,COD_UNIMIS,SCO_UNIMIS,FG_PARCEL,FG_UNITS_TYPE,MEASURE_ELIGIBLE_FUNC,FG_PREVIEW)
values ('209','M11.1.1_prato','11.1.1 - Sostegno all''introduzione del metodo biologico - Prato','11.1.1 - Sostegno all''introduzione del metodo biologico - Prato',to_date('01/01/2016 00:00:00','dd/mm/yyyy hh24:mi:ss'),to_date('31/12/9999 00:00:00','dd/mm/yyyy hh24:mi:ss'),'MIS_NO_10_1_1','UNIMIS','000007','0','0','template_des_pck.get_sup_dichiarata_piano(:pid_domanda, :id_soggetto, :id_ute_f, :id_destinazione, :id_piano_colture, :sup_dichiarata, :dt_inizio,:dt_funzionale)','0');
Insert into TDES_DEF_DESTINAZIONE (ID_DESTINAZIONE,COD_DESTINAZIONE,DS_DESTINAZIONE,DE_DESTINAZIONE,DT_INIZIO,DT_FINE,ID_GRUPPO,COD_UNIMIS,SCO_UNIMIS,FG_PARCEL,FG_UNITS_TYPE,MEASURE_ELIGIBLE_FUNC,FG_PREVIEW)
values ('210','M11.1.1_ViteMelo','11.1.1 - Sostegno all''introduzione del metodo biologico - ViteMelo','11.1.1 - Sostegno all''introduzione del metodo biologico - ViteMelo',to_date('01/01/2016 00:00:00','dd/mm/yyyy hh24:mi:ss'),to_date('31/12/9999 00:00:00','dd/mm/yyyy hh24:mi:ss'),'MIS_NO_10_1_1','UNIMIS','000007','0','0','template_des_pck.get_sup_dichiarata_piano(:pid_domanda, :id_soggetto, :id_ute_f, :id_destinazione, :id_piano_colture, :sup_dichiarata, :dt_inizio,:dt_funzionale)','0');
Insert into TDES_DEF_DESTINAZIONE (ID_DESTINAZIONE,COD_DESTINAZIONE,DS_DESTINAZIONE,DE_DESTINAZIONE,DT_INIZIO,DT_FINE,ID_GRUPPO,COD_UNIMIS,SCO_UNIMIS,FG_PARCEL,FG_UNITS_TYPE,MEASURE_ELIGIBLE_FUNC,FG_PREVIEW)
values ('211','M11.2.1_Arboree','11.2.1 - Mantenimento del metodo biologico - Arboree','11.2.1 - Mantenimento del metodo biologico - Arboree',to_date('01/01/2016 00:00:00','dd/mm/yyyy hh24:mi:ss'),to_date('31/12/9999 00:00:00','dd/mm/yyyy hh24:mi:ss'),'MIS_NO_10_1_1','UNIMIS','000007','0','0','template_des_pck.get_sup_dichiarata_piano(:pid_domanda, :id_soggetto, :id_ute_f, :id_destinazione, :id_piano_colture, :sup_dichiarata, :dt_inizio,:dt_funzionale)','0');
Insert into TDES_DEF_DESTINAZIONE (ID_DESTINAZIONE,COD_DESTINAZIONE,DS_DESTINAZIONE,DE_DESTINAZIONE,DT_INIZIO,DT_FINE,ID_GRUPPO,COD_UNIMIS,SCO_UNIMIS,FG_PARCEL,FG_UNITS_TYPE,MEASURE_ELIGIBLE_FUNC,FG_PREVIEW)
values ('212','M11.2.1_Orticole','11.2.1 - Mantenimento del metodo biologico - Orticole','11.2.1 - Mantenimento del metodo biologico - Orticole',to_date('01/01/2016 00:00:00','dd/mm/yyyy hh24:mi:ss'),to_date('31/12/9999 00:00:00','dd/mm/yyyy hh24:mi:ss'),'MIS_NO_10_1_1','UNIMIS','000007','0','0','template_des_pck.get_sup_dichiarata_piano(:pid_domanda, :id_soggetto, :id_ute_f, :id_destinazione, :id_piano_colture, :sup_dichiarata, :dt_inizio,:dt_funzionale)','0');
Insert into TDES_DEF_DESTINAZIONE (ID_DESTINAZIONE,COD_DESTINAZIONE,DS_DESTINAZIONE,DE_DESTINAZIONE,DT_INIZIO,DT_FINE,ID_GRUPPO,COD_UNIMIS,SCO_UNIMIS,FG_PARCEL,FG_UNITS_TYPE,MEASURE_ELIGIBLE_FUNC,FG_PREVIEW)
values ('213','M11.2.1_prato','11.2.1 - Mantenimento del metodo biologico - Prato','11.2.1 - Mantenimento del metodo biologico - Prato',to_date('01/01/2016 00:00:00','dd/mm/yyyy hh24:mi:ss'),to_date('31/12/9999 00:00:00','dd/mm/yyyy hh24:mi:ss'),'MIS_NO_10_1_1','UNIMIS','000007','0','0','template_des_pck.get_sup_dichiarata_piano(:pid_domanda, :id_soggetto, :id_ute_f, :id_destinazione, :id_piano_colture, :sup_dichiarata, :dt_inizio,:dt_funzionale)','0');
Insert into TDES_DEF_DESTINAZIONE (ID_DESTINAZIONE,COD_DESTINAZIONE,DS_DESTINAZIONE,DE_DESTINAZIONE,DT_INIZIO,DT_FINE,ID_GRUPPO,COD_UNIMIS,SCO_UNIMIS,FG_PARCEL,FG_UNITS_TYPE,MEASURE_ELIGIBLE_FUNC,FG_PREVIEW)
values ('214','M11.2.1_ViteMelo','11.2.1 - Mantenimento del metodo biologico - ViteMelo','11.2.1 - Mantenimento del metodo biologico - ViteMelo',to_date('01/01/2016 00:00:00','dd/mm/yyyy hh24:mi:ss'),to_date('31/12/9999 00:00:00','dd/mm/yyyy hh24:mi:ss'),'MIS_NO_10_1_1','UNIMIS','000007','0','0','template_des_pck.get_sup_dichiarata_piano(:pid_domanda, :id_soggetto, :id_ute_f, :id_destinazione, :id_piano_colture, :sup_dichiarata, :dt_inizio,:dt_funzionale)','0');
Insert into TDES_DEF_DESTINAZIONE (ID_DESTINAZIONE,COD_DESTINAZIONE,DS_DESTINAZIONE,DE_DESTINAZIONE,DT_INIZIO,DT_FINE,ID_GRUPPO,COD_UNIMIS,SCO_UNIMIS,FG_PARCEL,FG_UNITS_TYPE,MEASURE_ELIGIBLE_FUNC,FG_PREVIEW)
values ('215','M13_sa123','13 - Indennita'' Compensativa - sistemi zootecnici','13 - Indennita'' Compensativa - sistemi zootecnici',to_date('01/01/2016 00:00:00','dd/mm/yyyy hh24:mi:ss'),to_date('31/12/9999 00:00:00','dd/mm/yyyy hh24:mi:ss'),'MIS_NO_10_1_1','UNIMIS','000007','0','0','template_des_pck.get_sup_dichiarata_piano(:pid_domanda, :id_soggetto, :id_ute_f, :id_destinazione, :id_piano_colture, :sup_dichiarata, :dt_inizio,:dt_funzionale)','0');
Insert into TDES_DEF_DESTINAZIONE (ID_DESTINAZIONE,COD_DESTINAZIONE,DS_DESTINAZIONE,DE_DESTINAZIONE,DT_INIZIO,DT_FINE,ID_GRUPPO,COD_UNIMIS,SCO_UNIMIS,FG_PARCEL,FG_UNITS_TYPE,MEASURE_ELIGIBLE_FUNC,FG_PREVIEW)
values ('216','M13_sa4','13 - Indennita'' Compensativa - arboricoltura intensiva','13 - Indennita'' Compensativa - arboricoltura intensiva',to_date('01/01/2016 00:00:00','dd/mm/yyyy hh24:mi:ss'),to_date('31/12/9999 00:00:00','dd/mm/yyyy hh24:mi:ss'),'MIS_NO_10_1_1','UNIMIS','000007','0','0','template_des_pck.get_sup_dichiarata_piano(:pid_domanda, :id_soggetto, :id_ute_f, :id_destinazione, :id_piano_colture, :sup_dichiarata, :dt_inizio,:dt_funzionale)','0');
Insert into TDES_DEF_DESTINAZIONE (ID_DESTINAZIONE,COD_DESTINAZIONE,DS_DESTINAZIONE,DE_DESTINAZIONE,DT_INIZIO,DT_FINE,ID_GRUPPO,COD_UNIMIS,SCO_UNIMIS,FG_PARCEL,FG_UNITS_TYPE,MEASURE_ELIGIBLE_FUNC,FG_PREVIEW)
values ('217','M13_sa5','13 - Indennita'' Compensativa - arboricoltura estensiva','13 - Indennita'' Compensativa - arboricoltura estensiva',to_date('01/01/2016 00:00:00','dd/mm/yyyy hh24:mi:ss'),to_date('31/12/9999 00:00:00','dd/mm/yyyy hh24:mi:ss'),'MIS_NO_10_1_1','UNIMIS','000007','0','0','template_des_pck.get_sup_dichiarata_piano(:pid_domanda, :id_soggetto, :id_ute_f, :id_destinazione, :id_piano_colture, :sup_dichiarata, :dt_inizio,:dt_funzionale)','0');
Insert into TDES_DEF_DESTINAZIONE (ID_DESTINAZIONE,COD_DESTINAZIONE,DS_DESTINAZIONE,DE_DESTINAZIONE,DT_INIZIO,DT_FINE,ID_GRUPPO,COD_UNIMIS,SCO_UNIMIS,FG_PARCEL,FG_UNITS_TYPE,MEASURE_ELIGIBLE_FUNC,FG_PREVIEW)
values ('218','M13_sa6','13 - Indennita'' Compensativa - ortofloricoltura','13 - Indennita'' Compensativa - ortofloricoltura',to_date('01/01/2016 00:00:00','dd/mm/yyyy hh24:mi:ss'),to_date('31/12/9999 00:00:00','dd/mm/yyyy hh24:mi:ss'),'MIS_NO_10_1_1','UNIMIS','000007','0','0','template_des_pck.get_sup_dichiarata_piano(:pid_domanda, :id_soggetto, :id_ute_f, :id_destinazione, :id_piano_colture, :sup_dichiarata, :dt_inizio,:dt_funzionale)','0');
Insert into TDES_DEF_DESTINAZIONE (ID_DESTINAZIONE,COD_DESTINAZIONE,DS_DESTINAZIONE,DE_DESTINAZIONE,DT_INIZIO,DT_FINE,ID_GRUPPO,COD_UNIMIS,SCO_UNIMIS,FG_PARCEL,FG_UNITS_TYPE,MEASURE_ELIGIBLE_FUNC,FG_PREVIEW)
values ('151','OLIVE_PEND75','OLIVI - PENDENZA SUPERIORE AL 7.5%','OLIVI - PENDENZA SUPERIORE AL 7.5%',to_date('11/05/2015 19:05:38','dd/mm/yyyy hh24:mi:ss'),to_date('31/12/9999 00:00:00','dd/mm/yyyy hh24:mi:ss'),'PACC','UNIMIS','000007','0','0',null,'1');
Insert into TDES_DEF_DESTINAZIONE (ID_DESTINAZIONE,COD_DESTINAZIONE,DS_DESTINAZIONE,DE_DESTINAZIONE,DT_INIZIO,DT_FINE,ID_GRUPPO,COD_UNIMIS,SCO_UNIMIS,FG_PARCEL,FG_UNITS_TYPE,MEASURE_ELIGIBLE_FUNC,FG_PREVIEW)
values ('153','GREEN','GREENING','GREENING',to_date('01/01/2018 00:00:00','dd/mm/yyyy hh24:mi:ss'),to_date('31/12/9999 00:00:00','dd/mm/yyyy hh24:mi:ss'),'GREEN','UNIMIS','000007','0','0',null,'1');
Insert into TDES_DEF_DESTINAZIONE (ID_DESTINAZIONE,COD_DESTINAZIONE,DS_DESTINAZIONE,DE_DESTINAZIONE,DT_INIZIO,DT_FINE,ID_GRUPPO,COD_UNIMIS,SCO_UNIMIS,FG_PARCEL,FG_UNITS_TYPE,MEASURE_ELIGIBLE_FUNC,FG_PREVIEW)
values ('154','077','SUP. NON AMMISSIBILI  -  NON MANTENUTE','DESTINAZIONI NON AMMISSIBILI AL REGIME DI BASE PERCHE'' NON MANTENUTE',to_date('01/01/2018 00:00:00','dd/mm/yyyy hh24:mi:ss'),to_date('31/12/9999 00:00:00','dd/mm/yyyy hh24:mi:ss'),'ALTRE','UNIMIS','000007','0','0',null,'1');
Insert into TDES_DEF_DESTINAZIONE (ID_DESTINAZIONE,COD_DESTINAZIONE,DS_DESTINAZIONE,DE_DESTINAZIONE,DT_INIZIO,DT_FINE,ID_GRUPPO,COD_UNIMIS,SCO_UNIMIS,FG_PARCEL,FG_UNITS_TYPE,MEASURE_ELIGIBLE_FUNC,FG_PREVIEW)
values ('155','189','ALTRE SUP. NON AMMISSIBILI','ALTRE DESTINAZIONI NON AMMISSIBILI AL REGIME DI BASE',to_date('01/01/2018 00:00:00','dd/mm/yyyy hh24:mi:ss'),to_date('31/12/9999 00:00:00','dd/mm/yyyy hh24:mi:ss'),'ALTRE','UNIMIS','000007','0','0',null,'1');
Insert into TDES_DEF_DESTINAZIONE (ID_DESTINAZIONE,COD_DESTINAZIONE,DS_DESTINAZIONE,DE_DESTINAZIONE,DT_INIZIO,DT_FINE,ID_GRUPPO,COD_UNIMIS,SCO_UNIMIS,FG_PARCEL,FG_UNITS_TYPE,MEASURE_ELIGIBLE_FUNC,FG_PREVIEW)
values ('152','BOVINI_VAC_NO_ISCR','SETTORE CARNE - VACCHE NUTRICI NO LLGG NO RA NO ISCRITTE NELLA BDN COME ALLEVAMENTI DA LATTE (ART.21, C.5)','SETTORE CARNE - VACCHE NUTRICI NO LLGG NO RA NO ISCRITTE NELLA BDN COME ALLEVAMENTI DA LATTE (ART.21, C.5)',to_date('01/01/2018 00:00:00','dd/mm/yyyy hh24:mi:ss'),to_date('31/12/9999 00:00:00','dd/mm/yyyy hh24:mi:ss'),'ZOOBPS','UNIMIS','000000','-1','-1',null,'0');

--Popolamento tabella TQDO_DES_PC_DESTINAZIONE
Insert into TQDO_DES_PC_DESTINAZIONE (PKID,DT_INSERT,DT_DELETE,ID_SOGGETTO,ID_UTE,ID_DESTINAZIONE,ID_PARTICELLA,ID_PIANO_COLTURE,SUP_IMPEGNO,MTL_IMPEGNO,UNI_IMPEGNO,COD_FONTE_DATI,SCO_FONTE_DATI,DT_INIZIO,DT_FINE,FG_VALIDO_INIZIO,FG_VALIDO_FINE,ID_ATTO_INIZIO,ID_ATTO_FINE,DT_ULTIMO_AGG,UTENTE,ID_DOMANDA,ID_ISOLA,ID_PARC) 
values  ('3172212',to_date('26/04/2018 15:24:43','dd/mm/yyyy hh24:mi:ss'),to_date('31/12/9999 00:00:00','dd/mm/yyyy hh24:mi:ss'),'1',null,'155','1712116','5884955','126','0',null,'FONDAT','DG0001',to_date('01/01/2018 00:00:00','dd/mm/yyyy hh24:mi:ss'),to_date('31/12/2018 00:00:00','dd/mm/yyyy hh24:mi:ss'),'N','S',null,null,to_date('26/04/2018 15:24:43','dd/mm/yyyy hh24:mi:ss'),'DG-AGEA','183380','904585','263054');
Insert into TQDO_DES_PC_DESTINAZIONE (PKID,DT_INSERT,DT_DELETE,ID_SOGGETTO,ID_UTE,ID_DESTINAZIONE,ID_PARTICELLA,ID_PIANO_COLTURE,SUP_IMPEGNO,MTL_IMPEGNO,UNI_IMPEGNO,COD_FONTE_DATI,SCO_FONTE_DATI,DT_INIZIO,DT_FINE,FG_VALIDO_INIZIO,FG_VALIDO_FINE,ID_ATTO_INIZIO,ID_ATTO_FINE,DT_ULTIMO_AGG,UTENTE,ID_DOMANDA,ID_ISOLA,ID_PARC) 
values  ('3172213',to_date('26/04/2018 15:24:43','dd/mm/yyyy hh24:mi:ss'),to_date('31/12/9999 00:00:00','dd/mm/yyyy hh24:mi:ss'),'1',null,'18','1715027','5884957','877','0',null,'FONDAT','DG0001',to_date('01/01/2018 00:00:00','dd/mm/yyyy hh24:mi:ss'),to_date('31/12/2018 00:00:00','dd/mm/yyyy hh24:mi:ss'),'N','S',null,null,to_date('26/04/2018 15:24:43','dd/mm/yyyy hh24:mi:ss'),'DG-AGEA','183380','904495','263055');
Insert into TQDO_DES_PC_DESTINAZIONE (PKID,DT_INSERT,DT_DELETE,ID_SOGGETTO,ID_UTE,ID_DESTINAZIONE,ID_PARTICELLA,ID_PIANO_COLTURE,SUP_IMPEGNO,MTL_IMPEGNO,UNI_IMPEGNO,COD_FONTE_DATI,SCO_FONTE_DATI,DT_INIZIO,DT_FINE,FG_VALIDO_INIZIO,FG_VALIDO_FINE,ID_ATTO_INIZIO,ID_ATTO_FINE,DT_ULTIMO_AGG,UTENTE,ID_DOMANDA,ID_ISOLA,ID_PARC) 
values  ('3172214',to_date('26/04/2018 15:24:43','dd/mm/yyyy hh24:mi:ss'),to_date('31/12/9999 00:00:00','dd/mm/yyyy hh24:mi:ss'),'1',null,'18','1715026','5884956','3504','0',null,'FONDAT','DG0001',to_date('01/01/2018 00:00:00','dd/mm/yyyy hh24:mi:ss'),to_date('31/12/2018 00:00:00','dd/mm/yyyy hh24:mi:ss'),'N','S',null,null,to_date('26/04/2018 15:24:43','dd/mm/yyyy hh24:mi:ss'),'DG-AGEA','183380','904575','263056');
Insert into TQDO_DES_PC_DESTINAZIONE (PKID,DT_INSERT,DT_DELETE,ID_SOGGETTO,ID_UTE,ID_DESTINAZIONE,ID_PARTICELLA,ID_PIANO_COLTURE,SUP_IMPEGNO,MTL_IMPEGNO,UNI_IMPEGNO,COD_FONTE_DATI,SCO_FONTE_DATI,DT_INIZIO,DT_FINE,FG_VALIDO_INIZIO,FG_VALIDO_FINE,ID_ATTO_INIZIO,ID_ATTO_FINE,DT_ULTIMO_AGG,UTENTE,ID_DOMANDA,ID_ISOLA,ID_PARC) 
values  ('3172215',to_date('26/04/2018 15:24:43','dd/mm/yyyy hh24:mi:ss'),to_date('31/12/9999 00:00:00','dd/mm/yyyy hh24:mi:ss'),'1',null,'18','1717545','5884961','5738','0',null,'FONDAT','DG0001',to_date('01/01/2018 00:00:00','dd/mm/yyyy hh24:mi:ss'),to_date('31/12/2018 00:00:00','dd/mm/yyyy hh24:mi:ss'),'N','S',null,null,to_date('26/04/2018 15:24:43','dd/mm/yyyy hh24:mi:ss'),'DG-AGEA','183380','904577','263057');
Insert into TQDO_DES_PC_DESTINAZIONE (PKID,DT_INSERT,DT_DELETE,ID_SOGGETTO,ID_UTE,ID_DESTINAZIONE,ID_PARTICELLA,ID_PIANO_COLTURE,SUP_IMPEGNO,MTL_IMPEGNO,UNI_IMPEGNO,COD_FONTE_DATI,SCO_FONTE_DATI,DT_INIZIO,DT_FINE,FG_VALIDO_INIZIO,FG_VALIDO_FINE,ID_ATTO_INIZIO,ID_ATTO_FINE,DT_ULTIMO_AGG,UTENTE,ID_DOMANDA,ID_ISOLA,ID_PARC) 
values  ('3172216',to_date('26/04/2018 15:24:43','dd/mm/yyyy hh24:mi:ss'),to_date('31/12/9999 00:00:00','dd/mm/yyyy hh24:mi:ss'),'1',null,'18','1715034','5884959','1932','0',null,'FONDAT','DG0001',to_date('01/01/2018 00:00:00','dd/mm/yyyy hh24:mi:ss'),to_date('31/12/2018 00:00:00','dd/mm/yyyy hh24:mi:ss'),'N','S',null,null,to_date('26/04/2018 15:24:43','dd/mm/yyyy hh24:mi:ss'),'DG-AGEA','183380','904579','263058');
Insert into TQDO_DES_PC_DESTINAZIONE (PKID,DT_INSERT,DT_DELETE,ID_SOGGETTO,ID_UTE,ID_DESTINAZIONE,ID_PARTICELLA,ID_PIANO_COLTURE,SUP_IMPEGNO,MTL_IMPEGNO,UNI_IMPEGNO,COD_FONTE_DATI,SCO_FONTE_DATI,DT_INIZIO,DT_FINE,FG_VALIDO_INIZIO,FG_VALIDO_FINE,ID_ATTO_INIZIO,ID_ATTO_FINE,DT_ULTIMO_AGG,UTENTE,ID_DOMANDA,ID_ISOLA,ID_PARC) 
values  ('3172217',to_date('26/04/2018 15:24:43','dd/mm/yyyy hh24:mi:ss'),to_date('31/12/9999 00:00:00','dd/mm/yyyy hh24:mi:ss'),'1',null,'18','1715588','5884960','3465','0',null,'FONDAT','DG0001',to_date('01/01/2018 00:00:00','dd/mm/yyyy hh24:mi:ss'),to_date('31/12/2018 00:00:00','dd/mm/yyyy hh24:mi:ss'),'N','S',null,null,to_date('26/04/2018 15:24:43','dd/mm/yyyy hh24:mi:ss'),'DG-AGEA','183380','904581','263059');
Insert into TQDO_DES_PC_DESTINAZIONE (PKID,DT_INSERT,DT_DELETE,ID_SOGGETTO,ID_UTE,ID_DESTINAZIONE,ID_PARTICELLA,ID_PIANO_COLTURE,SUP_IMPEGNO,MTL_IMPEGNO,UNI_IMPEGNO,COD_FONTE_DATI,SCO_FONTE_DATI,DT_INIZIO,DT_FINE,FG_VALIDO_INIZIO,FG_VALIDO_FINE,ID_ATTO_INIZIO,ID_ATTO_FINE,DT_ULTIMO_AGG,UTENTE,ID_DOMANDA,ID_ISOLA,ID_PARC) 
values  ('3172218',to_date('26/04/2018 15:24:43','dd/mm/yyyy hh24:mi:ss'),to_date('31/12/9999 00:00:00','dd/mm/yyyy hh24:mi:ss'),'1',null,'18','1715032','5884958','4512','0',null,'FONDAT','DG0001',to_date('01/01/2018 00:00:00','dd/mm/yyyy hh24:mi:ss'),to_date('31/12/2018 00:00:00','dd/mm/yyyy hh24:mi:ss'),'N','S',null,null,to_date('26/04/2018 15:24:43','dd/mm/yyyy hh24:mi:ss'),'DG-AGEA','183380','904583','263060');
Insert into TQDO_DES_PC_DESTINAZIONE (PKID,DT_INSERT,DT_DELETE,ID_SOGGETTO,ID_UTE,ID_DESTINAZIONE,ID_PARTICELLA,ID_PIANO_COLTURE,SUP_IMPEGNO,MTL_IMPEGNO,UNI_IMPEGNO,COD_FONTE_DATI,SCO_FONTE_DATI,DT_INIZIO,DT_FINE,FG_VALIDO_INIZIO,FG_VALIDO_FINE,ID_ATTO_INIZIO,ID_ATTO_FINE,DT_ULTIMO_AGG,UTENTE,ID_DOMANDA,ID_ISOLA,ID_PARC) 
values  ('3172219',to_date('26/04/2018 15:24:43','dd/mm/yyyy hh24:mi:ss'),to_date('31/12/9999 00:00:00','dd/mm/yyyy hh24:mi:ss'),'1',null,'18','1717885','5884962','2139','0',null,'FONDAT','DG0001',to_date('01/01/2018 00:00:00','dd/mm/yyyy hh24:mi:ss'),to_date('31/12/2018 00:00:00','dd/mm/yyyy hh24:mi:ss'),'N','S',null,null,to_date('26/04/2018 15:24:43','dd/mm/yyyy hh24:mi:ss'),'DG-AGEA','183380','904584','263061');
Insert into TQDO_DES_PC_DESTINAZIONE (PKID,DT_INSERT,DT_DELETE,ID_SOGGETTO,ID_UTE,ID_DESTINAZIONE,ID_PARTICELLA,ID_PIANO_COLTURE,SUP_IMPEGNO,MTL_IMPEGNO,UNI_IMPEGNO,COD_FONTE_DATI,SCO_FONTE_DATI,DT_INIZIO,DT_FINE,FG_VALIDO_INIZIO,FG_VALIDO_FINE,ID_ATTO_INIZIO,ID_ATTO_FINE,DT_ULTIMO_AGG,UTENTE,ID_DOMANDA,ID_ISOLA,ID_PARC) 
values  ('3172220',to_date('26/04/2018 15:24:43','dd/mm/yyyy hh24:mi:ss'),to_date('31/12/9999 00:00:00','dd/mm/yyyy hh24:mi:ss'),'1',null,'18','1712116','5884954','12019','0',null,'FONDAT','DG0001',to_date('01/01/2018 00:00:00','dd/mm/yyyy hh24:mi:ss'),to_date('31/12/2018 00:00:00','dd/mm/yyyy hh24:mi:ss'),'N','S',null,null,to_date('26/04/2018 15:24:43','dd/mm/yyyy hh24:mi:ss'),'DG-AGEA','183380','904585','263062');
Insert into TQDO_DES_PC_DESTINAZIONE (PKID,DT_INSERT,DT_DELETE,ID_SOGGETTO,ID_UTE,ID_DESTINAZIONE,ID_PARTICELLA,ID_PIANO_COLTURE,SUP_IMPEGNO,MTL_IMPEGNO,UNI_IMPEGNO,COD_FONTE_DATI,SCO_FONTE_DATI,DT_INIZIO,DT_FINE,FG_VALIDO_INIZIO,FG_VALIDO_FINE,ID_ATTO_INIZIO,ID_ATTO_FINE,DT_ULTIMO_AGG,UTENTE,ID_DOMANDA,ID_ISOLA,ID_PARC) 
values  ('3172221',to_date('26/04/2018 15:24:43','dd/mm/yyyy hh24:mi:ss'),to_date('31/12/9999 00:00:00','dd/mm/yyyy hh24:mi:ss'),'1',null,'18','1718028','5884963','4581','0',null,'FONDAT','DG0001',to_date('01/01/2018 00:00:00','dd/mm/yyyy hh24:mi:ss'),to_date('31/12/2018 00:00:00','dd/mm/yyyy hh24:mi:ss'),'N','S',null,null,to_date('26/04/2018 15:24:43','dd/mm/yyyy hh24:mi:ss'),'DG-AGEA','183380','904587','263063');
Insert into TQDO_DES_PC_DESTINAZIONE (PKID,DT_INSERT,DT_DELETE,ID_SOGGETTO,ID_UTE,ID_DESTINAZIONE,ID_PARTICELLA,ID_PIANO_COLTURE,SUP_IMPEGNO,MTL_IMPEGNO,UNI_IMPEGNO,COD_FONTE_DATI,SCO_FONTE_DATI,DT_INIZIO,DT_FINE,FG_VALIDO_INIZIO,FG_VALIDO_FINE,ID_ATTO_INIZIO,ID_ATTO_FINE,DT_ULTIMO_AGG,UTENTE,ID_DOMANDA,ID_ISOLA,ID_PARC) 
values  ('3172222',to_date('26/04/2018 15:24:43','dd/mm/yyyy hh24:mi:ss'),to_date('31/12/9999 00:00:00','dd/mm/yyyy hh24:mi:ss'),'1',null,'18','3552641','5884964','2909','0',null,'FONDAT','DG0001',to_date('01/01/2018 00:00:00','dd/mm/yyyy hh24:mi:ss'),to_date('31/12/2018 00:00:00','dd/mm/yyyy hh24:mi:ss'),'N','S',null,null,to_date('26/04/2018 15:24:43','dd/mm/yyyy hh24:mi:ss'),'DG-AGEA','183380','904589','263064');

Insert into TQDO_DES_PC_DESTINAZIONE (PKID,DT_INSERT,DT_DELETE,ID_SOGGETTO,ID_UTE,ID_DESTINAZIONE,ID_PARTICELLA,ID_PIANO_COLTURE,SUP_IMPEGNO,MTL_IMPEGNO,UNI_IMPEGNO,COD_FONTE_DATI,SCO_FONTE_DATI,DT_INIZIO,DT_FINE,FG_VALIDO_INIZIO,FG_VALIDO_FINE,ID_ATTO_INIZIO,ID_ATTO_FINE,DT_ULTIMO_AGG,UTENTE,ID_DOMANDA,ID_ISOLA,ID_PARC) 
values ('3687781',to_date('18/05/2018 09:24:20','dd/mm/yyyy  HH24:MI:SS'),to_date('31/12/9999 00:00:00','dd/mm/yyyy  HH24:MI:SS'),'1403',null,'153','2089925','6270887','942','0',null,'FONDAT','DG0001',to_date('01/01/2018 00:00:00','dd/mm/yyyy  HH24:MI:SS'),to_date('31/12/2018 00:00:00','dd/mm/yyyy  HH24:MI:SS'),'N','S',null,null,to_date('18/05/2018 09:24:20','dd/mm/yyyy  HH24:MI:SS'),'DG-AGEA','186889','948307','435201');
Insert into TQDO_DES_PC_DESTINAZIONE (PKID,DT_INSERT,DT_DELETE,ID_SOGGETTO,ID_UTE,ID_DESTINAZIONE,ID_PARTICELLA,ID_PIANO_COLTURE,SUP_IMPEGNO,MTL_IMPEGNO,UNI_IMPEGNO,COD_FONTE_DATI,SCO_FONTE_DATI,DT_INIZIO,DT_FINE,FG_VALIDO_INIZIO,FG_VALIDO_FINE,ID_ATTO_INIZIO,ID_ATTO_FINE,DT_ULTIMO_AGG,UTENTE,ID_DOMANDA,ID_ISOLA,ID_PARC) 
values ('3687782',to_date('18/05/2018 09:24:20','dd/mm/yyyy  HH24:MI:SS'),to_date('31/12/9999 00:00:00','dd/mm/yyyy  HH24:MI:SS'),'1403',null,'153','2089925','6270888','797','0',null,'FONDAT','DG0001',to_date('01/01/2018 00:00:00','dd/mm/yyyy  HH24:MI:SS'),to_date('31/12/2018 00:00:00','dd/mm/yyyy  HH24:MI:SS'),'N','S',null,null,to_date('18/05/2018 09:24:20','dd/mm/yyyy  HH24:MI:SS'),'DG-AGEA','186889','948307','435202');
Insert into TQDO_DES_PC_DESTINAZIONE (PKID,DT_INSERT,DT_DELETE,ID_SOGGETTO,ID_UTE,ID_DESTINAZIONE,ID_PARTICELLA,ID_PIANO_COLTURE,SUP_IMPEGNO,MTL_IMPEGNO,UNI_IMPEGNO,COD_FONTE_DATI,SCO_FONTE_DATI,DT_INIZIO,DT_FINE,FG_VALIDO_INIZIO,FG_VALIDO_FINE,ID_ATTO_INIZIO,ID_ATTO_FINE,DT_ULTIMO_AGG,UTENTE,ID_DOMANDA,ID_ISOLA,ID_PARC) 
values ('3687783',to_date('18/05/2018 09:24:20','dd/mm/yyyy  HH24:MI:SS'),to_date('31/12/9999 00:00:00','dd/mm/yyyy  HH24:MI:SS'),'1403',null,'153','2089924','6270882','451','0',null,'FONDAT','DG0001',to_date('01/01/2018 00:00:00','dd/mm/yyyy  HH24:MI:SS'),to_date('31/12/2018 00:00:00','dd/mm/yyyy  HH24:MI:SS'),'N','S',null,null,to_date('18/05/2018 09:24:20','dd/mm/yyyy  HH24:MI:SS'),'DG-AGEA','186889','948308','435203');
Insert into TQDO_DES_PC_DESTINAZIONE (PKID,DT_INSERT,DT_DELETE,ID_SOGGETTO,ID_UTE,ID_DESTINAZIONE,ID_PARTICELLA,ID_PIANO_COLTURE,SUP_IMPEGNO,MTL_IMPEGNO,UNI_IMPEGNO,COD_FONTE_DATI,SCO_FONTE_DATI,DT_INIZIO,DT_FINE,FG_VALIDO_INIZIO,FG_VALIDO_FINE,ID_ATTO_INIZIO,ID_ATTO_FINE,DT_ULTIMO_AGG,UTENTE,ID_DOMANDA,ID_ISOLA,ID_PARC) 
values ('3687784',to_date('18/05/2018 09:24:20','dd/mm/yyyy  HH24:MI:SS'),to_date('31/12/9999 00:00:00','dd/mm/yyyy  HH24:MI:SS'),'1403',null,'153','2476420','6270900','4977','0',null,'FONDAT','DG0001',to_date('01/01/2018 00:00:00','dd/mm/yyyy  HH24:MI:SS'),to_date('31/12/2018 00:00:00','dd/mm/yyyy  HH24:MI:SS'),'N','S',null,null,to_date('18/05/2018 09:24:20','dd/mm/yyyy  HH24:MI:SS'),'DG-AGEA','186889','948312','435204');
Insert into TQDO_DES_PC_DESTINAZIONE (PKID,DT_INSERT,DT_DELETE,ID_SOGGETTO,ID_UTE,ID_DESTINAZIONE,ID_PARTICELLA,ID_PIANO_COLTURE,SUP_IMPEGNO,MTL_IMPEGNO,UNI_IMPEGNO,COD_FONTE_DATI,SCO_FONTE_DATI,DT_INIZIO,DT_FINE,FG_VALIDO_INIZIO,FG_VALIDO_FINE,ID_ATTO_INIZIO,ID_ATTO_FINE,DT_ULTIMO_AGG,UTENTE,ID_DOMANDA,ID_ISOLA,ID_PARC) 
values ('3687785',to_date('18/05/2018 09:24:20','dd/mm/yyyy  HH24:MI:SS'),to_date('31/12/9999 00:00:00','dd/mm/yyyy  HH24:MI:SS'),'1403',null,'155','1724731','6270879','127','0',null,'FONDAT','DG0001',to_date('01/01/2018 00:00:00','dd/mm/yyyy  HH24:MI:SS'),to_date('31/12/2018 00:00:00','dd/mm/yyyy  HH24:MI:SS'),'N','S',null,null,to_date('18/05/2018 09:24:20','dd/mm/yyyy  HH24:MI:SS'),'DG-AGEA','186889','948302','435206');
Insert into TQDO_DES_PC_DESTINAZIONE (PKID,DT_INSERT,DT_DELETE,ID_SOGGETTO,ID_UTE,ID_DESTINAZIONE,ID_PARTICELLA,ID_PIANO_COLTURE,SUP_IMPEGNO,MTL_IMPEGNO,UNI_IMPEGNO,COD_FONTE_DATI,SCO_FONTE_DATI,DT_INIZIO,DT_FINE,FG_VALIDO_INIZIO,FG_VALIDO_FINE,ID_ATTO_INIZIO,ID_ATTO_FINE,DT_ULTIMO_AGG,UTENTE,ID_DOMANDA,ID_ISOLA,ID_PARC) 
values ('3687786',to_date('18/05/2018 09:24:20','dd/mm/yyyy  HH24:MI:SS'),to_date('31/12/9999 00:00:00','dd/mm/yyyy  HH24:MI:SS'),'1403',null,'155','1724502','6270875','499','0',null,'FONDAT','DG0001',to_date('01/01/2018 00:00:00','dd/mm/yyyy  HH24:MI:SS'),to_date('31/12/2018 00:00:00','dd/mm/yyyy  HH24:MI:SS'),'N','S',null,null,to_date('18/05/2018 09:24:20','dd/mm/yyyy  HH24:MI:SS'),'DG-AGEA','186889','948303','435207');
Insert into TQDO_DES_PC_DESTINAZIONE (PKID,DT_INSERT,DT_DELETE,ID_SOGGETTO,ID_UTE,ID_DESTINAZIONE,ID_PARTICELLA,ID_PIANO_COLTURE,SUP_IMPEGNO,MTL_IMPEGNO,UNI_IMPEGNO,COD_FONTE_DATI,SCO_FONTE_DATI,DT_INIZIO,DT_FINE,FG_VALIDO_INIZIO,FG_VALIDO_FINE,ID_ATTO_INIZIO,ID_ATTO_FINE,DT_ULTIMO_AGG,UTENTE,ID_DOMANDA,ID_ISOLA,ID_PARC) 
values ('3687787',to_date('18/05/2018 09:24:20','dd/mm/yyyy  HH24:MI:SS'),to_date('31/12/9999 00:00:00','dd/mm/yyyy  HH24:MI:SS'),'1403',null,'155','2089925','6270891','1437','0',null,'FONDAT','DG0001',to_date('01/01/2018 00:00:00','dd/mm/yyyy  HH24:MI:SS'),to_date('31/12/2018 00:00:00','dd/mm/yyyy  HH24:MI:SS'),'N','S',null,null,to_date('18/05/2018 09:24:20','dd/mm/yyyy  HH24:MI:SS'),'DG-AGEA','186889','948307','435208');
Insert into TQDO_DES_PC_DESTINAZIONE (PKID,DT_INSERT,DT_DELETE,ID_SOGGETTO,ID_UTE,ID_DESTINAZIONE,ID_PARTICELLA,ID_PIANO_COLTURE,SUP_IMPEGNO,MTL_IMPEGNO,UNI_IMPEGNO,COD_FONTE_DATI,SCO_FONTE_DATI,DT_INIZIO,DT_FINE,FG_VALIDO_INIZIO,FG_VALIDO_FINE,ID_ATTO_INIZIO,ID_ATTO_FINE,DT_ULTIMO_AGG,UTENTE,ID_DOMANDA,ID_ISOLA,ID_PARC) 
values ('3687788',to_date('18/05/2018 09:24:20','dd/mm/yyyy  HH24:MI:SS'),to_date('31/12/9999 00:00:00','dd/mm/yyyy  HH24:MI:SS'),'1403',null,'155','2089928','6270893','3','0',null,'FONDAT','DG0001',to_date('01/01/2018 00:00:00','dd/mm/yyyy  HH24:MI:SS'),to_date('31/12/2018 00:00:00','dd/mm/yyyy  HH24:MI:SS'),'N','S',null,null,to_date('18/05/2018 09:24:20','dd/mm/yyyy  HH24:MI:SS'),'DG-AGEA','186889','948307','435208');
Insert into TQDO_DES_PC_DESTINAZIONE (PKID,DT_INSERT,DT_DELETE,ID_SOGGETTO,ID_UTE,ID_DESTINAZIONE,ID_PARTICELLA,ID_PIANO_COLTURE,SUP_IMPEGNO,MTL_IMPEGNO,UNI_IMPEGNO,COD_FONTE_DATI,SCO_FONTE_DATI,DT_INIZIO,DT_FINE,FG_VALIDO_INIZIO,FG_VALIDO_FINE,ID_ATTO_INIZIO,ID_ATTO_FINE,DT_ULTIMO_AGG,UTENTE,ID_DOMANDA,ID_ISOLA,ID_PARC) 
values ('3687789',to_date('18/05/2018 09:24:20','dd/mm/yyyy  HH24:MI:SS'),to_date('31/12/9999 00:00:00','dd/mm/yyyy  HH24:MI:SS'),'1403',null,'155','2089928','6270895','1494','0',null,'FONDAT','DG0001',to_date('01/01/2018 00:00:00','dd/mm/yyyy  HH24:MI:SS'),to_date('31/12/2018 00:00:00','dd/mm/yyyy  HH24:MI:SS'),'N','S',null,null,to_date('18/05/2018 09:24:20','dd/mm/yyyy  HH24:MI:SS'),'DG-AGEA','186889','948307','435208');
Insert into TQDO_DES_PC_DESTINAZIONE (PKID,DT_INSERT,DT_DELETE,ID_SOGGETTO,ID_UTE,ID_DESTINAZIONE,ID_PARTICELLA,ID_PIANO_COLTURE,SUP_IMPEGNO,MTL_IMPEGNO,UNI_IMPEGNO,COD_FONTE_DATI,SCO_FONTE_DATI,DT_INIZIO,DT_FINE,FG_VALIDO_INIZIO,FG_VALIDO_FINE,ID_ATTO_INIZIO,ID_ATTO_FINE,DT_ULTIMO_AGG,UTENTE,ID_DOMANDA,ID_ISOLA,ID_PARC) 
values ('3687790',to_date('18/05/2018 09:24:20','dd/mm/yyyy  HH24:MI:SS'),to_date('31/12/9999 00:00:00','dd/mm/yyyy  HH24:MI:SS'),'1403',null,'155','2481326','6270904','73','0',null,'FONDAT','DG0001',to_date('01/01/2018 00:00:00','dd/mm/yyyy  HH24:MI:SS'),to_date('31/12/2018 00:00:00','dd/mm/yyyy  HH24:MI:SS'),'N','S',null,null,to_date('18/05/2018 09:24:20','dd/mm/yyyy  HH24:MI:SS'),'DG-AGEA','186889','948311','435209');
Insert into TQDO_DES_PC_DESTINAZIONE (PKID,DT_INSERT,DT_DELETE,ID_SOGGETTO,ID_UTE,ID_DESTINAZIONE,ID_PARTICELLA,ID_PIANO_COLTURE,SUP_IMPEGNO,MTL_IMPEGNO,UNI_IMPEGNO,COD_FONTE_DATI,SCO_FONTE_DATI,DT_INIZIO,DT_FINE,FG_VALIDO_INIZIO,FG_VALIDO_FINE,ID_ATTO_INIZIO,ID_ATTO_FINE,DT_ULTIMO_AGG,UTENTE,ID_DOMANDA,ID_ISOLA,ID_PARC) 
values ('3687791',to_date('18/05/2018 09:24:20','dd/mm/yyyy  HH24:MI:SS'),to_date('31/12/9999 00:00:00','dd/mm/yyyy  HH24:MI:SS'),'1403',null,'155','2481339','6270910','28','0',null,'FONDAT','DG0001',to_date('01/01/2018 00:00:00','dd/mm/yyyy  HH24:MI:SS'),to_date('31/12/2018 00:00:00','dd/mm/yyyy  HH24:MI:SS'),'N','S',null,null,to_date('18/05/2018 09:24:20','dd/mm/yyyy  HH24:MI:SS'),'DG-AGEA','186889','948311','435209');
Insert into TQDO_DES_PC_DESTINAZIONE (PKID,DT_INSERT,DT_DELETE,ID_SOGGETTO,ID_UTE,ID_DESTINAZIONE,ID_PARTICELLA,ID_PIANO_COLTURE,SUP_IMPEGNO,MTL_IMPEGNO,UNI_IMPEGNO,COD_FONTE_DATI,SCO_FONTE_DATI,DT_INIZIO,DT_FINE,FG_VALIDO_INIZIO,FG_VALIDO_FINE,ID_ATTO_INIZIO,ID_ATTO_FINE,DT_ULTIMO_AGG,UTENTE,ID_DOMANDA,ID_ISOLA,ID_PARC) 
values ('3687792',to_date('18/05/2018 09:24:20','dd/mm/yyyy  HH24:MI:SS'),to_date('31/12/9999 00:00:00','dd/mm/yyyy  HH24:MI:SS'),'1403',null,'155','2481327','6270906','114','0',null,'FONDAT','DG0001',to_date('01/01/2018 00:00:00','dd/mm/yyyy  HH24:MI:SS'),to_date('31/12/2018 00:00:00','dd/mm/yyyy  HH24:MI:SS'),'N','S',null,null,to_date('18/05/2018 09:24:20','dd/mm/yyyy  HH24:MI:SS'),'DG-AGEA','186889','948311','435209');
Insert into TQDO_DES_PC_DESTINAZIONE (PKID,DT_INSERT,DT_DELETE,ID_SOGGETTO,ID_UTE,ID_DESTINAZIONE,ID_PARTICELLA,ID_PIANO_COLTURE,SUP_IMPEGNO,MTL_IMPEGNO,UNI_IMPEGNO,COD_FONTE_DATI,SCO_FONTE_DATI,DT_INIZIO,DT_FINE,FG_VALIDO_INIZIO,FG_VALIDO_FINE,ID_ATTO_INIZIO,ID_ATTO_FINE,DT_ULTIMO_AGG,UTENTE,ID_DOMANDA,ID_ISOLA,ID_PARC) 
values ('3687793',to_date('18/05/2018 09:24:20','dd/mm/yyyy  HH24:MI:SS'),to_date('31/12/9999 00:00:00','dd/mm/yyyy  HH24:MI:SS'),'1403',null,'155','2481339','6270909','85','0',null,'FONDAT','DG0001',to_date('01/01/2018 00:00:00','dd/mm/yyyy  HH24:MI:SS'),to_date('31/12/2018 00:00:00','dd/mm/yyyy  HH24:MI:SS'),'N','S',null,null,to_date('18/05/2018 09:24:20','dd/mm/yyyy  HH24:MI:SS'),'DG-AGEA','186889','948311','435210');
Insert into TQDO_DES_PC_DESTINAZIONE (PKID,DT_INSERT,DT_DELETE,ID_SOGGETTO,ID_UTE,ID_DESTINAZIONE,ID_PARTICELLA,ID_PIANO_COLTURE,SUP_IMPEGNO,MTL_IMPEGNO,UNI_IMPEGNO,COD_FONTE_DATI,SCO_FONTE_DATI,DT_INIZIO,DT_FINE,FG_VALIDO_INIZIO,FG_VALIDO_FINE,ID_ATTO_INIZIO,ID_ATTO_FINE,DT_ULTIMO_AGG,UTENTE,ID_DOMANDA,ID_ISOLA,ID_PARC) 
values ('3687794',to_date('18/05/2018 09:24:20','dd/mm/yyyy  HH24:MI:SS'),to_date('31/12/9999 00:00:00','dd/mm/yyyy  HH24:MI:SS'),'1403',null,'155','2476420','6270899','25','0',null,'FONDAT','DG0001',to_date('01/01/2018 00:00:00','dd/mm/yyyy  HH24:MI:SS'),to_date('31/12/2018 00:00:00','dd/mm/yyyy  HH24:MI:SS'),'N','S',null,null,to_date('18/05/2018 09:24:20','dd/mm/yyyy  HH24:MI:SS'),'DG-AGEA','186889','948312','435211');
Insert into TQDO_DES_PC_DESTINAZIONE (PKID,DT_INSERT,DT_DELETE,ID_SOGGETTO,ID_UTE,ID_DESTINAZIONE,ID_PARTICELLA,ID_PIANO_COLTURE,SUP_IMPEGNO,MTL_IMPEGNO,UNI_IMPEGNO,COD_FONTE_DATI,SCO_FONTE_DATI,DT_INIZIO,DT_FINE,FG_VALIDO_INIZIO,FG_VALIDO_FINE,ID_ATTO_INIZIO,ID_ATTO_FINE,DT_ULTIMO_AGG,UTENTE,ID_DOMANDA,ID_ISOLA,ID_PARC) 
values ('3687795',to_date('18/05/2018 09:24:20','dd/mm/yyyy  HH24:MI:SS'),to_date('31/12/9999 00:00:00','dd/mm/yyyy  HH24:MI:SS'),'1403',null,'155','2476420','6270897','65','0',null,'FONDAT','DG0001',to_date('01/01/2018 00:00:00','dd/mm/yyyy  HH24:MI:SS'),to_date('31/12/2018 00:00:00','dd/mm/yyyy  HH24:MI:SS'),'N','S',null,null,to_date('18/05/2018 09:24:20','dd/mm/yyyy  HH24:MI:SS'),'DG-AGEA','186889','948312','435212');
Insert into TQDO_DES_PC_DESTINAZIONE (PKID,DT_INSERT,DT_DELETE,ID_SOGGETTO,ID_UTE,ID_DESTINAZIONE,ID_PARTICELLA,ID_PIANO_COLTURE,SUP_IMPEGNO,MTL_IMPEGNO,UNI_IMPEGNO,COD_FONTE_DATI,SCO_FONTE_DATI,DT_INIZIO,DT_FINE,FG_VALIDO_INIZIO,FG_VALIDO_FINE,ID_ATTO_INIZIO,ID_ATTO_FINE,DT_ULTIMO_AGG,UTENTE,ID_DOMANDA,ID_ISOLA,ID_PARC) 
values ('3687796',to_date('18/05/2018 09:24:20','dd/mm/yyyy  HH24:MI:SS'),to_date('31/12/9999 00:00:00','dd/mm/yyyy  HH24:MI:SS'),'1403',null,'155','2476420','6270898','2','0',null,'FONDAT','DG0001',to_date('01/01/2018 00:00:00','dd/mm/yyyy  HH24:MI:SS'),to_date('31/12/2018 00:00:00','dd/mm/yyyy  HH24:MI:SS'),'N','S',null,null,to_date('18/05/2018 09:24:20','dd/mm/yyyy  HH24:MI:SS'),'DG-AGEA','186889','948312','435212');
Insert into TQDO_DES_PC_DESTINAZIONE (PKID,DT_INSERT,DT_DELETE,ID_SOGGETTO,ID_UTE,ID_DESTINAZIONE,ID_PARTICELLA,ID_PIANO_COLTURE,SUP_IMPEGNO,MTL_IMPEGNO,UNI_IMPEGNO,COD_FONTE_DATI,SCO_FONTE_DATI,DT_INIZIO,DT_FINE,FG_VALIDO_INIZIO,FG_VALIDO_FINE,ID_ATTO_INIZIO,ID_ATTO_FINE,DT_ULTIMO_AGG,UTENTE,ID_DOMANDA,ID_ISOLA,ID_PARC) 
values ('3687797',to_date('18/05/2018 09:24:20','dd/mm/yyyy  HH24:MI:SS'),to_date('31/12/9999 00:00:00','dd/mm/yyyy  HH24:MI:SS'),'1403',null,'18','1724762','6270880','1832','0',null,'FONDAT','DG0001',to_date('01/01/2018 00:00:00','dd/mm/yyyy  HH24:MI:SS'),to_date('31/12/2018 00:00:00','dd/mm/yyyy  HH24:MI:SS'),'N','S',null,null,to_date('18/05/2018 09:24:20','dd/mm/yyyy  HH24:MI:SS'),'DG-AGEA','186889','948302','435213');
Insert into TQDO_DES_PC_DESTINAZIONE (PKID,DT_INSERT,DT_DELETE,ID_SOGGETTO,ID_UTE,ID_DESTINAZIONE,ID_PARTICELLA,ID_PIANO_COLTURE,SUP_IMPEGNO,MTL_IMPEGNO,UNI_IMPEGNO,COD_FONTE_DATI,SCO_FONTE_DATI,DT_INIZIO,DT_FINE,FG_VALIDO_INIZIO,FG_VALIDO_FINE,ID_ATTO_INIZIO,ID_ATTO_FINE,DT_ULTIMO_AGG,UTENTE,ID_DOMANDA,ID_ISOLA,ID_PARC) 
values ('3687798',to_date('18/05/2018 09:24:20','dd/mm/yyyy  HH24:MI:SS'),to_date('31/12/9999 00:00:00','dd/mm/yyyy  HH24:MI:SS'),'1403',null,'18','1724731','6270878','437','0',null,'FONDAT','DG0001',to_date('01/01/2018 00:00:00','dd/mm/yyyy  HH24:MI:SS'),to_date('31/12/2018 00:00:00','dd/mm/yyyy  HH24:MI:SS'),'N','S',null,null,to_date('18/05/2018 09:24:20','dd/mm/yyyy  HH24:MI:SS'),'DG-AGEA','186889','948302','435213');
Insert into TQDO_DES_PC_DESTINAZIONE (PKID,DT_INSERT,DT_DELETE,ID_SOGGETTO,ID_UTE,ID_DESTINAZIONE,ID_PARTICELLA,ID_PIANO_COLTURE,SUP_IMPEGNO,MTL_IMPEGNO,UNI_IMPEGNO,COD_FONTE_DATI,SCO_FONTE_DATI,DT_INIZIO,DT_FINE,FG_VALIDO_INIZIO,FG_VALIDO_FINE,ID_ATTO_INIZIO,ID_ATTO_FINE,DT_ULTIMO_AGG,UTENTE,ID_DOMANDA,ID_ISOLA,ID_PARC) 
values ('3687799',to_date('18/05/2018 09:24:20','dd/mm/yyyy  HH24:MI:SS'),to_date('31/12/9999 00:00:00','dd/mm/yyyy  HH24:MI:SS'),'1403',null,'18','1724502','6270876','240','0',null,'FONDAT','DG0001',to_date('01/01/2018 00:00:00','dd/mm/yyyy  HH24:MI:SS'),to_date('31/12/2018 00:00:00','dd/mm/yyyy  HH24:MI:SS'),'N','S',null,null,to_date('18/05/2018 09:24:20','dd/mm/yyyy  HH24:MI:SS'),'DG-AGEA','186889','948303','435214');
Insert into TQDO_DES_PC_DESTINAZIONE (PKID,DT_INSERT,DT_DELETE,ID_SOGGETTO,ID_UTE,ID_DESTINAZIONE,ID_PARTICELLA,ID_PIANO_COLTURE,SUP_IMPEGNO,MTL_IMPEGNO,UNI_IMPEGNO,COD_FONTE_DATI,SCO_FONTE_DATI,DT_INIZIO,DT_FINE,FG_VALIDO_INIZIO,FG_VALIDO_FINE,ID_ATTO_INIZIO,ID_ATTO_FINE,DT_ULTIMO_AGG,UTENTE,ID_DOMANDA,ID_ISOLA,ID_PARC) 
values ('3687800',to_date('18/05/2018 09:24:20','dd/mm/yyyy  HH24:MI:SS'),to_date('31/12/9999 00:00:00','dd/mm/yyyy  HH24:MI:SS'),'1403',null,'18','1724727','6270877','1626','0',null,'FONDAT','DG0001',to_date('01/01/2018 00:00:00','dd/mm/yyyy  HH24:MI:SS'),to_date('31/12/2018 00:00:00','dd/mm/yyyy  HH24:MI:SS'),'N','S',null,null,to_date('18/05/2018 09:24:20','dd/mm/yyyy  HH24:MI:SS'),'DG-AGEA','186889','948304','435215');
Insert into TQDO_DES_PC_DESTINAZIONE (PKID,DT_INSERT,DT_DELETE,ID_SOGGETTO,ID_UTE,ID_DESTINAZIONE,ID_PARTICELLA,ID_PIANO_COLTURE,SUP_IMPEGNO,MTL_IMPEGNO,UNI_IMPEGNO,COD_FONTE_DATI,SCO_FONTE_DATI,DT_INIZIO,DT_FINE,FG_VALIDO_INIZIO,FG_VALIDO_FINE,ID_ATTO_INIZIO,ID_ATTO_FINE,DT_ULTIMO_AGG,UTENTE,ID_DOMANDA,ID_ISOLA,ID_PARC) 
values ('3687801',to_date('18/05/2018 09:24:20','dd/mm/yyyy  HH24:MI:SS'),to_date('31/12/9999 00:00:00','dd/mm/yyyy  HH24:MI:SS'),'1403',null,'18','2089928','6270892','332','0',null,'FONDAT','DG0001',to_date('01/01/2018 00:00:00','dd/mm/yyyy  HH24:MI:SS'),to_date('31/12/2018 00:00:00','dd/mm/yyyy  HH24:MI:SS'),'N','S',null,null,to_date('18/05/2018 09:24:20','dd/mm/yyyy  HH24:MI:SS'),'DG-AGEA','186889','948307','435216');
Insert into TQDO_DES_PC_DESTINAZIONE (PKID,DT_INSERT,DT_DELETE,ID_SOGGETTO,ID_UTE,ID_DESTINAZIONE,ID_PARTICELLA,ID_PIANO_COLTURE,SUP_IMPEGNO,MTL_IMPEGNO,UNI_IMPEGNO,COD_FONTE_DATI,SCO_FONTE_DATI,DT_INIZIO,DT_FINE,FG_VALIDO_INIZIO,FG_VALIDO_FINE,ID_ATTO_INIZIO,ID_ATTO_FINE,DT_ULTIMO_AGG,UTENTE,ID_DOMANDA,ID_ISOLA,ID_PARC) 
values ('3687802',to_date('18/05/2018 09:24:20','dd/mm/yyyy  HH24:MI:SS'),to_date('31/12/9999 00:00:00','dd/mm/yyyy  HH24:MI:SS'),'1403',null,'18','2089928','6270894','32','0',null,'FONDAT','DG0001',to_date('01/01/2018 00:00:00','dd/mm/yyyy  HH24:MI:SS'),to_date('31/12/2018 00:00:00','dd/mm/yyyy  HH24:MI:SS'),'N','S',null,null,to_date('18/05/2018 09:24:20','dd/mm/yyyy  HH24:MI:SS'),'DG-AGEA','186889','948307','435217');
Insert into TQDO_DES_PC_DESTINAZIONE (PKID,DT_INSERT,DT_DELETE,ID_SOGGETTO,ID_UTE,ID_DESTINAZIONE,ID_PARTICELLA,ID_PIANO_COLTURE,SUP_IMPEGNO,MTL_IMPEGNO,UNI_IMPEGNO,COD_FONTE_DATI,SCO_FONTE_DATI,DT_INIZIO,DT_FINE,FG_VALIDO_INIZIO,FG_VALIDO_FINE,ID_ATTO_INIZIO,ID_ATTO_FINE,DT_ULTIMO_AGG,UTENTE,ID_DOMANDA,ID_ISOLA,ID_PARC) 
values ('3687803',to_date('18/05/2018 09:24:20','dd/mm/yyyy  HH24:MI:SS'),to_date('31/12/9999 00:00:00','dd/mm/yyyy  HH24:MI:SS'),'1403',null,'18','2089928','6270896','1699','0',null,'FONDAT','DG0001',to_date('01/01/2018 00:00:00','dd/mm/yyyy  HH24:MI:SS'),to_date('31/12/2018 00:00:00','dd/mm/yyyy  HH24:MI:SS'),'N','S',null,null,to_date('18/05/2018 09:24:20','dd/mm/yyyy  HH24:MI:SS'),'DG-AGEA','186889','948307','435217');
Insert into TQDO_DES_PC_DESTINAZIONE (PKID,DT_INSERT,DT_DELETE,ID_SOGGETTO,ID_UTE,ID_DESTINAZIONE,ID_PARTICELLA,ID_PIANO_COLTURE,SUP_IMPEGNO,MTL_IMPEGNO,UNI_IMPEGNO,COD_FONTE_DATI,SCO_FONTE_DATI,DT_INIZIO,DT_FINE,FG_VALIDO_INIZIO,FG_VALIDO_FINE,ID_ATTO_INIZIO,ID_ATTO_FINE,DT_ULTIMO_AGG,UTENTE,ID_DOMANDA,ID_ISOLA,ID_PARC) 
values ('3687804',to_date('18/05/2018 09:24:20','dd/mm/yyyy  HH24:MI:SS'),to_date('31/12/9999 00:00:00','dd/mm/yyyy  HH24:MI:SS'),'1403',null,'18','2089925','6270886','8553','0',null,'FONDAT','DG0001',to_date('01/01/2018 00:00:00','dd/mm/yyyy  HH24:MI:SS'),to_date('31/12/2018 00:00:00','dd/mm/yyyy  HH24:MI:SS'),'N','S',null,null,to_date('18/05/2018 09:24:20','dd/mm/yyyy  HH24:MI:SS'),'DG-AGEA','186889','948307','435218');
Insert into TQDO_DES_PC_DESTINAZIONE (PKID,DT_INSERT,DT_DELETE,ID_SOGGETTO,ID_UTE,ID_DESTINAZIONE,ID_PARTICELLA,ID_PIANO_COLTURE,SUP_IMPEGNO,MTL_IMPEGNO,UNI_IMPEGNO,COD_FONTE_DATI,SCO_FONTE_DATI,DT_INIZIO,DT_FINE,FG_VALIDO_INIZIO,FG_VALIDO_FINE,ID_ATTO_INIZIO,ID_ATTO_FINE,DT_ULTIMO_AGG,UTENTE,ID_DOMANDA,ID_ISOLA,ID_PARC) 
values ('3687805',to_date('18/05/2018 09:24:20','dd/mm/yyyy  HH24:MI:SS'),to_date('31/12/9999 00:00:00','dd/mm/yyyy  HH24:MI:SS'),'1403',null,'18','2089925','6270887','942','0',null,'FONDAT','DG0001',to_date('01/01/2018 00:00:00','dd/mm/yyyy  HH24:MI:SS'),to_date('31/12/2018 00:00:00','dd/mm/yyyy  HH24:MI:SS'),'N','S',null,null,to_date('18/05/2018 09:24:20','dd/mm/yyyy  HH24:MI:SS'),'DG-AGEA','186889','948307','435218');
Insert into TQDO_DES_PC_DESTINAZIONE (PKID,DT_INSERT,DT_DELETE,ID_SOGGETTO,ID_UTE,ID_DESTINAZIONE,ID_PARTICELLA,ID_PIANO_COLTURE,SUP_IMPEGNO,MTL_IMPEGNO,UNI_IMPEGNO,COD_FONTE_DATI,SCO_FONTE_DATI,DT_INIZIO,DT_FINE,FG_VALIDO_INIZIO,FG_VALIDO_FINE,ID_ATTO_INIZIO,ID_ATTO_FINE,DT_ULTIMO_AGG,UTENTE,ID_DOMANDA,ID_ISOLA,ID_PARC) 
values ('3687806',to_date('18/05/2018 09:24:20','dd/mm/yyyy  HH24:MI:SS'),to_date('31/12/9999 00:00:00','dd/mm/yyyy  HH24:MI:SS'),'1403',null,'18','2089925','6270888','797','0',null,'FONDAT','DG0001',to_date('01/01/2018 00:00:00','dd/mm/yyyy  HH24:MI:SS'),to_date('31/12/2018 00:00:00','dd/mm/yyyy  HH24:MI:SS'),'N','S',null,null,to_date('18/05/2018 09:24:20','dd/mm/yyyy  HH24:MI:SS'),'DG-AGEA','186889','948307','435218');
Insert into TQDO_DES_PC_DESTINAZIONE (PKID,DT_INSERT,DT_DELETE,ID_SOGGETTO,ID_UTE,ID_DESTINAZIONE,ID_PARTICELLA,ID_PIANO_COLTURE,SUP_IMPEGNO,MTL_IMPEGNO,UNI_IMPEGNO,COD_FONTE_DATI,SCO_FONTE_DATI,DT_INIZIO,DT_FINE,FG_VALIDO_INIZIO,FG_VALIDO_FINE,ID_ATTO_INIZIO,ID_ATTO_FINE,DT_ULTIMO_AGG,UTENTE,ID_DOMANDA,ID_ISOLA,ID_PARC) 
values ('3687807',to_date('18/05/2018 09:24:20','dd/mm/yyyy  HH24:MI:SS'),to_date('31/12/9999 00:00:00','dd/mm/yyyy  HH24:MI:SS'),'1403',null,'18','2089925','6270885','2477','0',null,'FONDAT','DG0001',to_date('01/01/2018 00:00:00','dd/mm/yyyy  HH24:MI:SS'),to_date('31/12/2018 00:00:00','dd/mm/yyyy  HH24:MI:SS'),'N','S',null,null,to_date('18/05/2018 09:24:20','dd/mm/yyyy  HH24:MI:SS'),'DG-AGEA','186889','948307','435218');
Insert into TQDO_DES_PC_DESTINAZIONE (PKID,DT_INSERT,DT_DELETE,ID_SOGGETTO,ID_UTE,ID_DESTINAZIONE,ID_PARTICELLA,ID_PIANO_COLTURE,SUP_IMPEGNO,MTL_IMPEGNO,UNI_IMPEGNO,COD_FONTE_DATI,SCO_FONTE_DATI,DT_INIZIO,DT_FINE,FG_VALIDO_INIZIO,FG_VALIDO_FINE,ID_ATTO_INIZIO,ID_ATTO_FINE,DT_ULTIMO_AGG,UTENTE,ID_DOMANDA,ID_ISOLA,ID_PARC) 
values ('3687808',to_date('18/05/2018 09:24:20','dd/mm/yyyy  HH24:MI:SS'),to_date('31/12/9999 00:00:00','dd/mm/yyyy  HH24:MI:SS'),'1403',null,'18','2089925','6270890','663','0',null,'FONDAT','DG0001',to_date('01/01/2018 00:00:00','dd/mm/yyyy  HH24:MI:SS'),to_date('31/12/2018 00:00:00','dd/mm/yyyy  HH24:MI:SS'),'N','S',null,null,to_date('18/05/2018 09:24:20','dd/mm/yyyy  HH24:MI:SS'),'DG-AGEA','186889','948307','435218');
Insert into TQDO_DES_PC_DESTINAZIONE (PKID,DT_INSERT,DT_DELETE,ID_SOGGETTO,ID_UTE,ID_DESTINAZIONE,ID_PARTICELLA,ID_PIANO_COLTURE,SUP_IMPEGNO,MTL_IMPEGNO,UNI_IMPEGNO,COD_FONTE_DATI,SCO_FONTE_DATI,DT_INIZIO,DT_FINE,FG_VALIDO_INIZIO,FG_VALIDO_FINE,ID_ATTO_INIZIO,ID_ATTO_FINE,DT_ULTIMO_AGG,UTENTE,ID_DOMANDA,ID_ISOLA,ID_PARC) 
values ('3687809',to_date('18/05/2018 09:24:20','dd/mm/yyyy  HH24:MI:SS'),to_date('31/12/9999 00:00:00','dd/mm/yyyy  HH24:MI:SS'),'1403',null,'18','2089925','6270889','350','0',null,'FONDAT','DG0001',to_date('01/01/2018 00:00:00','dd/mm/yyyy  HH24:MI:SS'),to_date('31/12/2018 00:00:00','dd/mm/yyyy  HH24:MI:SS'),'N','S',null,null,to_date('18/05/2018 09:24:20','dd/mm/yyyy  HH24:MI:SS'),'DG-AGEA','186889','948307','435218');
Insert into TQDO_DES_PC_DESTINAZIONE (PKID,DT_INSERT,DT_DELETE,ID_SOGGETTO,ID_UTE,ID_DESTINAZIONE,ID_PARTICELLA,ID_PIANO_COLTURE,SUP_IMPEGNO,MTL_IMPEGNO,UNI_IMPEGNO,COD_FONTE_DATI,SCO_FONTE_DATI,DT_INIZIO,DT_FINE,FG_VALIDO_INIZIO,FG_VALIDO_FINE,ID_ATTO_INIZIO,ID_ATTO_FINE,DT_ULTIMO_AGG,UTENTE,ID_DOMANDA,ID_ISOLA,ID_PARC) 
values ('3687810',to_date('18/05/2018 09:24:20','dd/mm/yyyy  HH24:MI:SS'),to_date('31/12/9999 00:00:00','dd/mm/yyyy  HH24:MI:SS'),'1403',null,'18','2089924','6270884','2117','0',null,'FONDAT','DG0001',to_date('01/01/2018 00:00:00','dd/mm/yyyy  HH24:MI:SS'),to_date('31/12/2018 00:00:00','dd/mm/yyyy  HH24:MI:SS'),'N','S',null,null,to_date('18/05/2018 09:24:20','dd/mm/yyyy  HH24:MI:SS'),'DG-AGEA','186889','948308','435219');
Insert into TQDO_DES_PC_DESTINAZIONE (PKID,DT_INSERT,DT_DELETE,ID_SOGGETTO,ID_UTE,ID_DESTINAZIONE,ID_PARTICELLA,ID_PIANO_COLTURE,SUP_IMPEGNO,MTL_IMPEGNO,UNI_IMPEGNO,COD_FONTE_DATI,SCO_FONTE_DATI,DT_INIZIO,DT_FINE,FG_VALIDO_INIZIO,FG_VALIDO_FINE,ID_ATTO_INIZIO,ID_ATTO_FINE,DT_ULTIMO_AGG,UTENTE,ID_DOMANDA,ID_ISOLA,ID_PARC) 
values ('3687811',to_date('18/05/2018 09:24:20','dd/mm/yyyy  HH24:MI:SS'),to_date('31/12/9999 00:00:00','dd/mm/yyyy  HH24:MI:SS'),'1403',null,'18','2089924','6270881','2600','0',null,'FONDAT','DG0001',to_date('01/01/2018 00:00:00','dd/mm/yyyy  HH24:MI:SS'),to_date('31/12/2018 00:00:00','dd/mm/yyyy  HH24:MI:SS'),'N','S',null,null,to_date('18/05/2018 09:24:20','dd/mm/yyyy  HH24:MI:SS'),'DG-AGEA','186889','948308','435219');
Insert into TQDO_DES_PC_DESTINAZIONE (PKID,DT_INSERT,DT_DELETE,ID_SOGGETTO,ID_UTE,ID_DESTINAZIONE,ID_PARTICELLA,ID_PIANO_COLTURE,SUP_IMPEGNO,MTL_IMPEGNO,UNI_IMPEGNO,COD_FONTE_DATI,SCO_FONTE_DATI,DT_INIZIO,DT_FINE,FG_VALIDO_INIZIO,FG_VALIDO_FINE,ID_ATTO_INIZIO,ID_ATTO_FINE,DT_ULTIMO_AGG,UTENTE,ID_DOMANDA,ID_ISOLA,ID_PARC)
values ('3687812',to_date('18/05/2018 09:24:20','dd/mm/yyyy  HH24:MI:SS'),to_date('31/12/9999 00:00:00','dd/mm/yyyy  HH24:MI:SS'),'1403',null,'18','2089924','6270882','451','0',null,'FONDAT','DG0001',to_date('01/01/2018 00:00:00','dd/mm/yyyy  HH24:MI:SS'),to_date('31/12/2018 00:00:00','dd/mm/yyyy  HH24:MI:SS'),'N','S',null,null,to_date('18/05/2018 09:24:20','dd/mm/yyyy  HH24:MI:SS'),'DG-AGEA','186889','948308','435219');
Insert into TQDO_DES_PC_DESTINAZIONE (PKID,DT_INSERT,DT_DELETE,ID_SOGGETTO,ID_UTE,ID_DESTINAZIONE,ID_PARTICELLA,ID_PIANO_COLTURE,SUP_IMPEGNO,MTL_IMPEGNO,UNI_IMPEGNO,COD_FONTE_DATI,SCO_FONTE_DATI,DT_INIZIO,DT_FINE,FG_VALIDO_INIZIO,FG_VALIDO_FINE,ID_ATTO_INIZIO,ID_ATTO_FINE,DT_ULTIMO_AGG,UTENTE,ID_DOMANDA,ID_ISOLA,ID_PARC) 
values ('3687813',to_date('18/05/2018 09:24:20','dd/mm/yyyy  HH24:MI:SS'),to_date('31/12/9999 00:00:00','dd/mm/yyyy  HH24:MI:SS'),'1403',null,'18','2089924','6270883','2619','0',null,'FONDAT','DG0001',to_date('01/01/2018 00:00:00','dd/mm/yyyy  HH24:MI:SS'),to_date('31/12/2018 00:00:00','dd/mm/yyyy  HH24:MI:SS'),'N','S',null,null,to_date('18/05/2018 09:24:20','dd/mm/yyyy  HH24:MI:SS'),'DG-AGEA','186889','948308','435219');
Insert into TQDO_DES_PC_DESTINAZIONE (PKID,DT_INSERT,DT_DELETE,ID_SOGGETTO,ID_UTE,ID_DESTINAZIONE,ID_PARTICELLA,ID_PIANO_COLTURE,SUP_IMPEGNO,MTL_IMPEGNO,UNI_IMPEGNO,COD_FONTE_DATI,SCO_FONTE_DATI,DT_INIZIO,DT_FINE,FG_VALIDO_INIZIO,FG_VALIDO_FINE,ID_ATTO_INIZIO,ID_ATTO_FINE,DT_ULTIMO_AGG,UTENTE,ID_DOMANDA,ID_ISOLA,ID_PARC) 
values ('3687814',to_date('18/05/2018 09:24:20','dd/mm/yyyy  HH24:MI:SS'),to_date('31/12/9999 00:00:00','dd/mm/yyyy  HH24:MI:SS'),'1403',null,'18','2481326','6270905','3347','0',null,'FONDAT','DG0001',to_date('01/01/2018 00:00:00','dd/mm/yyyy  HH24:MI:SS'),to_date('31/12/2018 00:00:00','dd/mm/yyyy  HH24:MI:SS'),'N','S',null,null,to_date('18/05/2018 09:24:20','dd/mm/yyyy  HH24:MI:SS'),'DG-AGEA','186889','948311','435220');
Insert into TQDO_DES_PC_DESTINAZIONE (PKID,DT_INSERT,DT_DELETE,ID_SOGGETTO,ID_UTE,ID_DESTINAZIONE,ID_PARTICELLA,ID_PIANO_COLTURE,SUP_IMPEGNO,MTL_IMPEGNO,UNI_IMPEGNO,COD_FONTE_DATI,SCO_FONTE_DATI,DT_INIZIO,DT_FINE,FG_VALIDO_INIZIO,FG_VALIDO_FINE,ID_ATTO_INIZIO,ID_ATTO_FINE,DT_ULTIMO_AGG,UTENTE,ID_DOMANDA,ID_ISOLA,ID_PARC) 
values ('3687815',to_date('18/05/2018 09:24:20','dd/mm/yyyy  HH24:MI:SS'),to_date('31/12/9999 00:00:00','dd/mm/yyyy  HH24:MI:SS'),'1403',null,'18','2481339','6270908','404','0',null,'FONDAT','DG0001',to_date('01/01/2018 00:00:00','dd/mm/yyyy  HH24:MI:SS'),to_date('31/12/2018 00:00:00','dd/mm/yyyy  HH24:MI:SS'),'N','S',null,null,to_date('18/05/2018 09:24:20','dd/mm/yyyy  HH24:MI:SS'),'DG-AGEA','186889','948311','435220');
Insert into TQDO_DES_PC_DESTINAZIONE (PKID,DT_INSERT,DT_DELETE,ID_SOGGETTO,ID_UTE,ID_DESTINAZIONE,ID_PARTICELLA,ID_PIANO_COLTURE,SUP_IMPEGNO,MTL_IMPEGNO,UNI_IMPEGNO,COD_FONTE_DATI,SCO_FONTE_DATI,DT_INIZIO,DT_FINE,FG_VALIDO_INIZIO,FG_VALIDO_FINE,ID_ATTO_INIZIO,ID_ATTO_FINE,DT_ULTIMO_AGG,UTENTE,ID_DOMANDA,ID_ISOLA,ID_PARC) 
values ('3687816',to_date('18/05/2018 09:24:20','dd/mm/yyyy  HH24:MI:SS'),to_date('31/12/9999 00:00:00','dd/mm/yyyy  HH24:MI:SS'),'1403',null,'18','2479831','6270903','599','0',null,'FONDAT','DG0001',to_date('01/01/2018 00:00:00','dd/mm/yyyy  HH24:MI:SS'),to_date('31/12/2018 00:00:00','dd/mm/yyyy  HH24:MI:SS'),'N','S',null,null,to_date('18/05/2018 09:24:20','dd/mm/yyyy  HH24:MI:SS'),'DG-AGEA','186889','948311','435220');
Insert into TQDO_DES_PC_DESTINAZIONE (PKID,DT_INSERT,DT_DELETE,ID_SOGGETTO,ID_UTE,ID_DESTINAZIONE,ID_PARTICELLA,ID_PIANO_COLTURE,SUP_IMPEGNO,MTL_IMPEGNO,UNI_IMPEGNO,COD_FONTE_DATI,SCO_FONTE_DATI,DT_INIZIO,DT_FINE,FG_VALIDO_INIZIO,FG_VALIDO_FINE,ID_ATTO_INIZIO,ID_ATTO_FINE,DT_ULTIMO_AGG,UTENTE,ID_DOMANDA,ID_ISOLA,ID_PARC) 
values ('3687817',to_date('18/05/2018 09:24:20','dd/mm/yyyy  HH24:MI:SS'),to_date('31/12/9999 00:00:00','dd/mm/yyyy  HH24:MI:SS'),'1403',null,'18','2481327','6270907','3079','0',null,'FONDAT','DG0001',to_date('01/01/2018 00:00:00','dd/mm/yyyy  HH24:MI:SS'),to_date('31/12/2018 00:00:00','dd/mm/yyyy  HH24:MI:SS'),'N','S',null,null,to_date('18/05/2018 09:24:20','dd/mm/yyyy  HH24:MI:SS'),'DG-AGEA','186889','948311','435220');
Insert into TQDO_DES_PC_DESTINAZIONE (PKID,DT_INSERT,DT_DELETE,ID_SOGGETTO,ID_UTE,ID_DESTINAZIONE,ID_PARTICELLA,ID_PIANO_COLTURE,SUP_IMPEGNO,MTL_IMPEGNO,UNI_IMPEGNO,COD_FONTE_DATI,SCO_FONTE_DATI,DT_INIZIO,DT_FINE,FG_VALIDO_INIZIO,FG_VALIDO_FINE,ID_ATTO_INIZIO,ID_ATTO_FINE,DT_ULTIMO_AGG,UTENTE,ID_DOMANDA,ID_ISOLA,ID_PARC) 
values ('3687818',to_date('18/05/2018 09:24:20','dd/mm/yyyy  HH24:MI:SS'),to_date('31/12/9999 00:00:00','dd/mm/yyyy  HH24:MI:SS'),'1403',null,'18','2479801','6270902','427','0',null,'FONDAT','DG0001',to_date('01/01/2018 00:00:00','dd/mm/yyyy  HH24:MI:SS'),to_date('31/12/2018 00:00:00','dd/mm/yyyy  HH24:MI:SS'),'N','S',null,null,to_date('18/05/2018 09:24:20','dd/mm/yyyy  HH24:MI:SS'),'DG-AGEA','186889','948311','435220');
Insert into TQDO_DES_PC_DESTINAZIONE (PKID,DT_INSERT,DT_DELETE,ID_SOGGETTO,ID_UTE,ID_DESTINAZIONE,ID_PARTICELLA,ID_PIANO_COLTURE,SUP_IMPEGNO,MTL_IMPEGNO,UNI_IMPEGNO,COD_FONTE_DATI,SCO_FONTE_DATI,DT_INIZIO,DT_FINE,FG_VALIDO_INIZIO,FG_VALIDO_FINE,ID_ATTO_INIZIO,ID_ATTO_FINE,DT_ULTIMO_AGG,UTENTE,ID_DOMANDA,ID_ISOLA,ID_PARC) 
values ('3687819',to_date('18/05/2018 09:24:20','dd/mm/yyyy  HH24:MI:SS'),to_date('31/12/9999 00:00:00','dd/mm/yyyy  HH24:MI:SS'),'1403',null,'18','2476420','6270900','4977','0',null,'FONDAT','DG0001',to_date('01/01/2018 00:00:00','dd/mm/yyyy  HH24:MI:SS'),to_date('31/12/2018 00:00:00','dd/mm/yyyy  HH24:MI:SS'),'N','S',null,null,to_date('18/05/2018 09:24:20','dd/mm/yyyy  HH24:MI:SS'),'DG-AGEA','186889','948312','435221');
Insert into TQDO_DES_PC_DESTINAZIONE (PKID,DT_INSERT,DT_DELETE,ID_SOGGETTO,ID_UTE,ID_DESTINAZIONE,ID_PARTICELLA,ID_PIANO_COLTURE,SUP_IMPEGNO,MTL_IMPEGNO,UNI_IMPEGNO,COD_FONTE_DATI,SCO_FONTE_DATI,DT_INIZIO,DT_FINE,FG_VALIDO_INIZIO,FG_VALIDO_FINE,ID_ATTO_INIZIO,ID_ATTO_FINE,DT_ULTIMO_AGG,UTENTE,ID_DOMANDA,ID_ISOLA,ID_PARC) 
values ('3687820',to_date('18/05/2018 09:24:20','dd/mm/yyyy  HH24:MI:SS'),to_date('31/12/9999 00:00:00','dd/mm/yyyy  HH24:MI:SS'),'1403',null,'33','2089928','6270892','332','0',null,'FONDAT','DG0001',to_date('01/01/2018 00:00:00','dd/mm/yyyy  HH24:MI:SS'),to_date('31/12/2018 00:00:00','dd/mm/yyyy  HH24:MI:SS'),'N','S',null,null,to_date('18/05/2018 09:24:20','dd/mm/yyyy  HH24:MI:SS'),'DG-AGEA','186889','948307','435226');
Insert into TQDO_DES_PC_DESTINAZIONE (PKID,DT_INSERT,DT_DELETE,ID_SOGGETTO,ID_UTE,ID_DESTINAZIONE,ID_PARTICELLA,ID_PIANO_COLTURE,SUP_IMPEGNO,MTL_IMPEGNO,UNI_IMPEGNO,COD_FONTE_DATI,SCO_FONTE_DATI,DT_INIZIO,DT_FINE,FG_VALIDO_INIZIO,FG_VALIDO_FINE,ID_ATTO_INIZIO,ID_ATTO_FINE,DT_ULTIMO_AGG,UTENTE,ID_DOMANDA,ID_ISOLA,ID_PARC) 
values ('3687821',to_date('18/05/2018 09:24:20','dd/mm/yyyy  HH24:MI:SS'),to_date('31/12/9999 00:00:00','dd/mm/yyyy  HH24:MI:SS'),'1403',null,'33','2089925','6270889','350','0',null,'FONDAT','DG0001',to_date('01/01/2018 00:00:00','dd/mm/yyyy  HH24:MI:SS'),to_date('31/12/2018 00:00:00','dd/mm/yyyy  HH24:MI:SS'),'N','S',null,null,to_date('18/05/2018 09:24:20','dd/mm/yyyy  HH24:MI:SS'),'DG-AGEA','186889','948307','435227');
Insert into TQDO_DES_PC_DESTINAZIONE (PKID,DT_INSERT,DT_DELETE,ID_SOGGETTO,ID_UTE,ID_DESTINAZIONE,ID_PARTICELLA,ID_PIANO_COLTURE,SUP_IMPEGNO,MTL_IMPEGNO,UNI_IMPEGNO,COD_FONTE_DATI,SCO_FONTE_DATI,DT_INIZIO,DT_FINE,FG_VALIDO_INIZIO,FG_VALIDO_FINE,ID_ATTO_INIZIO,ID_ATTO_FINE,DT_ULTIMO_AGG,UTENTE,ID_DOMANDA,ID_ISOLA,ID_PARC) 
values ('3687822',to_date('18/05/2018 09:24:20','dd/mm/yyyy  HH24:MI:SS'),to_date('31/12/9999 00:00:00','dd/mm/yyyy  HH24:MI:SS'),'1403',null,'33','2089928','6270894','32','0',null,'FONDAT','DG0001',to_date('01/01/2018 00:00:00','dd/mm/yyyy  HH24:MI:SS'),to_date('31/12/2018 00:00:00','dd/mm/yyyy  HH24:MI:SS'),'N','S',null,null,to_date('18/05/2018 09:24:20','dd/mm/yyyy  HH24:MI:SS'),'DG-AGEA','186889','948307','435228');


--Popolamento tabella TPIANO_COLTURE
Insert into TPIANO_COLTURE (PKID,DT_INSERT,DT_DELETE,ID_PIANO_COLTURE,ANNO,COD_NAZIONALE,FOGLIO,PARTICELLA,SUB,ID_COLTURA_1,ID_COLTURA_2,FG_BIOLOGICO,SUP_DICHIARATA,SUP_ACCERTATA,COD_TIPO_IMPIANTO,SCO_TIPO_IMPIANTO,ANNO_IMPIANTO,SESTO_SU_FILA,SESTO_TRA_FILE,NUMERO_PIANTE,COD_FONTE_DATI,SCO_FONTE_DATI,DT_INIZIO,DT_FINE,FG_VALIDO_INIZIO,FG_VALIDO_FINE,ID_ATTO_INIZIO,ID_ATTO_FINE,DT_ULTIMO_AGG,UTENTE,FG_OLIO_VARIETA_PREV,COD_OLIO_TIPO_CERTIF,SCO_OLIO_TIPO_CERTIF,COD_OLIO_MENZIONE,SCO_OLIO_MENZIONE,COD_OLIO_TIPO_UTILIZZO,SCO_OLIO_TIPO_UTILIZZO,CAPACITA_PRODUTTIVA_OLIO,COD_FORMA_ALLEVAMENTO,SCO_FORMA_ALLEVAMENTO,CUAA_OLIO,ID_SOGGETTO,ID_PARTICELLA,ID_PIANO_GCP,ID_POLIGONO_GCP,NOME_LOTTO_GCP,ROT_GROUP,COD_CRIT_MANTENIMENTO,SCO_CRIT_MANTENIMENTO,COD_TIPO_SEMINA,SCO_TIPO_SEMINA,COD_EPOCA_SEMINA,SCO_EPOCA_SEMINA,ULTI_TURN_TAGL,COD_FASE_ALLEVAMENTO,SCO_FASE_ALLEVAMENTO) 
values  ('7264595',to_date('12/04/2018 11:36:43','dd/mm/yyyy hh24:mi:ss'),to_date('20/07/2018 15:27:20','dd/mm/yyyy hh24:mi:ss'),'5884954','2018','F183','9999','00082','2','822',null,'N','12019','12019','IMPCOL',null,null,null,null,null,'FONDAT','DG0001',to_date('09/12/2017 00:00:04','dd/mm/yyyy hh24:mi:ss'),to_date('10/11/2018 00:00:00','dd/mm/yyyy hh24:mi:ss'),'N','N',null,null,to_date('20/07/2018 15:27:21','dd/mm/yyyy hh24:mi:ss'),'PCG-AGEA',null,null,null,null,null,null,null,null,null,null,null,'1','1712116',null,null,null,null,'SSM','000002',null,null,null,null,null,null,null);
Insert into TPIANO_COLTURE (PKID,DT_INSERT,DT_DELETE,ID_PIANO_COLTURE,ANNO,COD_NAZIONALE,FOGLIO,PARTICELLA,SUB,ID_COLTURA_1,ID_COLTURA_2,FG_BIOLOGICO,SUP_DICHIARATA,SUP_ACCERTATA,COD_TIPO_IMPIANTO,SCO_TIPO_IMPIANTO,ANNO_IMPIANTO,SESTO_SU_FILA,SESTO_TRA_FILE,NUMERO_PIANTE,COD_FONTE_DATI,SCO_FONTE_DATI,DT_INIZIO,DT_FINE,FG_VALIDO_INIZIO,FG_VALIDO_FINE,ID_ATTO_INIZIO,ID_ATTO_FINE,DT_ULTIMO_AGG,UTENTE,FG_OLIO_VARIETA_PREV,COD_OLIO_TIPO_CERTIF,SCO_OLIO_TIPO_CERTIF,COD_OLIO_MENZIONE,SCO_OLIO_MENZIONE,COD_OLIO_TIPO_UTILIZZO,SCO_OLIO_TIPO_UTILIZZO,CAPACITA_PRODUTTIVA_OLIO,COD_FORMA_ALLEVAMENTO,SCO_FORMA_ALLEVAMENTO,CUAA_OLIO,ID_SOGGETTO,ID_PARTICELLA,ID_PIANO_GCP,ID_POLIGONO_GCP,NOME_LOTTO_GCP,ROT_GROUP,COD_CRIT_MANTENIMENTO,SCO_CRIT_MANTENIMENTO,COD_TIPO_SEMINA,SCO_TIPO_SEMINA,COD_EPOCA_SEMINA,SCO_EPOCA_SEMINA,ULTI_TURN_TAGL,COD_FASE_ALLEVAMENTO,SCO_FASE_ALLEVAMENTO) 
values  ('7264596',to_date('12/04/2018 11:36:43','dd/mm/yyyy hh24:mi:ss'),to_date('20/07/2018 15:27:20','dd/mm/yyyy hh24:mi:ss'),'5884955','2018','F183','9999','00082','2','23828',null,'N','126','126','IMPCOL',null,null,null,null,null,'FONDAT','DG0001',to_date('09/12/2017 00:00:04','dd/mm/yyyy hh24:mi:ss'),to_date('10/11/2018 00:00:00','dd/mm/yyyy hh24:mi:ss'),'N','N',null,null,to_date('20/07/2018 15:27:21','dd/mm/yyyy hh24:mi:ss'),'PCG-AGEA',null,null,null,null,null,null,null,null,null,null,null,'1','1712116',null,null,null,null,null,null,null,null,null,null,null,null,null);
Insert into TPIANO_COLTURE (PKID,DT_INSERT,DT_DELETE,ID_PIANO_COLTURE,ANNO,COD_NAZIONALE,FOGLIO,PARTICELLA,SUB,ID_COLTURA_1,ID_COLTURA_2,FG_BIOLOGICO,SUP_DICHIARATA,SUP_ACCERTATA,COD_TIPO_IMPIANTO,SCO_TIPO_IMPIANTO,ANNO_IMPIANTO,SESTO_SU_FILA,SESTO_TRA_FILE,NUMERO_PIANTE,COD_FONTE_DATI,SCO_FONTE_DATI,DT_INIZIO,DT_FINE,FG_VALIDO_INIZIO,FG_VALIDO_FINE,ID_ATTO_INIZIO,ID_ATTO_FINE,DT_ULTIMO_AGG,UTENTE,FG_OLIO_VARIETA_PREV,COD_OLIO_TIPO_CERTIF,SCO_OLIO_TIPO_CERTIF,COD_OLIO_MENZIONE,SCO_OLIO_MENZIONE,COD_OLIO_TIPO_UTILIZZO,SCO_OLIO_TIPO_UTILIZZO,CAPACITA_PRODUTTIVA_OLIO,COD_FORMA_ALLEVAMENTO,SCO_FORMA_ALLEVAMENTO,CUAA_OLIO,ID_SOGGETTO,ID_PARTICELLA,ID_PIANO_GCP,ID_POLIGONO_GCP,NOME_LOTTO_GCP,ROT_GROUP,COD_CRIT_MANTENIMENTO,SCO_CRIT_MANTENIMENTO,COD_TIPO_SEMINA,SCO_TIPO_SEMINA,COD_EPOCA_SEMINA,SCO_EPOCA_SEMINA,ULTI_TURN_TAGL,COD_FASE_ALLEVAMENTO,SCO_FASE_ALLEVAMENTO) 
values  ('6385688',to_date('02/01/2018 10:49:53','dd/mm/yyyy hh24:mi:ss'),to_date('12/04/2018 11:36:42','dd/mm/yyyy hh24:mi:ss'),'5043903','2018','F183','9999','00082','2','822',null,'N','12019',null,'IMPCOL',null,null,null,null,null,'FONDAT','000300',to_date('02/01/2018 10:49:53','dd/mm/yyyy hh24:mi:ss'),to_date('31/12/9999 00:00:00','dd/mm/yyyy hh24:mi:ss'),'S','N',null,null,to_date('12/04/2018 11:36:43','dd/mm/yyyy hh24:mi:ss'),'LOADER',null,'OLICER',null,'OLIMEN',null,'OLIUTI',null,null,'OLIALL',null,null,'1','1712116',null,null,null,null,null,null,null,null,null,null,null,null,null);
Insert into TPIANO_COLTURE (PKID,DT_INSERT,DT_DELETE,ID_PIANO_COLTURE,ANNO,COD_NAZIONALE,FOGLIO,PARTICELLA,SUB,ID_COLTURA_1,ID_COLTURA_2,FG_BIOLOGICO,SUP_DICHIARATA,SUP_ACCERTATA,COD_TIPO_IMPIANTO,SCO_TIPO_IMPIANTO,ANNO_IMPIANTO,SESTO_SU_FILA,SESTO_TRA_FILE,NUMERO_PIANTE,COD_FONTE_DATI,SCO_FONTE_DATI,DT_INIZIO,DT_FINE,FG_VALIDO_INIZIO,FG_VALIDO_FINE,ID_ATTO_INIZIO,ID_ATTO_FINE,DT_ULTIMO_AGG,UTENTE,FG_OLIO_VARIETA_PREV,COD_OLIO_TIPO_CERTIF,SCO_OLIO_TIPO_CERTIF,COD_OLIO_MENZIONE,SCO_OLIO_MENZIONE,COD_OLIO_TIPO_UTILIZZO,SCO_OLIO_TIPO_UTILIZZO,CAPACITA_PRODUTTIVA_OLIO,COD_FORMA_ALLEVAMENTO,SCO_FORMA_ALLEVAMENTO,CUAA_OLIO,ID_SOGGETTO,ID_PARTICELLA,ID_PIANO_GCP,ID_POLIGONO_GCP,NOME_LOTTO_GCP,ROT_GROUP,COD_CRIT_MANTENIMENTO,SCO_CRIT_MANTENIMENTO,COD_TIPO_SEMINA,SCO_TIPO_SEMINA,COD_EPOCA_SEMINA,SCO_EPOCA_SEMINA,ULTI_TURN_TAGL,COD_FASE_ALLEVAMENTO,SCO_FASE_ALLEVAMENTO) 
values  ('6385689',to_date('02/01/2018 10:49:53','dd/mm/yyyy hh24:mi:ss'),to_date('12/04/2018 11:36:42','dd/mm/yyyy hh24:mi:ss'),'5043904','2018','F183','9999','00082','2A','822',null,'N','7287',null,'IMPCOL',null,null,null,null,null,'FONDAT','000300',to_date('02/01/2018 10:49:53','dd/mm/yyyy hh24:mi:ss'),to_date('31/12/9999 00:00:00','dd/mm/yyyy hh24:mi:ss'),'S','N',null,null,to_date('12/04/2018 11:36:43','dd/mm/yyyy hh24:mi:ss'),'LOADER',null,'OLICER',null,'OLIMEN',null,'OLIUTI',null,null,'OLIALL',null,null,'1','2856036',null,null,null,null,null,null,null,null,null,null,null,null,null);
Insert into TPIANO_COLTURE (PKID,DT_INSERT,DT_DELETE,ID_PIANO_COLTURE,ANNO,COD_NAZIONALE,FOGLIO,PARTICELLA,SUB,ID_COLTURA_1,ID_COLTURA_2,FG_BIOLOGICO,SUP_DICHIARATA,SUP_ACCERTATA,COD_TIPO_IMPIANTO,SCO_TIPO_IMPIANTO,ANNO_IMPIANTO,SESTO_SU_FILA,SESTO_TRA_FILE,NUMERO_PIANTE,COD_FONTE_DATI,SCO_FONTE_DATI,DT_INIZIO,DT_FINE,FG_VALIDO_INIZIO,FG_VALIDO_FINE,ID_ATTO_INIZIO,ID_ATTO_FINE,DT_ULTIMO_AGG,UTENTE,FG_OLIO_VARIETA_PREV,COD_OLIO_TIPO_CERTIF,SCO_OLIO_TIPO_CERTIF,COD_OLIO_MENZIONE,SCO_OLIO_MENZIONE,COD_OLIO_TIPO_UTILIZZO,SCO_OLIO_TIPO_UTILIZZO,CAPACITA_PRODUTTIVA_OLIO,COD_FORMA_ALLEVAMENTO,SCO_FORMA_ALLEVAMENTO,CUAA_OLIO,ID_SOGGETTO,ID_PARTICELLA,ID_PIANO_GCP,ID_POLIGONO_GCP,NOME_LOTTO_GCP,ROT_GROUP,COD_CRIT_MANTENIMENTO,SCO_CRIT_MANTENIMENTO,COD_TIPO_SEMINA,SCO_TIPO_SEMINA,COD_EPOCA_SEMINA,SCO_EPOCA_SEMINA,ULTI_TURN_TAGL,COD_FASE_ALLEVAMENTO,SCO_FASE_ALLEVAMENTO) 
values  ('8172831',to_date('20/07/2018 15:27:21','dd/mm/yyyy hh24:mi:ss'),to_date('31/12/9999 00:00:00','dd/mm/yyyy hh24:mi:ss'),'6778210','2018','F187','9999','01146',' ','822',null,'N','4581','4581','IMPCOL',null,null,null,null,null,'FONDAT','DG0001',to_date('11/11/2017 00:00:00','dd/mm/yyyy hh24:mi:ss'),to_date('10/11/2018 00:00:00','dd/mm/yyyy hh24:mi:ss'),'N','N',null,null,to_date('20/07/2018 15:27:21','dd/mm/yyyy hh24:mi:ss'),'PCG-AGEA',null,null,null,null,null,null,null,null,null,null,null,'1','1718028',null,null,null,null,'SSM','000002',null,null,null,null,null,null,null);
Insert into TPIANO_COLTURE (PKID,DT_INSERT,DT_DELETE,ID_PIANO_COLTURE,ANNO,COD_NAZIONALE,FOGLIO,PARTICELLA,SUB,ID_COLTURA_1,ID_COLTURA_2,FG_BIOLOGICO,SUP_DICHIARATA,SUP_ACCERTATA,COD_TIPO_IMPIANTO,SCO_TIPO_IMPIANTO,ANNO_IMPIANTO,SESTO_SU_FILA,SESTO_TRA_FILE,NUMERO_PIANTE,COD_FONTE_DATI,SCO_FONTE_DATI,DT_INIZIO,DT_FINE,FG_VALIDO_INIZIO,FG_VALIDO_FINE,ID_ATTO_INIZIO,ID_ATTO_FINE,DT_ULTIMO_AGG,UTENTE,FG_OLIO_VARIETA_PREV,COD_OLIO_TIPO_CERTIF,SCO_OLIO_TIPO_CERTIF,COD_OLIO_MENZIONE,SCO_OLIO_MENZIONE,COD_OLIO_TIPO_UTILIZZO,SCO_OLIO_TIPO_UTILIZZO,CAPACITA_PRODUTTIVA_OLIO,COD_FORMA_ALLEVAMENTO,SCO_FORMA_ALLEVAMENTO,CUAA_OLIO,ID_SOGGETTO,ID_PARTICELLA,ID_PIANO_GCP,ID_POLIGONO_GCP,NOME_LOTTO_GCP,ROT_GROUP,COD_CRIT_MANTENIMENTO,SCO_CRIT_MANTENIMENTO,COD_TIPO_SEMINA,SCO_TIPO_SEMINA,COD_EPOCA_SEMINA,SCO_EPOCA_SEMINA,ULTI_TURN_TAGL,COD_FASE_ALLEVAMENTO,SCO_FASE_ALLEVAMENTO) 
values  ('7264604',to_date('12/04/2018 11:36:43','dd/mm/yyyy hh24:mi:ss'),to_date('20/07/2018 15:27:20','dd/mm/yyyy hh24:mi:ss'),'5884963','2018','F187','9999','01146',' ','822',null,'N','4581','4581','IMPCOL',null,null,null,null,null,'FONDAT','DG0001',to_date('11/11/2017 00:00:00','dd/mm/yyyy hh24:mi:ss'),to_date('10/11/2018 00:00:00','dd/mm/yyyy hh24:mi:ss'),'N','N',null,null,to_date('20/07/2018 15:27:21','dd/mm/yyyy hh24:mi:ss'),'PCG-AGEA',null,null,null,null,null,null,null,null,null,null,null,'1','1718028',null,null,null,null,'SSM','000002',null,null,null,null,null,null,null);
Insert into TPIANO_COLTURE (PKID,DT_INSERT,DT_DELETE,ID_PIANO_COLTURE,ANNO,COD_NAZIONALE,FOGLIO,PARTICELLA,SUB,ID_COLTURA_1,ID_COLTURA_2,FG_BIOLOGICO,SUP_DICHIARATA,SUP_ACCERTATA,COD_TIPO_IMPIANTO,SCO_TIPO_IMPIANTO,ANNO_IMPIANTO,SESTO_SU_FILA,SESTO_TRA_FILE,NUMERO_PIANTE,COD_FONTE_DATI,SCO_FONTE_DATI,DT_INIZIO,DT_FINE,FG_VALIDO_INIZIO,FG_VALIDO_FINE,ID_ATTO_INIZIO,ID_ATTO_FINE,DT_ULTIMO_AGG,UTENTE,FG_OLIO_VARIETA_PREV,COD_OLIO_TIPO_CERTIF,SCO_OLIO_TIPO_CERTIF,COD_OLIO_MENZIONE,SCO_OLIO_MENZIONE,COD_OLIO_TIPO_UTILIZZO,SCO_OLIO_TIPO_UTILIZZO,CAPACITA_PRODUTTIVA_OLIO,COD_FORMA_ALLEVAMENTO,SCO_FORMA_ALLEVAMENTO,CUAA_OLIO,ID_SOGGETTO,ID_PARTICELLA,ID_PIANO_GCP,ID_POLIGONO_GCP,NOME_LOTTO_GCP,ROT_GROUP,COD_CRIT_MANTENIMENTO,SCO_CRIT_MANTENIMENTO,COD_TIPO_SEMINA,SCO_TIPO_SEMINA,COD_EPOCA_SEMINA,SCO_EPOCA_SEMINA,ULTI_TURN_TAGL,COD_FASE_ALLEVAMENTO,SCO_FASE_ALLEVAMENTO) 
values  ('6385692',to_date('02/01/2018 10:49:53','dd/mm/yyyy hh24:mi:ss'),to_date('12/04/2018 11:36:42','dd/mm/yyyy hh24:mi:ss'),'5043907','2018','F187','9999','01146',' ','822',null,'N','4581',null,'IMPCOL',null,null,null,null,null,'FONDAT','000300',to_date('02/01/2018 10:49:53','dd/mm/yyyy hh24:mi:ss'),to_date('31/12/9999 00:00:00','dd/mm/yyyy hh24:mi:ss'),'S','N',null,null,to_date('12/04/2018 11:36:43','dd/mm/yyyy hh24:mi:ss'),'LOADER',null,'OLICER',null,'OLIMEN',null,'OLIUTI',null,null,'OLIALL',null,null,'1','1718028',null,null,null,null,null,null,null,null,null,null,null,null,null);
Insert into TPIANO_COLTURE (PKID,DT_INSERT,DT_DELETE,ID_PIANO_COLTURE,ANNO,COD_NAZIONALE,FOGLIO,PARTICELLA,SUB,ID_COLTURA_1,ID_COLTURA_2,FG_BIOLOGICO,SUP_DICHIARATA,SUP_ACCERTATA,COD_TIPO_IMPIANTO,SCO_TIPO_IMPIANTO,ANNO_IMPIANTO,SESTO_SU_FILA,SESTO_TRA_FILE,NUMERO_PIANTE,COD_FONTE_DATI,SCO_FONTE_DATI,DT_INIZIO,DT_FINE,FG_VALIDO_INIZIO,FG_VALIDO_FINE,ID_ATTO_INIZIO,ID_ATTO_FINE,DT_ULTIMO_AGG,UTENTE,FG_OLIO_VARIETA_PREV,COD_OLIO_TIPO_CERTIF,SCO_OLIO_TIPO_CERTIF,COD_OLIO_MENZIONE,SCO_OLIO_MENZIONE,COD_OLIO_TIPO_UTILIZZO,SCO_OLIO_TIPO_UTILIZZO,CAPACITA_PRODUTTIVA_OLIO,COD_FORMA_ALLEVAMENTO,SCO_FORMA_ALLEVAMENTO,CUAA_OLIO,ID_SOGGETTO,ID_PARTICELLA,ID_PIANO_GCP,ID_POLIGONO_GCP,NOME_LOTTO_GCP,ROT_GROUP,COD_CRIT_MANTENIMENTO,SCO_CRIT_MANTENIMENTO,COD_TIPO_SEMINA,SCO_TIPO_SEMINA,COD_EPOCA_SEMINA,SCO_EPOCA_SEMINA,ULTI_TURN_TAGL,COD_FASE_ALLEVAMENTO,SCO_FASE_ALLEVAMENTO) 
values  ('8172830',to_date('20/07/2018 15:27:21','dd/mm/yyyy hh24:mi:ss'),to_date('31/12/9999 00:00:00','dd/mm/yyyy hh24:mi:ss'),'6778209','2018','F187','9999','01191','1','822',null,'N','2139','2139','IMPCOL',null,null,null,null,null,'FONDAT','DG0001',to_date('11/11/2017 00:00:00','dd/mm/yyyy hh24:mi:ss'),to_date('10/11/2018 00:00:00','dd/mm/yyyy hh24:mi:ss'),'N','N',null,null,to_date('20/07/2018 15:27:21','dd/mm/yyyy hh24:mi:ss'),'PCG-AGEA',null,null,null,null,null,null,null,null,null,null,null,'1','1717885',null,null,null,null,'SSM','000002',null,null,null,null,null,null,null);
Insert into TPIANO_COLTURE (PKID,DT_INSERT,DT_DELETE,ID_PIANO_COLTURE,ANNO,COD_NAZIONALE,FOGLIO,PARTICELLA,SUB,ID_COLTURA_1,ID_COLTURA_2,FG_BIOLOGICO,SUP_DICHIARATA,SUP_ACCERTATA,COD_TIPO_IMPIANTO,SCO_TIPO_IMPIANTO,ANNO_IMPIANTO,SESTO_SU_FILA,SESTO_TRA_FILE,NUMERO_PIANTE,COD_FONTE_DATI,SCO_FONTE_DATI,DT_INIZIO,DT_FINE,FG_VALIDO_INIZIO,FG_VALIDO_FINE,ID_ATTO_INIZIO,ID_ATTO_FINE,DT_ULTIMO_AGG,UTENTE,FG_OLIO_VARIETA_PREV,COD_OLIO_TIPO_CERTIF,SCO_OLIO_TIPO_CERTIF,COD_OLIO_MENZIONE,SCO_OLIO_MENZIONE,COD_OLIO_TIPO_UTILIZZO,SCO_OLIO_TIPO_UTILIZZO,CAPACITA_PRODUTTIVA_OLIO,COD_FORMA_ALLEVAMENTO,SCO_FORMA_ALLEVAMENTO,CUAA_OLIO,ID_SOGGETTO,ID_PARTICELLA,ID_PIANO_GCP,ID_POLIGONO_GCP,NOME_LOTTO_GCP,ROT_GROUP,COD_CRIT_MANTENIMENTO,SCO_CRIT_MANTENIMENTO,COD_TIPO_SEMINA,SCO_TIPO_SEMINA,COD_EPOCA_SEMINA,SCO_EPOCA_SEMINA,ULTI_TURN_TAGL,COD_FASE_ALLEVAMENTO,SCO_FASE_ALLEVAMENTO) 
values  ('7264603',to_date('12/04/2018 11:36:43','dd/mm/yyyy hh24:mi:ss'),to_date('20/07/2018 15:27:20','dd/mm/yyyy hh24:mi:ss'),'5884962','2018','F187','9999','01191','1','822',null,'N','2139','2139','IMPCOL',null,null,null,null,null,'FONDAT','DG0001',to_date('11/11/2017 00:00:00','dd/mm/yyyy hh24:mi:ss'),to_date('10/11/2018 00:00:00','dd/mm/yyyy hh24:mi:ss'),'N','N',null,null,to_date('20/07/2018 15:27:21','dd/mm/yyyy hh24:mi:ss'),'PCG-AGEA',null,null,null,null,null,null,null,null,null,null,null,'1','1717885',null,null,null,null,'SSM','000002',null,null,null,null,null,null,null);
Insert into TPIANO_COLTURE (PKID,DT_INSERT,DT_DELETE,ID_PIANO_COLTURE,ANNO,COD_NAZIONALE,FOGLIO,PARTICELLA,SUB,ID_COLTURA_1,ID_COLTURA_2,FG_BIOLOGICO,SUP_DICHIARATA,SUP_ACCERTATA,COD_TIPO_IMPIANTO,SCO_TIPO_IMPIANTO,ANNO_IMPIANTO,SESTO_SU_FILA,SESTO_TRA_FILE,NUMERO_PIANTE,COD_FONTE_DATI,SCO_FONTE_DATI,DT_INIZIO,DT_FINE,FG_VALIDO_INIZIO,FG_VALIDO_FINE,ID_ATTO_INIZIO,ID_ATTO_FINE,DT_ULTIMO_AGG,UTENTE,FG_OLIO_VARIETA_PREV,COD_OLIO_TIPO_CERTIF,SCO_OLIO_TIPO_CERTIF,COD_OLIO_MENZIONE,SCO_OLIO_MENZIONE,COD_OLIO_TIPO_UTILIZZO,SCO_OLIO_TIPO_UTILIZZO,CAPACITA_PRODUTTIVA_OLIO,COD_FORMA_ALLEVAMENTO,SCO_FORMA_ALLEVAMENTO,CUAA_OLIO,ID_SOGGETTO,ID_PARTICELLA,ID_PIANO_GCP,ID_POLIGONO_GCP,NOME_LOTTO_GCP,ROT_GROUP,COD_CRIT_MANTENIMENTO,SCO_CRIT_MANTENIMENTO,COD_TIPO_SEMINA,SCO_TIPO_SEMINA,COD_EPOCA_SEMINA,SCO_EPOCA_SEMINA,ULTI_TURN_TAGL,COD_FASE_ALLEVAMENTO,SCO_FASE_ALLEVAMENTO) 
values  ('6385693',to_date('02/01/2018 10:49:53','dd/mm/yyyy hh24:mi:ss'),to_date('12/04/2018 11:36:42','dd/mm/yyyy hh24:mi:ss'),'5043908','2018','F187','9999','01191','1','822',null,'N','2139',null,'IMPCOL',null,null,null,null,null,'FONDAT','000300',to_date('02/01/2018 10:49:53','dd/mm/yyyy hh24:mi:ss'),to_date('31/12/9999 00:00:00','dd/mm/yyyy hh24:mi:ss'),'S','N',null,null,to_date('12/04/2018 11:36:43','dd/mm/yyyy hh24:mi:ss'),'LOADER',null,'OLICER',null,'OLIMEN',null,'OLIUTI',null,null,'OLIALL',null,null,'1','1717885',null,null,null,null,null,null,null,null,null,null,null,null,null);
Insert into TPIANO_COLTURE (PKID,DT_INSERT,DT_DELETE,ID_PIANO_COLTURE,ANNO,COD_NAZIONALE,FOGLIO,PARTICELLA,SUB,ID_COLTURA_1,ID_COLTURA_2,FG_BIOLOGICO,SUP_DICHIARATA,SUP_ACCERTATA,COD_TIPO_IMPIANTO,SCO_TIPO_IMPIANTO,ANNO_IMPIANTO,SESTO_SU_FILA,SESTO_TRA_FILE,NUMERO_PIANTE,COD_FONTE_DATI,SCO_FONTE_DATI,DT_INIZIO,DT_FINE,FG_VALIDO_INIZIO,FG_VALIDO_FINE,ID_ATTO_INIZIO,ID_ATTO_FINE,DT_ULTIMO_AGG,UTENTE,FG_OLIO_VARIETA_PREV,COD_OLIO_TIPO_CERTIF,SCO_OLIO_TIPO_CERTIF,COD_OLIO_MENZIONE,SCO_OLIO_MENZIONE,COD_OLIO_TIPO_UTILIZZO,SCO_OLIO_TIPO_UTILIZZO,CAPACITA_PRODUTTIVA_OLIO,COD_FORMA_ALLEVAMENTO,SCO_FORMA_ALLEVAMENTO,CUAA_OLIO,ID_SOGGETTO,ID_PARTICELLA,ID_PIANO_GCP,ID_POLIGONO_GCP,NOME_LOTTO_GCP,ROT_GROUP,COD_CRIT_MANTENIMENTO,SCO_CRIT_MANTENIMENTO,COD_TIPO_SEMINA,SCO_TIPO_SEMINA,COD_EPOCA_SEMINA,SCO_EPOCA_SEMINA,ULTI_TURN_TAGL,COD_FASE_ALLEVAMENTO,SCO_FASE_ALLEVAMENTO) 
values  ('8172829',to_date('20/07/2018 15:27:21','dd/mm/yyyy hh24:mi:ss'),to_date('31/12/9999 00:00:00','dd/mm/yyyy hh24:mi:ss'),'6778208','2018','F187','9999','01241',' ','822',null,'N','5738','5738','IMPCOL',null,null,null,null,null,'FONDAT','DG0001',to_date('11/11/2017 00:00:00','dd/mm/yyyy hh24:mi:ss'),to_date('10/11/2018 00:00:00','dd/mm/yyyy hh24:mi:ss'),'N','N',null,null,to_date('20/07/2018 15:27:21','dd/mm/yyyy hh24:mi:ss'),'PCG-AGEA',null,null,null,null,null,null,null,null,null,null,null,'1','1717545',null,null,null,null,'SSM','000002',null,null,null,null,null,null,null);
Insert into TPIANO_COLTURE (PKID,DT_INSERT,DT_DELETE,ID_PIANO_COLTURE,ANNO,COD_NAZIONALE,FOGLIO,PARTICELLA,SUB,ID_COLTURA_1,ID_COLTURA_2,FG_BIOLOGICO,SUP_DICHIARATA,SUP_ACCERTATA,COD_TIPO_IMPIANTO,SCO_TIPO_IMPIANTO,ANNO_IMPIANTO,SESTO_SU_FILA,SESTO_TRA_FILE,NUMERO_PIANTE,COD_FONTE_DATI,SCO_FONTE_DATI,DT_INIZIO,DT_FINE,FG_VALIDO_INIZIO,FG_VALIDO_FINE,ID_ATTO_INIZIO,ID_ATTO_FINE,DT_ULTIMO_AGG,UTENTE,FG_OLIO_VARIETA_PREV,COD_OLIO_TIPO_CERTIF,SCO_OLIO_TIPO_CERTIF,COD_OLIO_MENZIONE,SCO_OLIO_MENZIONE,COD_OLIO_TIPO_UTILIZZO,SCO_OLIO_TIPO_UTILIZZO,CAPACITA_PRODUTTIVA_OLIO,COD_FORMA_ALLEVAMENTO,SCO_FORMA_ALLEVAMENTO,CUAA_OLIO,ID_SOGGETTO,ID_PARTICELLA,ID_PIANO_GCP,ID_POLIGONO_GCP,NOME_LOTTO_GCP,ROT_GROUP,COD_CRIT_MANTENIMENTO,SCO_CRIT_MANTENIMENTO,COD_TIPO_SEMINA,SCO_TIPO_SEMINA,COD_EPOCA_SEMINA,SCO_EPOCA_SEMINA,ULTI_TURN_TAGL,COD_FASE_ALLEVAMENTO,SCO_FASE_ALLEVAMENTO) 
values  ('7264602',to_date('12/04/2018 11:36:43','dd/mm/yyyy hh24:mi:ss'),to_date('20/07/2018 15:27:20','dd/mm/yyyy hh24:mi:ss'),'5884961','2018','F187','9999','01241',' ','822',null,'N','5738','5738','IMPCOL',null,null,null,null,null,'FONDAT','DG0001',to_date('11/11/2017 00:00:00','dd/mm/yyyy hh24:mi:ss'),to_date('10/11/2018 00:00:00','dd/mm/yyyy hh24:mi:ss'),'N','N',null,null,to_date('20/07/2018 15:27:21','dd/mm/yyyy hh24:mi:ss'),'PCG-AGEA',null,null,null,null,null,null,null,null,null,null,null,'1','1717545',null,null,null,null,'SSM','000002',null,null,null,null,null,null,null);
Insert into TPIANO_COLTURE (PKID,DT_INSERT,DT_DELETE,ID_PIANO_COLTURE,ANNO,COD_NAZIONALE,FOGLIO,PARTICELLA,SUB,ID_COLTURA_1,ID_COLTURA_2,FG_BIOLOGICO,SUP_DICHIARATA,SUP_ACCERTATA,COD_TIPO_IMPIANTO,SCO_TIPO_IMPIANTO,ANNO_IMPIANTO,SESTO_SU_FILA,SESTO_TRA_FILE,NUMERO_PIANTE,COD_FONTE_DATI,SCO_FONTE_DATI,DT_INIZIO,DT_FINE,FG_VALIDO_INIZIO,FG_VALIDO_FINE,ID_ATTO_INIZIO,ID_ATTO_FINE,DT_ULTIMO_AGG,UTENTE,FG_OLIO_VARIETA_PREV,COD_OLIO_TIPO_CERTIF,SCO_OLIO_TIPO_CERTIF,COD_OLIO_MENZIONE,SCO_OLIO_MENZIONE,COD_OLIO_TIPO_UTILIZZO,SCO_OLIO_TIPO_UTILIZZO,CAPACITA_PRODUTTIVA_OLIO,COD_FORMA_ALLEVAMENTO,SCO_FORMA_ALLEVAMENTO,CUAA_OLIO,ID_SOGGETTO,ID_PARTICELLA,ID_PIANO_GCP,ID_POLIGONO_GCP,NOME_LOTTO_GCP,ROT_GROUP,COD_CRIT_MANTENIMENTO,SCO_CRIT_MANTENIMENTO,COD_TIPO_SEMINA,SCO_TIPO_SEMINA,COD_EPOCA_SEMINA,SCO_EPOCA_SEMINA,ULTI_TURN_TAGL,COD_FASE_ALLEVAMENTO,SCO_FASE_ALLEVAMENTO) 
values  ('6385695',to_date('02/01/2018 10:49:53','dd/mm/yyyy hh24:mi:ss'),to_date('12/04/2018 11:36:42','dd/mm/yyyy hh24:mi:ss'),'5043910','2018','F187','9999','01241',' ','822',null,'N','5738',null,'IMPCOL',null,null,null,null,null,'FONDAT','000300',to_date('02/01/2018 10:49:53','dd/mm/yyyy hh24:mi:ss'),to_date('31/12/9999 00:00:00','dd/mm/yyyy hh24:mi:ss'),'S','N',null,null,to_date('12/04/2018 11:36:43','dd/mm/yyyy hh24:mi:ss'),'LOADER',null,'OLICER',null,'OLIMEN',null,'OLIUTI',null,null,'OLIALL',null,null,'1','1717545',null,null,null,null,null,null,null,null,null,null,null,null,null);
Insert into TPIANO_COLTURE (PKID,DT_INSERT,DT_DELETE,ID_PIANO_COLTURE,ANNO,COD_NAZIONALE,FOGLIO,PARTICELLA,SUB,ID_COLTURA_1,ID_COLTURA_2,FG_BIOLOGICO,SUP_DICHIARATA,SUP_ACCERTATA,COD_TIPO_IMPIANTO,SCO_TIPO_IMPIANTO,ANNO_IMPIANTO,SESTO_SU_FILA,SESTO_TRA_FILE,NUMERO_PIANTE,COD_FONTE_DATI,SCO_FONTE_DATI,DT_INIZIO,DT_FINE,FG_VALIDO_INIZIO,FG_VALIDO_FINE,ID_ATTO_INIZIO,ID_ATTO_FINE,DT_ULTIMO_AGG,UTENTE,FG_OLIO_VARIETA_PREV,COD_OLIO_TIPO_CERTIF,SCO_OLIO_TIPO_CERTIF,COD_OLIO_MENZIONE,SCO_OLIO_MENZIONE,COD_OLIO_TIPO_UTILIZZO,SCO_OLIO_TIPO_UTILIZZO,CAPACITA_PRODUTTIVA_OLIO,COD_FORMA_ALLEVAMENTO,SCO_FORMA_ALLEVAMENTO,CUAA_OLIO,ID_SOGGETTO,ID_PARTICELLA,ID_PIANO_GCP,ID_POLIGONO_GCP,NOME_LOTTO_GCP,ROT_GROUP,COD_CRIT_MANTENIMENTO,SCO_CRIT_MANTENIMENTO,COD_TIPO_SEMINA,SCO_TIPO_SEMINA,COD_EPOCA_SEMINA,SCO_EPOCA_SEMINA,ULTI_TURN_TAGL,COD_FASE_ALLEVAMENTO,SCO_FASE_ALLEVAMENTO) 
values  ('6385694',to_date('02/01/2018 10:49:53','dd/mm/yyyy hh24:mi:ss'),to_date('12/04/2018 11:36:42','dd/mm/yyyy hh24:mi:ss'),'5043909','2018','F187','9999','01425','1A','822',null,'N','2909',null,'IMPCOL',null,null,null,null,null,'FONDAT','000300',to_date('02/01/2018 10:49:53','dd/mm/yyyy hh24:mi:ss'),to_date('31/12/9999 00:00:00','dd/mm/yyyy hh24:mi:ss'),'S','N',null,null,to_date('12/04/2018 11:36:43','dd/mm/yyyy hh24:mi:ss'),'LOADER',null,'OLICER',null,'OLIMEN',null,'OLIUTI',null,null,'OLIALL',null,null,'1','2866453',null,null,null,null,null,null,null,null,null,null,null,null,null);
Insert into TPIANO_COLTURE (PKID,DT_INSERT,DT_DELETE,ID_PIANO_COLTURE,ANNO,COD_NAZIONALE,FOGLIO,PARTICELLA,SUB,ID_COLTURA_1,ID_COLTURA_2,FG_BIOLOGICO,SUP_DICHIARATA,SUP_ACCERTATA,COD_TIPO_IMPIANTO,SCO_TIPO_IMPIANTO,ANNO_IMPIANTO,SESTO_SU_FILA,SESTO_TRA_FILE,NUMERO_PIANTE,COD_FONTE_DATI,SCO_FONTE_DATI,DT_INIZIO,DT_FINE,FG_VALIDO_INIZIO,FG_VALIDO_FINE,ID_ATTO_INIZIO,ID_ATTO_FINE,DT_ULTIMO_AGG,UTENTE,FG_OLIO_VARIETA_PREV,COD_OLIO_TIPO_CERTIF,SCO_OLIO_TIPO_CERTIF,COD_OLIO_MENZIONE,SCO_OLIO_MENZIONE,COD_OLIO_TIPO_UTILIZZO,SCO_OLIO_TIPO_UTILIZZO,CAPACITA_PRODUTTIVA_OLIO,COD_FORMA_ALLEVAMENTO,SCO_FORMA_ALLEVAMENTO,CUAA_OLIO,ID_SOGGETTO,ID_PARTICELLA,ID_PIANO_GCP,ID_POLIGONO_GCP,NOME_LOTTO_GCP,ROT_GROUP,COD_CRIT_MANTENIMENTO,SCO_CRIT_MANTENIMENTO,COD_TIPO_SEMINA,SCO_TIPO_SEMINA,COD_EPOCA_SEMINA,SCO_EPOCA_SEMINA,ULTI_TURN_TAGL,COD_FASE_ALLEVAMENTO,SCO_FASE_ALLEVAMENTO) 
values  ('8172832',to_date('20/07/2018 15:27:21','dd/mm/yyyy hh24:mi:ss'),to_date('31/12/9999 00:00:00','dd/mm/yyyy hh24:mi:ss'),'6778211','2018','F187','9999','01425','1D','822',null,'N','2909','2909','IMPCOL',null,null,null,null,null,'FONDAT','DG0001',to_date('11/11/2017 00:00:00','dd/mm/yyyy hh24:mi:ss'),to_date('10/11/2018 00:00:00','dd/mm/yyyy hh24:mi:ss'),'N','N',null,null,to_date('20/07/2018 15:27:21','dd/mm/yyyy hh24:mi:ss'),'PCG-AGEA',null,null,null,null,null,null,null,null,null,null,null,'1','3552641',null,null,null,null,'SSM','000002',null,null,null,null,null,null,null);
Insert into TPIANO_COLTURE (PKID,DT_INSERT,DT_DELETE,ID_PIANO_COLTURE,ANNO,COD_NAZIONALE,FOGLIO,PARTICELLA,SUB,ID_COLTURA_1,ID_COLTURA_2,FG_BIOLOGICO,SUP_DICHIARATA,SUP_ACCERTATA,COD_TIPO_IMPIANTO,SCO_TIPO_IMPIANTO,ANNO_IMPIANTO,SESTO_SU_FILA,SESTO_TRA_FILE,NUMERO_PIANTE,COD_FONTE_DATI,SCO_FONTE_DATI,DT_INIZIO,DT_FINE,FG_VALIDO_INIZIO,FG_VALIDO_FINE,ID_ATTO_INIZIO,ID_ATTO_FINE,DT_ULTIMO_AGG,UTENTE,FG_OLIO_VARIETA_PREV,COD_OLIO_TIPO_CERTIF,SCO_OLIO_TIPO_CERTIF,COD_OLIO_MENZIONE,SCO_OLIO_MENZIONE,COD_OLIO_TIPO_UTILIZZO,SCO_OLIO_TIPO_UTILIZZO,CAPACITA_PRODUTTIVA_OLIO,COD_FORMA_ALLEVAMENTO,SCO_FORMA_ALLEVAMENTO,CUAA_OLIO,ID_SOGGETTO,ID_PARTICELLA,ID_PIANO_GCP,ID_POLIGONO_GCP,NOME_LOTTO_GCP,ROT_GROUP,COD_CRIT_MANTENIMENTO,SCO_CRIT_MANTENIMENTO,COD_TIPO_SEMINA,SCO_TIPO_SEMINA,COD_EPOCA_SEMINA,SCO_EPOCA_SEMINA,ULTI_TURN_TAGL,COD_FASE_ALLEVAMENTO,SCO_FASE_ALLEVAMENTO) 
values  ('7264605',to_date('12/04/2018 11:36:43','dd/mm/yyyy hh24:mi:ss'),to_date('20/07/2018 15:27:20','dd/mm/yyyy hh24:mi:ss'),'5884964','2018','F187','9999','01425','1D','822',null,'N','2909','2909','IMPCOL',null,null,null,null,null,'FONDAT','DG0001',to_date('11/11/2017 00:00:00','dd/mm/yyyy hh24:mi:ss'),to_date('10/11/2018 00:00:00','dd/mm/yyyy hh24:mi:ss'),'N','N',null,null,to_date('20/07/2018 15:27:21','dd/mm/yyyy hh24:mi:ss'),'PCG-AGEA',null,null,null,null,null,null,null,null,null,null,null,'1','3552641',null,null,null,null,'SSM','000002',null,null,null,null,null,null,null);
Insert into TPIANO_COLTURE (PKID,DT_INSERT,DT_DELETE,ID_PIANO_COLTURE,ANNO,COD_NAZIONALE,FOGLIO,PARTICELLA,SUB,ID_COLTURA_1,ID_COLTURA_2,FG_BIOLOGICO,SUP_DICHIARATA,SUP_ACCERTATA,COD_TIPO_IMPIANTO,SCO_TIPO_IMPIANTO,ANNO_IMPIANTO,SESTO_SU_FILA,SESTO_TRA_FILE,NUMERO_PIANTE,COD_FONTE_DATI,SCO_FONTE_DATI,DT_INIZIO,DT_FINE,FG_VALIDO_INIZIO,FG_VALIDO_FINE,ID_ATTO_INIZIO,ID_ATTO_FINE,DT_ULTIMO_AGG,UTENTE,FG_OLIO_VARIETA_PREV,COD_OLIO_TIPO_CERTIF,SCO_OLIO_TIPO_CERTIF,COD_OLIO_MENZIONE,SCO_OLIO_MENZIONE,COD_OLIO_TIPO_UTILIZZO,SCO_OLIO_TIPO_UTILIZZO,CAPACITA_PRODUTTIVA_OLIO,COD_FORMA_ALLEVAMENTO,SCO_FORMA_ALLEVAMENTO,CUAA_OLIO,ID_SOGGETTO,ID_PARTICELLA,ID_PIANO_GCP,ID_POLIGONO_GCP,NOME_LOTTO_GCP,ROT_GROUP,COD_CRIT_MANTENIMENTO,SCO_CRIT_MANTENIMENTO,COD_TIPO_SEMINA,SCO_TIPO_SEMINA,COD_EPOCA_SEMINA,SCO_EPOCA_SEMINA,ULTI_TURN_TAGL,COD_FASE_ALLEVAMENTO,SCO_FASE_ALLEVAMENTO) 
values  ('6385700',to_date('02/01/2018 10:49:53','dd/mm/yyyy hh24:mi:ss'),to_date('12/04/2018 11:36:42','dd/mm/yyyy hh24:mi:ss'),'5043915','2018','F187','9999','01425','1D','822',null,'N','2908',null,'IMPCOL',null,null,null,null,null,'FONDAT','000300',to_date('02/01/2018 10:49:53','dd/mm/yyyy hh24:mi:ss'),to_date('31/12/9999 00:00:00','dd/mm/yyyy hh24:mi:ss'),'S','N',null,null,to_date('12/04/2018 11:36:43','dd/mm/yyyy hh24:mi:ss'),'LOADER',null,'OLICER',null,'OLIMEN',null,'OLIUTI',null,null,'OLIALL',null,null,'1','3552641',null,null,null,null,null,null,null,null,null,null,null,null,null);
Insert into TPIANO_COLTURE (PKID,DT_INSERT,DT_DELETE,ID_PIANO_COLTURE,ANNO,COD_NAZIONALE,FOGLIO,PARTICELLA,SUB,ID_COLTURA_1,ID_COLTURA_2,FG_BIOLOGICO,SUP_DICHIARATA,SUP_ACCERTATA,COD_TIPO_IMPIANTO,SCO_TIPO_IMPIANTO,ANNO_IMPIANTO,SESTO_SU_FILA,SESTO_TRA_FILE,NUMERO_PIANTE,COD_FONTE_DATI,SCO_FONTE_DATI,DT_INIZIO,DT_FINE,FG_VALIDO_INIZIO,FG_VALIDO_FINE,ID_ATTO_INIZIO,ID_ATTO_FINE,DT_ULTIMO_AGG,UTENTE,FG_OLIO_VARIETA_PREV,COD_OLIO_TIPO_CERTIF,SCO_OLIO_TIPO_CERTIF,COD_OLIO_MENZIONE,SCO_OLIO_MENZIONE,COD_OLIO_TIPO_UTILIZZO,SCO_OLIO_TIPO_UTILIZZO,CAPACITA_PRODUTTIVA_OLIO,COD_FORMA_ALLEVAMENTO,SCO_FORMA_ALLEVAMENTO,CUAA_OLIO,ID_SOGGETTO,ID_PARTICELLA,ID_PIANO_GCP,ID_POLIGONO_GCP,NOME_LOTTO_GCP,ROT_GROUP,COD_CRIT_MANTENIMENTO,SCO_CRIT_MANTENIMENTO,COD_TIPO_SEMINA,SCO_TIPO_SEMINA,COD_EPOCA_SEMINA,SCO_EPOCA_SEMINA,ULTI_TURN_TAGL,COD_FASE_ALLEVAMENTO,SCO_FASE_ALLEVAMENTO) 
values  ('8172827',to_date('20/07/2018 15:27:21','dd/mm/yyyy hh24:mi:ss'),to_date('31/12/9999 00:00:00','dd/mm/yyyy hh24:mi:ss'),'6778206','2018','F187','9999','01590',' ','822',null,'N','1932','1932','IMPCOL',null,null,null,null,null,'FONDAT','DG0001',to_date('11/11/2017 00:00:00','dd/mm/yyyy hh24:mi:ss'),to_date('10/11/2018 00:00:00','dd/mm/yyyy hh24:mi:ss'),'N','N',null,null,to_date('20/07/2018 15:27:21','dd/mm/yyyy hh24:mi:ss'),'PCG-AGEA',null,null,null,null,null,null,null,null,null,null,null,'1','1715034',null,null,null,null,'SSM','000002',null,null,null,null,null,null,null);
Insert into TPIANO_COLTURE (PKID,DT_INSERT,DT_DELETE,ID_PIANO_COLTURE,ANNO,COD_NAZIONALE,FOGLIO,PARTICELLA,SUB,ID_COLTURA_1,ID_COLTURA_2,FG_BIOLOGICO,SUP_DICHIARATA,SUP_ACCERTATA,COD_TIPO_IMPIANTO,SCO_TIPO_IMPIANTO,ANNO_IMPIANTO,SESTO_SU_FILA,SESTO_TRA_FILE,NUMERO_PIANTE,COD_FONTE_DATI,SCO_FONTE_DATI,DT_INIZIO,DT_FINE,FG_VALIDO_INIZIO,FG_VALIDO_FINE,ID_ATTO_INIZIO,ID_ATTO_FINE,DT_ULTIMO_AGG,UTENTE,FG_OLIO_VARIETA_PREV,COD_OLIO_TIPO_CERTIF,SCO_OLIO_TIPO_CERTIF,COD_OLIO_MENZIONE,SCO_OLIO_MENZIONE,COD_OLIO_TIPO_UTILIZZO,SCO_OLIO_TIPO_UTILIZZO,CAPACITA_PRODUTTIVA_OLIO,COD_FORMA_ALLEVAMENTO,SCO_FORMA_ALLEVAMENTO,CUAA_OLIO,ID_SOGGETTO,ID_PARTICELLA,ID_PIANO_GCP,ID_POLIGONO_GCP,NOME_LOTTO_GCP,ROT_GROUP,COD_CRIT_MANTENIMENTO,SCO_CRIT_MANTENIMENTO,COD_TIPO_SEMINA,SCO_TIPO_SEMINA,COD_EPOCA_SEMINA,SCO_EPOCA_SEMINA,ULTI_TURN_TAGL,COD_FASE_ALLEVAMENTO,SCO_FASE_ALLEVAMENTO) 
values  ('7264600',to_date('12/04/2018 11:36:43','dd/mm/yyyy hh24:mi:ss'),to_date('20/07/2018 15:27:20','dd/mm/yyyy hh24:mi:ss'),'5884959','2018','F187','9999','01590',' ','822',null,'N','1932','1932','IMPCOL',null,null,null,null,null,'FONDAT','DG0001',to_date('11/11/2017 00:00:00','dd/mm/yyyy hh24:mi:ss'),to_date('10/11/2018 00:00:00','dd/mm/yyyy hh24:mi:ss'),'N','N',null,null,to_date('20/07/2018 15:27:21','dd/mm/yyyy hh24:mi:ss'),'PCG-AGEA',null,null,null,null,null,null,null,null,null,null,null,'1','1715034',null,null,null,null,'SSM','000002',null,null,null,null,null,null,null);
Insert into TPIANO_COLTURE (PKID,DT_INSERT,DT_DELETE,ID_PIANO_COLTURE,ANNO,COD_NAZIONALE,FOGLIO,PARTICELLA,SUB,ID_COLTURA_1,ID_COLTURA_2,FG_BIOLOGICO,SUP_DICHIARATA,SUP_ACCERTATA,COD_TIPO_IMPIANTO,SCO_TIPO_IMPIANTO,ANNO_IMPIANTO,SESTO_SU_FILA,SESTO_TRA_FILE,NUMERO_PIANTE,COD_FONTE_DATI,SCO_FONTE_DATI,DT_INIZIO,DT_FINE,FG_VALIDO_INIZIO,FG_VALIDO_FINE,ID_ATTO_INIZIO,ID_ATTO_FINE,DT_ULTIMO_AGG,UTENTE,FG_OLIO_VARIETA_PREV,COD_OLIO_TIPO_CERTIF,SCO_OLIO_TIPO_CERTIF,COD_OLIO_MENZIONE,SCO_OLIO_MENZIONE,COD_OLIO_TIPO_UTILIZZO,SCO_OLIO_TIPO_UTILIZZO,CAPACITA_PRODUTTIVA_OLIO,COD_FORMA_ALLEVAMENTO,SCO_FORMA_ALLEVAMENTO,CUAA_OLIO,ID_SOGGETTO,ID_PARTICELLA,ID_PIANO_GCP,ID_POLIGONO_GCP,NOME_LOTTO_GCP,ROT_GROUP,COD_CRIT_MANTENIMENTO,SCO_CRIT_MANTENIMENTO,COD_TIPO_SEMINA,SCO_TIPO_SEMINA,COD_EPOCA_SEMINA,SCO_EPOCA_SEMINA,ULTI_TURN_TAGL,COD_FASE_ALLEVAMENTO,SCO_FASE_ALLEVAMENTO) 
values  ('6385696',to_date('02/01/2018 10:49:53','dd/mm/yyyy hh24:mi:ss'),to_date('12/04/2018 11:36:42','dd/mm/yyyy hh24:mi:ss'),'5043911','2018','F187','9999','01590',' ','822',null,'N','1932',null,'IMPCOL',null,null,null,null,null,'FONDAT','000300',to_date('02/01/2018 10:49:53','dd/mm/yyyy hh24:mi:ss'),to_date('31/12/9999 00:00:00','dd/mm/yyyy hh24:mi:ss'),'S','N',null,null,to_date('12/04/2018 11:36:43','dd/mm/yyyy hh24:mi:ss'),'LOADER',null,'OLICER',null,'OLIMEN',null,'OLIUTI',null,null,'OLIALL',null,null,'1','1715034',null,null,null,null,null,null,null,null,null,null,null,null,null);
Insert into TPIANO_COLTURE (PKID,DT_INSERT,DT_DELETE,ID_PIANO_COLTURE,ANNO,COD_NAZIONALE,FOGLIO,PARTICELLA,SUB,ID_COLTURA_1,ID_COLTURA_2,FG_BIOLOGICO,SUP_DICHIARATA,SUP_ACCERTATA,COD_TIPO_IMPIANTO,SCO_TIPO_IMPIANTO,ANNO_IMPIANTO,SESTO_SU_FILA,SESTO_TRA_FILE,NUMERO_PIANTE,COD_FONTE_DATI,SCO_FONTE_DATI,DT_INIZIO,DT_FINE,FG_VALIDO_INIZIO,FG_VALIDO_FINE,ID_ATTO_INIZIO,ID_ATTO_FINE,DT_ULTIMO_AGG,UTENTE,FG_OLIO_VARIETA_PREV,COD_OLIO_TIPO_CERTIF,SCO_OLIO_TIPO_CERTIF,COD_OLIO_MENZIONE,SCO_OLIO_MENZIONE,COD_OLIO_TIPO_UTILIZZO,SCO_OLIO_TIPO_UTILIZZO,CAPACITA_PRODUTTIVA_OLIO,COD_FORMA_ALLEVAMENTO,SCO_FORMA_ALLEVAMENTO,CUAA_OLIO,ID_SOGGETTO,ID_PARTICELLA,ID_PIANO_GCP,ID_POLIGONO_GCP,NOME_LOTTO_GCP,ROT_GROUP,COD_CRIT_MANTENIMENTO,SCO_CRIT_MANTENIMENTO,COD_TIPO_SEMINA,SCO_TIPO_SEMINA,COD_EPOCA_SEMINA,SCO_EPOCA_SEMINA,ULTI_TURN_TAGL,COD_FASE_ALLEVAMENTO,SCO_FASE_ALLEVAMENTO) 
values  ('8172826',to_date('20/07/2018 15:27:21','dd/mm/yyyy hh24:mi:ss'),to_date('31/12/9999 00:00:00','dd/mm/yyyy hh24:mi:ss'),'6778205','2018','F187','9999','01591','2','822',null,'N','4512','4512','IMPCOL',null,null,null,null,null,'FONDAT','DG0001',to_date('11/11/2017 00:00:00','dd/mm/yyyy hh24:mi:ss'),to_date('10/11/2018 00:00:00','dd/mm/yyyy hh24:mi:ss'),'N','N',null,null,to_date('20/07/2018 15:27:21','dd/mm/yyyy hh24:mi:ss'),'PCG-AGEA',null,null,null,null,null,null,null,null,null,null,null,'1','1715032',null,null,null,null,'SSM','000002',null,null,null,null,null,null,null);
Insert into TPIANO_COLTURE (PKID,DT_INSERT,DT_DELETE,ID_PIANO_COLTURE,ANNO,COD_NAZIONALE,FOGLIO,PARTICELLA,SUB,ID_COLTURA_1,ID_COLTURA_2,FG_BIOLOGICO,SUP_DICHIARATA,SUP_ACCERTATA,COD_TIPO_IMPIANTO,SCO_TIPO_IMPIANTO,ANNO_IMPIANTO,SESTO_SU_FILA,SESTO_TRA_FILE,NUMERO_PIANTE,COD_FONTE_DATI,SCO_FONTE_DATI,DT_INIZIO,DT_FINE,FG_VALIDO_INIZIO,FG_VALIDO_FINE,ID_ATTO_INIZIO,ID_ATTO_FINE,DT_ULTIMO_AGG,UTENTE,FG_OLIO_VARIETA_PREV,COD_OLIO_TIPO_CERTIF,SCO_OLIO_TIPO_CERTIF,COD_OLIO_MENZIONE,SCO_OLIO_MENZIONE,COD_OLIO_TIPO_UTILIZZO,SCO_OLIO_TIPO_UTILIZZO,CAPACITA_PRODUTTIVA_OLIO,COD_FORMA_ALLEVAMENTO,SCO_FORMA_ALLEVAMENTO,CUAA_OLIO,ID_SOGGETTO,ID_PARTICELLA,ID_PIANO_GCP,ID_POLIGONO_GCP,NOME_LOTTO_GCP,ROT_GROUP,COD_CRIT_MANTENIMENTO,SCO_CRIT_MANTENIMENTO,COD_TIPO_SEMINA,SCO_TIPO_SEMINA,COD_EPOCA_SEMINA,SCO_EPOCA_SEMINA,ULTI_TURN_TAGL,COD_FASE_ALLEVAMENTO,SCO_FASE_ALLEVAMENTO) 
values  ('7264599',to_date('12/04/2018 11:36:43','dd/mm/yyyy hh24:mi:ss'),to_date('20/07/2018 15:27:20','dd/mm/yyyy hh24:mi:ss'),'5884958','2018','F187','9999','01591','2','822',null,'N','4512','4512','IMPCOL',null,null,null,null,null,'FONDAT','DG0001',to_date('11/11/2017 00:00:00','dd/mm/yyyy hh24:mi:ss'),to_date('10/11/2018 00:00:00','dd/mm/yyyy hh24:mi:ss'),'N','N',null,null,to_date('20/07/2018 15:27:21','dd/mm/yyyy hh24:mi:ss'),'PCG-AGEA',null,null,null,null,null,null,null,null,null,null,null,'1','1715032',null,null,null,null,'SSM','000002',null,null,null,null,null,null,null);
Insert into TPIANO_COLTURE (PKID,DT_INSERT,DT_DELETE,ID_PIANO_COLTURE,ANNO,COD_NAZIONALE,FOGLIO,PARTICELLA,SUB,ID_COLTURA_1,ID_COLTURA_2,FG_BIOLOGICO,SUP_DICHIARATA,SUP_ACCERTATA,COD_TIPO_IMPIANTO,SCO_TIPO_IMPIANTO,ANNO_IMPIANTO,SESTO_SU_FILA,SESTO_TRA_FILE,NUMERO_PIANTE,COD_FONTE_DATI,SCO_FONTE_DATI,DT_INIZIO,DT_FINE,FG_VALIDO_INIZIO,FG_VALIDO_FINE,ID_ATTO_INIZIO,ID_ATTO_FINE,DT_ULTIMO_AGG,UTENTE,FG_OLIO_VARIETA_PREV,COD_OLIO_TIPO_CERTIF,SCO_OLIO_TIPO_CERTIF,COD_OLIO_MENZIONE,SCO_OLIO_MENZIONE,COD_OLIO_TIPO_UTILIZZO,SCO_OLIO_TIPO_UTILIZZO,CAPACITA_PRODUTTIVA_OLIO,COD_FORMA_ALLEVAMENTO,SCO_FORMA_ALLEVAMENTO,CUAA_OLIO,ID_SOGGETTO,ID_PARTICELLA,ID_PIANO_GCP,ID_POLIGONO_GCP,NOME_LOTTO_GCP,ROT_GROUP,COD_CRIT_MANTENIMENTO,SCO_CRIT_MANTENIMENTO,COD_TIPO_SEMINA,SCO_TIPO_SEMINA,COD_EPOCA_SEMINA,SCO_EPOCA_SEMINA,ULTI_TURN_TAGL,COD_FASE_ALLEVAMENTO,SCO_FASE_ALLEVAMENTO) 
values  ('6385697',to_date('02/01/2018 10:49:53','dd/mm/yyyy hh24:mi:ss'),to_date('12/04/2018 11:36:42','dd/mm/yyyy hh24:mi:ss'),'5043912','2018','F187','9999','01591','2','822',null,'N','4512',null,'IMPCOL',null,null,null,null,null,'FONDAT','000300',to_date('02/01/2018 10:49:53','dd/mm/yyyy hh24:mi:ss'),to_date('31/12/9999 00:00:00','dd/mm/yyyy hh24:mi:ss'),'S','N',null,null,to_date('12/04/2018 11:36:43','dd/mm/yyyy hh24:mi:ss'),'LOADER',null,'OLICER',null,'OLIMEN',null,'OLIUTI',null,null,'OLIALL',null,null,'1','1715032',null,null,null,null,null,null,null,null,null,null,null,null,null);
Insert into TPIANO_COLTURE (PKID,DT_INSERT,DT_DELETE,ID_PIANO_COLTURE,ANNO,COD_NAZIONALE,FOGLIO,PARTICELLA,SUB,ID_COLTURA_1,ID_COLTURA_2,FG_BIOLOGICO,SUP_DICHIARATA,SUP_ACCERTATA,COD_TIPO_IMPIANTO,SCO_TIPO_IMPIANTO,ANNO_IMPIANTO,SESTO_SU_FILA,SESTO_TRA_FILE,NUMERO_PIANTE,COD_FONTE_DATI,SCO_FONTE_DATI,DT_INIZIO,DT_FINE,FG_VALIDO_INIZIO,FG_VALIDO_FINE,ID_ATTO_INIZIO,ID_ATTO_FINE,DT_ULTIMO_AGG,UTENTE,FG_OLIO_VARIETA_PREV,COD_OLIO_TIPO_CERTIF,SCO_OLIO_TIPO_CERTIF,COD_OLIO_MENZIONE,SCO_OLIO_MENZIONE,COD_OLIO_TIPO_UTILIZZO,SCO_OLIO_TIPO_UTILIZZO,CAPACITA_PRODUTTIVA_OLIO,COD_FORMA_ALLEVAMENTO,SCO_FORMA_ALLEVAMENTO,CUAA_OLIO,ID_SOGGETTO,ID_PARTICELLA,ID_PIANO_GCP,ID_POLIGONO_GCP,NOME_LOTTO_GCP,ROT_GROUP,COD_CRIT_MANTENIMENTO,SCO_CRIT_MANTENIMENTO,COD_TIPO_SEMINA,SCO_TIPO_SEMINA,COD_EPOCA_SEMINA,SCO_EPOCA_SEMINA,ULTI_TURN_TAGL,COD_FASE_ALLEVAMENTO,SCO_FASE_ALLEVAMENTO) 
values  ('8172825',to_date('20/07/2018 15:27:21','dd/mm/yyyy hh24:mi:ss'),to_date('31/12/9999 00:00:00','dd/mm/yyyy hh24:mi:ss'),'6778204','2018','F187','9999','01598','2','822',null,'N','877','877','IMPCOL',null,null,null,null,null,'FONDAT','DG0001',to_date('11/11/2017 00:00:00','dd/mm/yyyy hh24:mi:ss'),to_date('10/11/2018 00:00:00','dd/mm/yyyy hh24:mi:ss'),'N','N',null,null,to_date('20/07/2018 15:27:21','dd/mm/yyyy hh24:mi:ss'),'PCG-AGEA',null,null,null,null,null,null,null,null,null,null,null,'1','1715027',null,null,null,null,'SSM','000002',null,null,null,null,null,null,null);
Insert into TPIANO_COLTURE (PKID,DT_INSERT,DT_DELETE,ID_PIANO_COLTURE,ANNO,COD_NAZIONALE,FOGLIO,PARTICELLA,SUB,ID_COLTURA_1,ID_COLTURA_2,FG_BIOLOGICO,SUP_DICHIARATA,SUP_ACCERTATA,COD_TIPO_IMPIANTO,SCO_TIPO_IMPIANTO,ANNO_IMPIANTO,SESTO_SU_FILA,SESTO_TRA_FILE,NUMERO_PIANTE,COD_FONTE_DATI,SCO_FONTE_DATI,DT_INIZIO,DT_FINE,FG_VALIDO_INIZIO,FG_VALIDO_FINE,ID_ATTO_INIZIO,ID_ATTO_FINE,DT_ULTIMO_AGG,UTENTE,FG_OLIO_VARIETA_PREV,COD_OLIO_TIPO_CERTIF,SCO_OLIO_TIPO_CERTIF,COD_OLIO_MENZIONE,SCO_OLIO_MENZIONE,COD_OLIO_TIPO_UTILIZZO,SCO_OLIO_TIPO_UTILIZZO,CAPACITA_PRODUTTIVA_OLIO,COD_FORMA_ALLEVAMENTO,SCO_FORMA_ALLEVAMENTO,CUAA_OLIO,ID_SOGGETTO,ID_PARTICELLA,ID_PIANO_GCP,ID_POLIGONO_GCP,NOME_LOTTO_GCP,ROT_GROUP,COD_CRIT_MANTENIMENTO,SCO_CRIT_MANTENIMENTO,COD_TIPO_SEMINA,SCO_TIPO_SEMINA,COD_EPOCA_SEMINA,SCO_EPOCA_SEMINA,ULTI_TURN_TAGL,COD_FASE_ALLEVAMENTO,SCO_FASE_ALLEVAMENTO) 
values  ('7264598',to_date('12/04/2018 11:36:43','dd/mm/yyyy hh24:mi:ss'),to_date('20/07/2018 15:27:20','dd/mm/yyyy hh24:mi:ss'),'5884957','2018','F187','9999','01598','2','822',null,'N','877','877','IMPCOL',null,null,null,null,null,'FONDAT','DG0001',to_date('11/11/2017 00:00:00','dd/mm/yyyy hh24:mi:ss'),to_date('10/11/2018 00:00:00','dd/mm/yyyy hh24:mi:ss'),'N','N',null,null,to_date('20/07/2018 15:27:21','dd/mm/yyyy hh24:mi:ss'),'PCG-AGEA',null,null,null,null,null,null,null,null,null,null,null,'1','1715027',null,null,null,null,'SSM','000002',null,null,null,null,null,null,null);
Insert into TPIANO_COLTURE (PKID,DT_INSERT,DT_DELETE,ID_PIANO_COLTURE,ANNO,COD_NAZIONALE,FOGLIO,PARTICELLA,SUB,ID_COLTURA_1,ID_COLTURA_2,FG_BIOLOGICO,SUP_DICHIARATA,SUP_ACCERTATA,COD_TIPO_IMPIANTO,SCO_TIPO_IMPIANTO,ANNO_IMPIANTO,SESTO_SU_FILA,SESTO_TRA_FILE,NUMERO_PIANTE,COD_FONTE_DATI,SCO_FONTE_DATI,DT_INIZIO,DT_FINE,FG_VALIDO_INIZIO,FG_VALIDO_FINE,ID_ATTO_INIZIO,ID_ATTO_FINE,DT_ULTIMO_AGG,UTENTE,FG_OLIO_VARIETA_PREV,COD_OLIO_TIPO_CERTIF,SCO_OLIO_TIPO_CERTIF,COD_OLIO_MENZIONE,SCO_OLIO_MENZIONE,COD_OLIO_TIPO_UTILIZZO,SCO_OLIO_TIPO_UTILIZZO,CAPACITA_PRODUTTIVA_OLIO,COD_FORMA_ALLEVAMENTO,SCO_FORMA_ALLEVAMENTO,CUAA_OLIO,ID_SOGGETTO,ID_PARTICELLA,ID_PIANO_GCP,ID_POLIGONO_GCP,NOME_LOTTO_GCP,ROT_GROUP,COD_CRIT_MANTENIMENTO,SCO_CRIT_MANTENIMENTO,COD_TIPO_SEMINA,SCO_TIPO_SEMINA,COD_EPOCA_SEMINA,SCO_EPOCA_SEMINA,ULTI_TURN_TAGL,COD_FASE_ALLEVAMENTO,SCO_FASE_ALLEVAMENTO) 
values  ('6385698',to_date('02/01/2018 10:49:53','dd/mm/yyyy hh24:mi:ss'),to_date('12/04/2018 11:36:42','dd/mm/yyyy hh24:mi:ss'),'5043913','2018','F187','9999','01598','2','822',null,'N','877',null,'IMPCOL',null,null,null,null,null,'FONDAT','000300',to_date('02/01/2018 10:49:53','dd/mm/yyyy hh24:mi:ss'),to_date('31/12/9999 00:00:00','dd/mm/yyyy hh24:mi:ss'),'S','N',null,null,to_date('12/04/2018 11:36:43','dd/mm/yyyy hh24:mi:ss'),'LOADER',null,'OLICER',null,'OLIMEN',null,'OLIUTI',null,null,'OLIALL',null,null,'1','1715027',null,null,null,null,null,null,null,null,null,null,null,null,null);
Insert into TPIANO_COLTURE (PKID,DT_INSERT,DT_DELETE,ID_PIANO_COLTURE,ANNO,COD_NAZIONALE,FOGLIO,PARTICELLA,SUB,ID_COLTURA_1,ID_COLTURA_2,FG_BIOLOGICO,SUP_DICHIARATA,SUP_ACCERTATA,COD_TIPO_IMPIANTO,SCO_TIPO_IMPIANTO,ANNO_IMPIANTO,SESTO_SU_FILA,SESTO_TRA_FILE,NUMERO_PIANTE,COD_FONTE_DATI,SCO_FONTE_DATI,DT_INIZIO,DT_FINE,FG_VALIDO_INIZIO,FG_VALIDO_FINE,ID_ATTO_INIZIO,ID_ATTO_FINE,DT_ULTIMO_AGG,UTENTE,FG_OLIO_VARIETA_PREV,COD_OLIO_TIPO_CERTIF,SCO_OLIO_TIPO_CERTIF,COD_OLIO_MENZIONE,SCO_OLIO_MENZIONE,COD_OLIO_TIPO_UTILIZZO,SCO_OLIO_TIPO_UTILIZZO,CAPACITA_PRODUTTIVA_OLIO,COD_FORMA_ALLEVAMENTO,SCO_FORMA_ALLEVAMENTO,CUAA_OLIO,ID_SOGGETTO,ID_PARTICELLA,ID_PIANO_GCP,ID_POLIGONO_GCP,NOME_LOTTO_GCP,ROT_GROUP,COD_CRIT_MANTENIMENTO,SCO_CRIT_MANTENIMENTO,COD_TIPO_SEMINA,SCO_TIPO_SEMINA,COD_EPOCA_SEMINA,SCO_EPOCA_SEMINA,ULTI_TURN_TAGL,COD_FASE_ALLEVAMENTO,SCO_FASE_ALLEVAMENTO) 
values  ('8172824',to_date('20/07/2018 15:27:21','dd/mm/yyyy hh24:mi:ss'),to_date('31/12/9999 00:00:00','dd/mm/yyyy hh24:mi:ss'),'6778203','2018','F187','9999','01599','2','822',null,'N','3504','3504','IMPCOL',null,null,null,null,null,'FONDAT','DG0001',to_date('11/11/2017 00:00:00','dd/mm/yyyy hh24:mi:ss'),to_date('10/11/2018 00:00:00','dd/mm/yyyy hh24:mi:ss'),'N','N',null,null,to_date('20/07/2018 15:27:21','dd/mm/yyyy hh24:mi:ss'),'PCG-AGEA',null,null,null,null,null,null,null,null,null,null,null,'1','1715026',null,null,null,null,'SSM','000002',null,null,null,null,null,null,null);
Insert into TPIANO_COLTURE (PKID,DT_INSERT,DT_DELETE,ID_PIANO_COLTURE,ANNO,COD_NAZIONALE,FOGLIO,PARTICELLA,SUB,ID_COLTURA_1,ID_COLTURA_2,FG_BIOLOGICO,SUP_DICHIARATA,SUP_ACCERTATA,COD_TIPO_IMPIANTO,SCO_TIPO_IMPIANTO,ANNO_IMPIANTO,SESTO_SU_FILA,SESTO_TRA_FILE,NUMERO_PIANTE,COD_FONTE_DATI,SCO_FONTE_DATI,DT_INIZIO,DT_FINE,FG_VALIDO_INIZIO,FG_VALIDO_FINE,ID_ATTO_INIZIO,ID_ATTO_FINE,DT_ULTIMO_AGG,UTENTE,FG_OLIO_VARIETA_PREV,COD_OLIO_TIPO_CERTIF,SCO_OLIO_TIPO_CERTIF,COD_OLIO_MENZIONE,SCO_OLIO_MENZIONE,COD_OLIO_TIPO_UTILIZZO,SCO_OLIO_TIPO_UTILIZZO,CAPACITA_PRODUTTIVA_OLIO,COD_FORMA_ALLEVAMENTO,SCO_FORMA_ALLEVAMENTO,CUAA_OLIO,ID_SOGGETTO,ID_PARTICELLA,ID_PIANO_GCP,ID_POLIGONO_GCP,NOME_LOTTO_GCP,ROT_GROUP,COD_CRIT_MANTENIMENTO,SCO_CRIT_MANTENIMENTO,COD_TIPO_SEMINA,SCO_TIPO_SEMINA,COD_EPOCA_SEMINA,SCO_EPOCA_SEMINA,ULTI_TURN_TAGL,COD_FASE_ALLEVAMENTO,SCO_FASE_ALLEVAMENTO) 
values  ('7264597',to_date('12/04/2018 11:36:43','dd/mm/yyyy hh24:mi:ss'),to_date('20/07/2018 15:27:20','dd/mm/yyyy hh24:mi:ss'),'5884956','2018','F187','9999','01599','2','822',null,'N','3504','3504','IMPCOL',null,null,null,null,null,'FONDAT','DG0001',to_date('11/11/2017 00:00:00','dd/mm/yyyy hh24:mi:ss'),to_date('10/11/2018 00:00:00','dd/mm/yyyy hh24:mi:ss'),'N','N',null,null,to_date('20/07/2018 15:27:21','dd/mm/yyyy hh24:mi:ss'),'PCG-AGEA',null,null,null,null,null,null,null,null,null,null,null,'1','1715026',null,null,null,null,'SSM','000002',null,null,null,null,null,null,null);
Insert into TPIANO_COLTURE (PKID,DT_INSERT,DT_DELETE,ID_PIANO_COLTURE,ANNO,COD_NAZIONALE,FOGLIO,PARTICELLA,SUB,ID_COLTURA_1,ID_COLTURA_2,FG_BIOLOGICO,SUP_DICHIARATA,SUP_ACCERTATA,COD_TIPO_IMPIANTO,SCO_TIPO_IMPIANTO,ANNO_IMPIANTO,SESTO_SU_FILA,SESTO_TRA_FILE,NUMERO_PIANTE,COD_FONTE_DATI,SCO_FONTE_DATI,DT_INIZIO,DT_FINE,FG_VALIDO_INIZIO,FG_VALIDO_FINE,ID_ATTO_INIZIO,ID_ATTO_FINE,DT_ULTIMO_AGG,UTENTE,FG_OLIO_VARIETA_PREV,COD_OLIO_TIPO_CERTIF,SCO_OLIO_TIPO_CERTIF,COD_OLIO_MENZIONE,SCO_OLIO_MENZIONE,COD_OLIO_TIPO_UTILIZZO,SCO_OLIO_TIPO_UTILIZZO,CAPACITA_PRODUTTIVA_OLIO,COD_FORMA_ALLEVAMENTO,SCO_FORMA_ALLEVAMENTO,CUAA_OLIO,ID_SOGGETTO,ID_PARTICELLA,ID_PIANO_GCP,ID_POLIGONO_GCP,NOME_LOTTO_GCP,ROT_GROUP,COD_CRIT_MANTENIMENTO,SCO_CRIT_MANTENIMENTO,COD_TIPO_SEMINA,SCO_TIPO_SEMINA,COD_EPOCA_SEMINA,SCO_EPOCA_SEMINA,ULTI_TURN_TAGL,COD_FASE_ALLEVAMENTO,SCO_FASE_ALLEVAMENTO) 
values  ('6385691',to_date('02/01/2018 10:49:53','dd/mm/yyyy hh24:mi:ss'),to_date('12/04/2018 11:36:42','dd/mm/yyyy hh24:mi:ss'),'5043906','2018','F187','9999','01599','2','822',null,'N','3504',null,'IMPCOL',null,null,null,null,null,'FONDAT','000001',to_date('02/01/2018 10:49:53','dd/mm/yyyy hh24:mi:ss'),to_date('31/12/9999 00:00:00','dd/mm/yyyy hh24:mi:ss'),'S','N',null,null,to_date('12/04/2018 11:36:43','dd/mm/yyyy hh24:mi:ss'),'LOADER',null,'OLICER',null,'OLIMEN',null,'OLIUTI',null,null,'OLIALL',null,null,'1','1715026',null,null,null,null,null,null,null,null,null,null,null,null,null);
Insert into TPIANO_COLTURE (PKID,DT_INSERT,DT_DELETE,ID_PIANO_COLTURE,ANNO,COD_NAZIONALE,FOGLIO,PARTICELLA,SUB,ID_COLTURA_1,ID_COLTURA_2,FG_BIOLOGICO,SUP_DICHIARATA,SUP_ACCERTATA,COD_TIPO_IMPIANTO,SCO_TIPO_IMPIANTO,ANNO_IMPIANTO,SESTO_SU_FILA,SESTO_TRA_FILE,NUMERO_PIANTE,COD_FONTE_DATI,SCO_FONTE_DATI,DT_INIZIO,DT_FINE,FG_VALIDO_INIZIO,FG_VALIDO_FINE,ID_ATTO_INIZIO,ID_ATTO_FINE,DT_ULTIMO_AGG,UTENTE,FG_OLIO_VARIETA_PREV,COD_OLIO_TIPO_CERTIF,SCO_OLIO_TIPO_CERTIF,COD_OLIO_MENZIONE,SCO_OLIO_MENZIONE,COD_OLIO_TIPO_UTILIZZO,SCO_OLIO_TIPO_UTILIZZO,CAPACITA_PRODUTTIVA_OLIO,COD_FORMA_ALLEVAMENTO,SCO_FORMA_ALLEVAMENTO,CUAA_OLIO,ID_SOGGETTO,ID_PARTICELLA,ID_PIANO_GCP,ID_POLIGONO_GCP,NOME_LOTTO_GCP,ROT_GROUP,COD_CRIT_MANTENIMENTO,SCO_CRIT_MANTENIMENTO,COD_TIPO_SEMINA,SCO_TIPO_SEMINA,COD_EPOCA_SEMINA,SCO_EPOCA_SEMINA,ULTI_TURN_TAGL,COD_FASE_ALLEVAMENTO,SCO_FASE_ALLEVAMENTO) 
values  ('8172828',to_date('20/07/2018 15:27:21','dd/mm/yyyy hh24:mi:ss'),to_date('31/12/9999 00:00:00','dd/mm/yyyy hh24:mi:ss'),'6778207','2018','F187','9999','01653',' ','822',null,'N','3465','3465','IMPCOL',null,null,null,null,null,'FONDAT','DG0001',to_date('11/11/2017 00:00:00','dd/mm/yyyy hh24:mi:ss'),to_date('10/11/2018 00:00:00','dd/mm/yyyy hh24:mi:ss'),'N','N',null,null,to_date('20/07/2018 15:27:21','dd/mm/yyyy hh24:mi:ss'),'PCG-AGEA',null,null,null,null,null,null,null,null,null,null,null,'1','1715588',null,null,null,null,'SSM','000002',null,null,null,null,null,null,null);
Insert into TPIANO_COLTURE (PKID,DT_INSERT,DT_DELETE,ID_PIANO_COLTURE,ANNO,COD_NAZIONALE,FOGLIO,PARTICELLA,SUB,ID_COLTURA_1,ID_COLTURA_2,FG_BIOLOGICO,SUP_DICHIARATA,SUP_ACCERTATA,COD_TIPO_IMPIANTO,SCO_TIPO_IMPIANTO,ANNO_IMPIANTO,SESTO_SU_FILA,SESTO_TRA_FILE,NUMERO_PIANTE,COD_FONTE_DATI,SCO_FONTE_DATI,DT_INIZIO,DT_FINE,FG_VALIDO_INIZIO,FG_VALIDO_FINE,ID_ATTO_INIZIO,ID_ATTO_FINE,DT_ULTIMO_AGG,UTENTE,FG_OLIO_VARIETA_PREV,COD_OLIO_TIPO_CERTIF,SCO_OLIO_TIPO_CERTIF,COD_OLIO_MENZIONE,SCO_OLIO_MENZIONE,COD_OLIO_TIPO_UTILIZZO,SCO_OLIO_TIPO_UTILIZZO,CAPACITA_PRODUTTIVA_OLIO,COD_FORMA_ALLEVAMENTO,SCO_FORMA_ALLEVAMENTO,CUAA_OLIO,ID_SOGGETTO,ID_PARTICELLA,ID_PIANO_GCP,ID_POLIGONO_GCP,NOME_LOTTO_GCP,ROT_GROUP,COD_CRIT_MANTENIMENTO,SCO_CRIT_MANTENIMENTO,COD_TIPO_SEMINA,SCO_TIPO_SEMINA,COD_EPOCA_SEMINA,SCO_EPOCA_SEMINA,ULTI_TURN_TAGL,COD_FASE_ALLEVAMENTO,SCO_FASE_ALLEVAMENTO) 
values  ('7264601',to_date('12/04/2018 11:36:43','dd/mm/yyyy hh24:mi:ss'),to_date('20/07/2018 15:27:20','dd/mm/yyyy hh24:mi:ss'),'5884960','2018','F187','9999','01653',' ','822',null,'N','3465','3465','IMPCOL',null,null,null,null,null,'FONDAT','DG0001',to_date('11/11/2017 00:00:00','dd/mm/yyyy hh24:mi:ss'),to_date('10/11/2018 00:00:00','dd/mm/yyyy hh24:mi:ss'),'N','N',null,null,to_date('20/07/2018 15:27:21','dd/mm/yyyy hh24:mi:ss'),'PCG-AGEA',null,null,null,null,null,null,null,null,null,null,null,'1','1715588',null,null,null,null,'SSM','000002',null,null,null,null,null,null,null);
Insert into TPIANO_COLTURE (PKID,DT_INSERT,DT_DELETE,ID_PIANO_COLTURE,ANNO,COD_NAZIONALE,FOGLIO,PARTICELLA,SUB,ID_COLTURA_1,ID_COLTURA_2,FG_BIOLOGICO,SUP_DICHIARATA,SUP_ACCERTATA,COD_TIPO_IMPIANTO,SCO_TIPO_IMPIANTO,ANNO_IMPIANTO,SESTO_SU_FILA,SESTO_TRA_FILE,NUMERO_PIANTE,COD_FONTE_DATI,SCO_FONTE_DATI,DT_INIZIO,DT_FINE,FG_VALIDO_INIZIO,FG_VALIDO_FINE,ID_ATTO_INIZIO,ID_ATTO_FINE,DT_ULTIMO_AGG,UTENTE,FG_OLIO_VARIETA_PREV,COD_OLIO_TIPO_CERTIF,SCO_OLIO_TIPO_CERTIF,COD_OLIO_MENZIONE,SCO_OLIO_MENZIONE,COD_OLIO_TIPO_UTILIZZO,SCO_OLIO_TIPO_UTILIZZO,CAPACITA_PRODUTTIVA_OLIO,COD_FORMA_ALLEVAMENTO,SCO_FORMA_ALLEVAMENTO,CUAA_OLIO,ID_SOGGETTO,ID_PARTICELLA,ID_PIANO_GCP,ID_POLIGONO_GCP,NOME_LOTTO_GCP,ROT_GROUP,COD_CRIT_MANTENIMENTO,SCO_CRIT_MANTENIMENTO,COD_TIPO_SEMINA,SCO_TIPO_SEMINA,COD_EPOCA_SEMINA,SCO_EPOCA_SEMINA,ULTI_TURN_TAGL,COD_FASE_ALLEVAMENTO,SCO_FASE_ALLEVAMENTO) 
values  ('6385699',to_date('02/01/2018 10:49:53','dd/mm/yyyy hh24:mi:ss'),to_date('12/04/2018 11:36:42','dd/mm/yyyy hh24:mi:ss'),'5043914','2018','F187','9999','01653',' ','822',null,'N','3464',null,'IMPCOL',null,null,null,null,null,'FONDAT','000300',to_date('02/01/2018 10:49:53','dd/mm/yyyy hh24:mi:ss'),to_date('31/12/9999 00:00:00','dd/mm/yyyy hh24:mi:ss'),'S','N',null,null,to_date('12/04/2018 11:36:43','dd/mm/yyyy hh24:mi:ss'),'LOADER',null,'OLICER',null,'OLIMEN',null,'OLIUTI',null,null,'OLIALL',null,null,'1','1715588',null,null,null,null,null,null,null,null,null,null,null,null,null);
Insert into TPIANO_COLTURE (PKID,DT_INSERT,DT_DELETE,ID_PIANO_COLTURE,ANNO,COD_NAZIONALE,FOGLIO,PARTICELLA,SUB,ID_COLTURA_1,ID_COLTURA_2,FG_BIOLOGICO,SUP_DICHIARATA,SUP_ACCERTATA,COD_TIPO_IMPIANTO,SCO_TIPO_IMPIANTO,ANNO_IMPIANTO,SESTO_SU_FILA,SESTO_TRA_FILE,NUMERO_PIANTE,COD_FONTE_DATI,SCO_FONTE_DATI,DT_INIZIO,DT_FINE,FG_VALIDO_INIZIO,FG_VALIDO_FINE,ID_ATTO_INIZIO,ID_ATTO_FINE,DT_ULTIMO_AGG,UTENTE,FG_OLIO_VARIETA_PREV,COD_OLIO_TIPO_CERTIF,SCO_OLIO_TIPO_CERTIF,COD_OLIO_MENZIONE,SCO_OLIO_MENZIONE,COD_OLIO_TIPO_UTILIZZO,SCO_OLIO_TIPO_UTILIZZO,CAPACITA_PRODUTTIVA_OLIO,COD_FORMA_ALLEVAMENTO,SCO_FORMA_ALLEVAMENTO,CUAA_OLIO,ID_SOGGETTO,ID_PARTICELLA,ID_PIANO_GCP,ID_POLIGONO_GCP,NOME_LOTTO_GCP,ROT_GROUP,COD_CRIT_MANTENIMENTO,SCO_CRIT_MANTENIMENTO,COD_TIPO_SEMINA,SCO_TIPO_SEMINA,COD_EPOCA_SEMINA,SCO_EPOCA_SEMINA,ULTI_TURN_TAGL,COD_FASE_ALLEVAMENTO,SCO_FASE_ALLEVAMENTO) 
values  ('6385690',to_date('02/01/2018 10:49:53','dd/mm/yyyy hh24:mi:ss'),to_date('12/04/2018 11:36:42','dd/mm/yyyy hh24:mi:ss'),'5043905','2018','F187','9999','01857','1','822',null,'N','1985',null,'IMPCOL',null,null,null,null,null,'FONDAT','000300',to_date('02/01/2018 10:49:53','dd/mm/yyyy hh24:mi:ss'),to_date('31/12/9999 00:00:00','dd/mm/yyyy hh24:mi:ss'),'S','N',null,null,to_date('12/04/2018 11:36:43','dd/mm/yyyy hh24:mi:ss'),'LOADER',null,'OLICER',null,'OLIMEN',null,'OLIUTI',null,null,'OLIALL',null,null,'1','1714753',null,null,null,null,null,null,null,null,null,null,null,null,null);

Insert into TPIANO_COLTURE (PKID,DT_INSERT,DT_DELETE,ID_PIANO_COLTURE,ANNO,COD_NAZIONALE,FOGLIO,PARTICELLA,SUB,ID_COLTURA_1,ID_COLTURA_2,FG_BIOLOGICO,SUP_DICHIARATA,SUP_ACCERTATA,COD_TIPO_IMPIANTO,SCO_TIPO_IMPIANTO,ANNO_IMPIANTO,SESTO_SU_FILA,SESTO_TRA_FILE,NUMERO_PIANTE,COD_FONTE_DATI,SCO_FONTE_DATI,DT_INIZIO,DT_FINE,FG_VALIDO_INIZIO,FG_VALIDO_FINE,ID_ATTO_INIZIO,ID_ATTO_FINE,DT_ULTIMO_AGG,UTENTE,FG_OLIO_VARIETA_PREV,COD_OLIO_TIPO_CERTIF,SCO_OLIO_TIPO_CERTIF,COD_OLIO_MENZIONE,SCO_OLIO_MENZIONE,COD_OLIO_TIPO_UTILIZZO,SCO_OLIO_TIPO_UTILIZZO,CAPACITA_PRODUTTIVA_OLIO,COD_FORMA_ALLEVAMENTO,SCO_FORMA_ALLEVAMENTO,CUAA_OLIO,ID_SOGGETTO,ID_PARTICELLA,ID_PIANO_GCP,ID_POLIGONO_GCP,NOME_LOTTO_GCP,ROT_GROUP,COD_CRIT_MANTENIMENTO,SCO_CRIT_MANTENIMENTO,COD_TIPO_SEMINA,SCO_TIPO_SEMINA,COD_EPOCA_SEMINA,SCO_EPOCA_SEMINA,ULTI_TURN_TAGL,COD_FASE_ALLEVAMENTO,SCO_FASE_ALLEVAMENTO) 
values ('7659979',to_date('10/05/2018 10:21:13','dd/mm/yyyy  HH24:MI:SS'),to_date('31/12/9999 00:00:00','dd/mm/yyyy  HH24:MI:SS'),'6270875','2018','F835','9999','00538',' ','23814',null,'N','499','499','IMPCOL',null,null,null,null,null,'FONDAT','DG0001',to_date('11/11/2017 00:00:00','dd/mm/yyyy  HH24:MI:SS'),to_date('10/11/2018 00:00:00','dd/mm/yyyy  HH24:MI:SS'),'N','N',null,null,to_date('10/05/2018 10:21:13','dd/mm/yyyy  HH24:MI:SS'),'PCG-AGEA',null,null,null,null,null,null,null,null,null,null,null,'1403','1724502',null,null,null,null,'SSM','000001',null,null,null,null,null,null,null);
Insert into TPIANO_COLTURE (PKID,DT_INSERT,DT_DELETE,ID_PIANO_COLTURE,ANNO,COD_NAZIONALE,FOGLIO,PARTICELLA,SUB,ID_COLTURA_1,ID_COLTURA_2,FG_BIOLOGICO,SUP_DICHIARATA,SUP_ACCERTATA,COD_TIPO_IMPIANTO,SCO_TIPO_IMPIANTO,ANNO_IMPIANTO,SESTO_SU_FILA,SESTO_TRA_FILE,NUMERO_PIANTE,COD_FONTE_DATI,SCO_FONTE_DATI,DT_INIZIO,DT_FINE,FG_VALIDO_INIZIO,FG_VALIDO_FINE,ID_ATTO_INIZIO,ID_ATTO_FINE,DT_ULTIMO_AGG,UTENTE,FG_OLIO_VARIETA_PREV,COD_OLIO_TIPO_CERTIF,SCO_OLIO_TIPO_CERTIF,COD_OLIO_MENZIONE,SCO_OLIO_MENZIONE,COD_OLIO_TIPO_UTILIZZO,SCO_OLIO_TIPO_UTILIZZO,CAPACITA_PRODUTTIVA_OLIO,COD_FORMA_ALLEVAMENTO,SCO_FORMA_ALLEVAMENTO,CUAA_OLIO,ID_SOGGETTO,ID_PARTICELLA,ID_PIANO_GCP,ID_POLIGONO_GCP,NOME_LOTTO_GCP,ROT_GROUP,COD_CRIT_MANTENIMENTO,SCO_CRIT_MANTENIMENTO,COD_TIPO_SEMINA,SCO_TIPO_SEMINA,COD_EPOCA_SEMINA,SCO_EPOCA_SEMINA,ULTI_TURN_TAGL,COD_FASE_ALLEVAMENTO,SCO_FASE_ALLEVAMENTO) 
values ('7659980',to_date('10/05/2018 10:21:13','dd/mm/yyyy  HH24:MI:SS'),to_date('31/12/9999 00:00:00','dd/mm/yyyy  HH24:MI:SS'),'6270876','2018','F835','9999','00538',' ','822',null,'N','240','240','IMPCOL',null,null,null,null,null,'FONDAT','DG0001',to_date('11/11/2017 00:00:00','dd/mm/yyyy  HH24:MI:SS'),to_date('10/11/2018 00:00:00','dd/mm/yyyy  HH24:MI:SS'),'N','N',null,null,to_date('10/05/2018 10:21:13','dd/mm/yyyy  HH24:MI:SS'),'PCG-AGEA',null,null,null,null,null,null,null,null,null,null,null,'1403','1724502',null,null,null,null,'SSM','000002',null,null,null,null,null,null,null);
Insert into TPIANO_COLTURE (PKID,DT_INSERT,DT_DELETE,ID_PIANO_COLTURE,ANNO,COD_NAZIONALE,FOGLIO,PARTICELLA,SUB,ID_COLTURA_1,ID_COLTURA_2,FG_BIOLOGICO,SUP_DICHIARATA,SUP_ACCERTATA,COD_TIPO_IMPIANTO,SCO_TIPO_IMPIANTO,ANNO_IMPIANTO,SESTO_SU_FILA,SESTO_TRA_FILE,NUMERO_PIANTE,COD_FONTE_DATI,SCO_FONTE_DATI,DT_INIZIO,DT_FINE,FG_VALIDO_INIZIO,FG_VALIDO_FINE,ID_ATTO_INIZIO,ID_ATTO_FINE,DT_ULTIMO_AGG,UTENTE,FG_OLIO_VARIETA_PREV,COD_OLIO_TIPO_CERTIF,SCO_OLIO_TIPO_CERTIF,COD_OLIO_MENZIONE,SCO_OLIO_MENZIONE,COD_OLIO_TIPO_UTILIZZO,SCO_OLIO_TIPO_UTILIZZO,CAPACITA_PRODUTTIVA_OLIO,COD_FORMA_ALLEVAMENTO,SCO_FORMA_ALLEVAMENTO,CUAA_OLIO,ID_SOGGETTO,ID_PARTICELLA,ID_PIANO_GCP,ID_POLIGONO_GCP,NOME_LOTTO_GCP,ROT_GROUP,COD_CRIT_MANTENIMENTO,SCO_CRIT_MANTENIMENTO,COD_TIPO_SEMINA,SCO_TIPO_SEMINA,COD_EPOCA_SEMINA,SCO_EPOCA_SEMINA,ULTI_TURN_TAGL,COD_FASE_ALLEVAMENTO,SCO_FASE_ALLEVAMENTO) 
values ('7659981',to_date('10/05/2018 10:21:13','dd/mm/yyyy  HH24:MI:SS'),to_date('31/12/9999 00:00:00','dd/mm/yyyy  HH24:MI:SS'),'6270877','2018','F835','9999','00784','3','822',null,'N','1626','1626','IMPCOL',null,null,null,null,null,'FONDAT','DG0001',to_date('11/11/2017 00:00:00','dd/mm/yyyy  HH24:MI:SS'),to_date('10/11/2018 00:00:00','dd/mm/yyyy  HH24:MI:SS'),'N','N',null,null,to_date('10/05/2018 10:21:13','dd/mm/yyyy  HH24:MI:SS'),'PCG-AGEA',null,null,null,null,null,null,null,null,null,null,null,'1403','1724727',null,null,null,null,'SSM','000002',null,null,null,null,null,null,null);
Insert into TPIANO_COLTURE (PKID,DT_INSERT,DT_DELETE,ID_PIANO_COLTURE,ANNO,COD_NAZIONALE,FOGLIO,PARTICELLA,SUB,ID_COLTURA_1,ID_COLTURA_2,FG_BIOLOGICO,SUP_DICHIARATA,SUP_ACCERTATA,COD_TIPO_IMPIANTO,SCO_TIPO_IMPIANTO,ANNO_IMPIANTO,SESTO_SU_FILA,SESTO_TRA_FILE,NUMERO_PIANTE,COD_FONTE_DATI,SCO_FONTE_DATI,DT_INIZIO,DT_FINE,FG_VALIDO_INIZIO,FG_VALIDO_FINE,ID_ATTO_INIZIO,ID_ATTO_FINE,DT_ULTIMO_AGG,UTENTE,FG_OLIO_VARIETA_PREV,COD_OLIO_TIPO_CERTIF,SCO_OLIO_TIPO_CERTIF,COD_OLIO_MENZIONE,SCO_OLIO_MENZIONE,COD_OLIO_TIPO_UTILIZZO,SCO_OLIO_TIPO_UTILIZZO,CAPACITA_PRODUTTIVA_OLIO,COD_FORMA_ALLEVAMENTO,SCO_FORMA_ALLEVAMENTO,CUAA_OLIO,ID_SOGGETTO,ID_PARTICELLA,ID_PIANO_GCP,ID_POLIGONO_GCP,NOME_LOTTO_GCP,ROT_GROUP,COD_CRIT_MANTENIMENTO,SCO_CRIT_MANTENIMENTO,COD_TIPO_SEMINA,SCO_TIPO_SEMINA,COD_EPOCA_SEMINA,SCO_EPOCA_SEMINA,ULTI_TURN_TAGL,COD_FASE_ALLEVAMENTO,SCO_FASE_ALLEVAMENTO) 
values ('7659982',to_date('10/05/2018 10:21:13','dd/mm/yyyy  HH24:MI:SS'),to_date('31/12/9999 00:00:00','dd/mm/yyyy  HH24:MI:SS'),'6270878','2018','F835','9999','00783','6','822',null,'N','437','437','IMPCOL',null,null,null,null,null,'FONDAT','DG0001',to_date('11/11/2017 00:00:00','dd/mm/yyyy  HH24:MI:SS'),to_date('10/11/2018 00:00:00','dd/mm/yyyy  HH24:MI:SS'),'N','N',null,null,to_date('10/05/2018 10:21:13','dd/mm/yyyy  HH24:MI:SS'),'PCG-AGEA',null,null,null,null,null,null,null,null,null,null,null,'1403','1724731',null,null,null,null,'SSM','000002',null,null,null,null,null,null,null);
Insert into TPIANO_COLTURE (PKID,DT_INSERT,DT_DELETE,ID_PIANO_COLTURE,ANNO,COD_NAZIONALE,FOGLIO,PARTICELLA,SUB,ID_COLTURA_1,ID_COLTURA_2,FG_BIOLOGICO,SUP_DICHIARATA,SUP_ACCERTATA,COD_TIPO_IMPIANTO,SCO_TIPO_IMPIANTO,ANNO_IMPIANTO,SESTO_SU_FILA,SESTO_TRA_FILE,NUMERO_PIANTE,COD_FONTE_DATI,SCO_FONTE_DATI,DT_INIZIO,DT_FINE,FG_VALIDO_INIZIO,FG_VALIDO_FINE,ID_ATTO_INIZIO,ID_ATTO_FINE,DT_ULTIMO_AGG,UTENTE,FG_OLIO_VARIETA_PREV,COD_OLIO_TIPO_CERTIF,SCO_OLIO_TIPO_CERTIF,COD_OLIO_MENZIONE,SCO_OLIO_MENZIONE,COD_OLIO_TIPO_UTILIZZO,SCO_OLIO_TIPO_UTILIZZO,CAPACITA_PRODUTTIVA_OLIO,COD_FORMA_ALLEVAMENTO,SCO_FORMA_ALLEVAMENTO,CUAA_OLIO,ID_SOGGETTO,ID_PARTICELLA,ID_PIANO_GCP,ID_POLIGONO_GCP,NOME_LOTTO_GCP,ROT_GROUP,COD_CRIT_MANTENIMENTO,SCO_CRIT_MANTENIMENTO,COD_TIPO_SEMINA,SCO_TIPO_SEMINA,COD_EPOCA_SEMINA,SCO_EPOCA_SEMINA,ULTI_TURN_TAGL,COD_FASE_ALLEVAMENTO,SCO_FASE_ALLEVAMENTO) 
values ('7659983',to_date('10/05/2018 10:21:13','dd/mm/yyyy  HH24:MI:SS'),to_date('31/12/9999 00:00:00','dd/mm/yyyy  HH24:MI:SS'),'6270879','2018','F835','9999','00783','6','23827',null,'N','127','127','IMPCOL',null,null,null,null,null,'FONDAT','DG0001',to_date('11/11/2017 00:00:00','dd/mm/yyyy  HH24:MI:SS'),to_date('10/11/2018 00:00:00','dd/mm/yyyy  HH24:MI:SS'),'N','N',null,null,to_date('10/05/2018 10:21:13','dd/mm/yyyy  HH24:MI:SS'),'PCG-AGEA',null,null,null,null,null,null,null,null,null,null,null,'1403','1724731',null,null,null,null,'SSM','000001',null,null,null,null,null,null,null);
Insert into TPIANO_COLTURE (PKID,DT_INSERT,DT_DELETE,ID_PIANO_COLTURE,ANNO,COD_NAZIONALE,FOGLIO,PARTICELLA,SUB,ID_COLTURA_1,ID_COLTURA_2,FG_BIOLOGICO,SUP_DICHIARATA,SUP_ACCERTATA,COD_TIPO_IMPIANTO,SCO_TIPO_IMPIANTO,ANNO_IMPIANTO,SESTO_SU_FILA,SESTO_TRA_FILE,NUMERO_PIANTE,COD_FONTE_DATI,SCO_FONTE_DATI,DT_INIZIO,DT_FINE,FG_VALIDO_INIZIO,FG_VALIDO_FINE,ID_ATTO_INIZIO,ID_ATTO_FINE,DT_ULTIMO_AGG,UTENTE,FG_OLIO_VARIETA_PREV,COD_OLIO_TIPO_CERTIF,SCO_OLIO_TIPO_CERTIF,COD_OLIO_MENZIONE,SCO_OLIO_MENZIONE,COD_OLIO_TIPO_UTILIZZO,SCO_OLIO_TIPO_UTILIZZO,CAPACITA_PRODUTTIVA_OLIO,COD_FORMA_ALLEVAMENTO,SCO_FORMA_ALLEVAMENTO,CUAA_OLIO,ID_SOGGETTO,ID_PARTICELLA,ID_PIANO_GCP,ID_POLIGONO_GCP,NOME_LOTTO_GCP,ROT_GROUP,COD_CRIT_MANTENIMENTO,SCO_CRIT_MANTENIMENTO,COD_TIPO_SEMINA,SCO_TIPO_SEMINA,COD_EPOCA_SEMINA,SCO_EPOCA_SEMINA,ULTI_TURN_TAGL,COD_FASE_ALLEVAMENTO,SCO_FASE_ALLEVAMENTO) 
values ('7659984',to_date('10/05/2018 10:21:13','dd/mm/yyyy  HH24:MI:SS'),to_date('31/12/9999 00:00:00','dd/mm/yyyy  HH24:MI:SS'),'6270880','2018','F835','9999','00784','5','822',null,'N','1832','1832','IMPCOL',null,null,null,null,null,'FONDAT','DG0001',to_date('11/11/2017 00:00:00','dd/mm/yyyy  HH24:MI:SS'),to_date('10/11/2018 00:00:00','dd/mm/yyyy  HH24:MI:SS'),'N','N',null,null,to_date('10/05/2018 10:21:13','dd/mm/yyyy  HH24:MI:SS'),'PCG-AGEA',null,null,null,null,null,null,null,null,null,null,null,'1403','1724762',null,null,null,null,'SSM','000002',null,null,null,null,null,null,null);
Insert into TPIANO_COLTURE (PKID,DT_INSERT,DT_DELETE,ID_PIANO_COLTURE,ANNO,COD_NAZIONALE,FOGLIO,PARTICELLA,SUB,ID_COLTURA_1,ID_COLTURA_2,FG_BIOLOGICO,SUP_DICHIARATA,SUP_ACCERTATA,COD_TIPO_IMPIANTO,SCO_TIPO_IMPIANTO,ANNO_IMPIANTO,SESTO_SU_FILA,SESTO_TRA_FILE,NUMERO_PIANTE,COD_FONTE_DATI,SCO_FONTE_DATI,DT_INIZIO,DT_FINE,FG_VALIDO_INIZIO,FG_VALIDO_FINE,ID_ATTO_INIZIO,ID_ATTO_FINE,DT_ULTIMO_AGG,UTENTE,FG_OLIO_VARIETA_PREV,COD_OLIO_TIPO_CERTIF,SCO_OLIO_TIPO_CERTIF,COD_OLIO_MENZIONE,SCO_OLIO_MENZIONE,COD_OLIO_TIPO_UTILIZZO,SCO_OLIO_TIPO_UTILIZZO,CAPACITA_PRODUTTIVA_OLIO,COD_FORMA_ALLEVAMENTO,SCO_FORMA_ALLEVAMENTO,CUAA_OLIO,ID_SOGGETTO,ID_PARTICELLA,ID_PIANO_GCP,ID_POLIGONO_GCP,NOME_LOTTO_GCP,ROT_GROUP,COD_CRIT_MANTENIMENTO,SCO_CRIT_MANTENIMENTO,COD_TIPO_SEMINA,SCO_TIPO_SEMINA,COD_EPOCA_SEMINA,SCO_EPOCA_SEMINA,ULTI_TURN_TAGL,COD_FASE_ALLEVAMENTO,SCO_FASE_ALLEVAMENTO) 
values ('7659985',to_date('10/05/2018 10:21:13','dd/mm/yyyy  HH24:MI:SS'),to_date('31/12/9999 00:00:00','dd/mm/yyyy  HH24:MI:SS'),'6270881','2018','P370','9999','01766',' ','822',null,'N','2600','2600','IMPCOL',null,null,null,null,null,'FONDAT','DG0001',to_date('11/11/2017 00:00:00','dd/mm/yyyy  HH24:MI:SS'),to_date('10/11/2018 00:00:00','dd/mm/yyyy  HH24:MI:SS'),'N','N',null,null,to_date('10/05/2018 10:21:13','dd/mm/yyyy  HH24:MI:SS'),'PCG-AGEA',null,null,null,null,null,null,null,null,null,null,null,'1403','2089924',null,null,null,null,'SSM','000002',null,null,null,null,null,null,null);
Insert into TPIANO_COLTURE (PKID,DT_INSERT,DT_DELETE,ID_PIANO_COLTURE,ANNO,COD_NAZIONALE,FOGLIO,PARTICELLA,SUB,ID_COLTURA_1,ID_COLTURA_2,FG_BIOLOGICO,SUP_DICHIARATA,SUP_ACCERTATA,COD_TIPO_IMPIANTO,SCO_TIPO_IMPIANTO,ANNO_IMPIANTO,SESTO_SU_FILA,SESTO_TRA_FILE,NUMERO_PIANTE,COD_FONTE_DATI,SCO_FONTE_DATI,DT_INIZIO,DT_FINE,FG_VALIDO_INIZIO,FG_VALIDO_FINE,ID_ATTO_INIZIO,ID_ATTO_FINE,DT_ULTIMO_AGG,UTENTE,FG_OLIO_VARIETA_PREV,COD_OLIO_TIPO_CERTIF,SCO_OLIO_TIPO_CERTIF,COD_OLIO_MENZIONE,SCO_OLIO_MENZIONE,COD_OLIO_TIPO_UTILIZZO,SCO_OLIO_TIPO_UTILIZZO,CAPACITA_PRODUTTIVA_OLIO,COD_FORMA_ALLEVAMENTO,SCO_FORMA_ALLEVAMENTO,CUAA_OLIO,ID_SOGGETTO,ID_PARTICELLA,ID_PIANO_GCP,ID_POLIGONO_GCP,NOME_LOTTO_GCP,ROT_GROUP,COD_CRIT_MANTENIMENTO,SCO_CRIT_MANTENIMENTO,COD_TIPO_SEMINA,SCO_TIPO_SEMINA,COD_EPOCA_SEMINA,SCO_EPOCA_SEMINA,ULTI_TURN_TAGL,COD_FASE_ALLEVAMENTO,SCO_FASE_ALLEVAMENTO) 
values ('7659986',to_date('10/05/2018 10:21:13','dd/mm/yyyy  HH24:MI:SS'),to_date('31/12/9999 00:00:00','dd/mm/yyyy  HH24:MI:SS'),'6270882','2018','P370','9999','01766',' ','22591',null,'N','451','451','IMPCOL',null,null,null,null,null,'FONDAT','DG0001',to_date('11/11/2017 00:00:00','dd/mm/yyyy  HH24:MI:SS'),to_date('10/11/2018 00:00:00','dd/mm/yyyy  HH24:MI:SS'),'N','N',null,null,to_date('10/05/2018 10:21:13','dd/mm/yyyy  HH24:MI:SS'),'PCG-AGEA',null,null,null,null,null,null,null,null,null,null,null,'1403','2089924',null,null,null,null,'PPR','000004',null,null,null,null,null,null,null);
Insert into TPIANO_COLTURE (PKID,DT_INSERT,DT_DELETE,ID_PIANO_COLTURE,ANNO,COD_NAZIONALE,FOGLIO,PARTICELLA,SUB,ID_COLTURA_1,ID_COLTURA_2,FG_BIOLOGICO,SUP_DICHIARATA,SUP_ACCERTATA,COD_TIPO_IMPIANTO,SCO_TIPO_IMPIANTO,ANNO_IMPIANTO,SESTO_SU_FILA,SESTO_TRA_FILE,NUMERO_PIANTE,COD_FONTE_DATI,SCO_FONTE_DATI,DT_INIZIO,DT_FINE,FG_VALIDO_INIZIO,FG_VALIDO_FINE,ID_ATTO_INIZIO,ID_ATTO_FINE,DT_ULTIMO_AGG,UTENTE,FG_OLIO_VARIETA_PREV,COD_OLIO_TIPO_CERTIF,SCO_OLIO_TIPO_CERTIF,COD_OLIO_MENZIONE,SCO_OLIO_MENZIONE,COD_OLIO_TIPO_UTILIZZO,SCO_OLIO_TIPO_UTILIZZO,CAPACITA_PRODUTTIVA_OLIO,COD_FORMA_ALLEVAMENTO,SCO_FORMA_ALLEVAMENTO,CUAA_OLIO,ID_SOGGETTO,ID_PARTICELLA,ID_PIANO_GCP,ID_POLIGONO_GCP,NOME_LOTTO_GCP,ROT_GROUP,COD_CRIT_MANTENIMENTO,SCO_CRIT_MANTENIMENTO,COD_TIPO_SEMINA,SCO_TIPO_SEMINA,COD_EPOCA_SEMINA,SCO_EPOCA_SEMINA,ULTI_TURN_TAGL,COD_FASE_ALLEVAMENTO,SCO_FASE_ALLEVAMENTO) 
values ('7659987',to_date('10/05/2018 10:21:13','dd/mm/yyyy  HH24:MI:SS'),to_date('31/12/9999 00:00:00','dd/mm/yyyy  HH24:MI:SS'),'6270883','2018','P370','9999','01766',' ','822',null,'N','2619','2619','IMPCOL',null,null,null,null,null,'FONDAT','DG0001',to_date('11/11/2017 00:00:00','dd/mm/yyyy  HH24:MI:SS'),to_date('10/11/2018 00:00:00','dd/mm/yyyy  HH24:MI:SS'),'N','N',null,null,to_date('10/05/2018 10:21:13','dd/mm/yyyy  HH24:MI:SS'),'PCG-AGEA',null,null,null,null,null,null,null,null,null,null,null,'1403','2089924',null,null,null,null,'SSM','000002',null,null,null,null,null,null,null);
Insert into TPIANO_COLTURE (PKID,DT_INSERT,DT_DELETE,ID_PIANO_COLTURE,ANNO,COD_NAZIONALE,FOGLIO,PARTICELLA,SUB,ID_COLTURA_1,ID_COLTURA_2,FG_BIOLOGICO,SUP_DICHIARATA,SUP_ACCERTATA,COD_TIPO_IMPIANTO,SCO_TIPO_IMPIANTO,ANNO_IMPIANTO,SESTO_SU_FILA,SESTO_TRA_FILE,NUMERO_PIANTE,COD_FONTE_DATI,SCO_FONTE_DATI,DT_INIZIO,DT_FINE,FG_VALIDO_INIZIO,FG_VALIDO_FINE,ID_ATTO_INIZIO,ID_ATTO_FINE,DT_ULTIMO_AGG,UTENTE,FG_OLIO_VARIETA_PREV,COD_OLIO_TIPO_CERTIF,SCO_OLIO_TIPO_CERTIF,COD_OLIO_MENZIONE,SCO_OLIO_MENZIONE,COD_OLIO_TIPO_UTILIZZO,SCO_OLIO_TIPO_UTILIZZO,CAPACITA_PRODUTTIVA_OLIO,COD_FORMA_ALLEVAMENTO,SCO_FORMA_ALLEVAMENTO,CUAA_OLIO,ID_SOGGETTO,ID_PARTICELLA,ID_PIANO_GCP,ID_POLIGONO_GCP,NOME_LOTTO_GCP,ROT_GROUP,COD_CRIT_MANTENIMENTO,SCO_CRIT_MANTENIMENTO,COD_TIPO_SEMINA,SCO_TIPO_SEMINA,COD_EPOCA_SEMINA,SCO_EPOCA_SEMINA,ULTI_TURN_TAGL,COD_FASE_ALLEVAMENTO,SCO_FASE_ALLEVAMENTO) 
values ('7659988',to_date('10/05/2018 10:21:13','dd/mm/yyyy  HH24:MI:SS'),to_date('31/12/9999 00:00:00','dd/mm/yyyy  HH24:MI:SS'),'6270884','2018','P370','9999','01766',' ','20210',null,'N','2117','2117','IMPCOL',null,null,null,null,null,'FONDAT','DG0001',to_date('11/11/2017 00:00:00','dd/mm/yyyy  HH24:MI:SS'),to_date('10/11/2018 00:00:00','dd/mm/yyyy  HH24:MI:SS'),'N','N',null,null,to_date('10/05/2018 10:21:13','dd/mm/yyyy  HH24:MI:SS'),'PCG-AGEA',null,null,null,null,null,null,null,null,null,null,null,'1403','2089924',null,null,null,null,'SSM','000002',null,null,null,null,null,null,null);
Insert into TPIANO_COLTURE (PKID,DT_INSERT,DT_DELETE,ID_PIANO_COLTURE,ANNO,COD_NAZIONALE,FOGLIO,PARTICELLA,SUB,ID_COLTURA_1,ID_COLTURA_2,FG_BIOLOGICO,SUP_DICHIARATA,SUP_ACCERTATA,COD_TIPO_IMPIANTO,SCO_TIPO_IMPIANTO,ANNO_IMPIANTO,SESTO_SU_FILA,SESTO_TRA_FILE,NUMERO_PIANTE,COD_FONTE_DATI,SCO_FONTE_DATI,DT_INIZIO,DT_FINE,FG_VALIDO_INIZIO,FG_VALIDO_FINE,ID_ATTO_INIZIO,ID_ATTO_FINE,DT_ULTIMO_AGG,UTENTE,FG_OLIO_VARIETA_PREV,COD_OLIO_TIPO_CERTIF,SCO_OLIO_TIPO_CERTIF,COD_OLIO_MENZIONE,SCO_OLIO_MENZIONE,COD_OLIO_TIPO_UTILIZZO,SCO_OLIO_TIPO_UTILIZZO,CAPACITA_PRODUTTIVA_OLIO,COD_FORMA_ALLEVAMENTO,SCO_FORMA_ALLEVAMENTO,CUAA_OLIO,ID_SOGGETTO,ID_PARTICELLA,ID_PIANO_GCP,ID_POLIGONO_GCP,NOME_LOTTO_GCP,ROT_GROUP,COD_CRIT_MANTENIMENTO,SCO_CRIT_MANTENIMENTO,COD_TIPO_SEMINA,SCO_TIPO_SEMINA,COD_EPOCA_SEMINA,SCO_EPOCA_SEMINA,ULTI_TURN_TAGL,COD_FASE_ALLEVAMENTO,SCO_FASE_ALLEVAMENTO) 
values ('7659989',to_date('10/05/2018 10:21:13','dd/mm/yyyy  HH24:MI:SS'),to_date('31/12/9999 00:00:00','dd/mm/yyyy  HH24:MI:SS'),'6270885','2018','P370','9999','01765',' ','329',null,'N','2477','2477','IMPCOL',null,null,null,null,null,'FONDAT','DG0001',to_date('11/11/2017 00:00:00','dd/mm/yyyy  HH24:MI:SS'),to_date('10/11/2018 00:00:00','dd/mm/yyyy  HH24:MI:SS'),'N','N',null,null,to_date('10/05/2018 10:21:13','dd/mm/yyyy  HH24:MI:SS'),'PCG-AGEA',null,null,null,null,null,null,null,null,null,null,null,'1403','2089925',null,null,null,null,'SSM','000002',null,null,null,null,null,null,null);
Insert into TPIANO_COLTURE (PKID,DT_INSERT,DT_DELETE,ID_PIANO_COLTURE,ANNO,COD_NAZIONALE,FOGLIO,PARTICELLA,SUB,ID_COLTURA_1,ID_COLTURA_2,FG_BIOLOGICO,SUP_DICHIARATA,SUP_ACCERTATA,COD_TIPO_IMPIANTO,SCO_TIPO_IMPIANTO,ANNO_IMPIANTO,SESTO_SU_FILA,SESTO_TRA_FILE,NUMERO_PIANTE,COD_FONTE_DATI,SCO_FONTE_DATI,DT_INIZIO,DT_FINE,FG_VALIDO_INIZIO,FG_VALIDO_FINE,ID_ATTO_INIZIO,ID_ATTO_FINE,DT_ULTIMO_AGG,UTENTE,FG_OLIO_VARIETA_PREV,COD_OLIO_TIPO_CERTIF,SCO_OLIO_TIPO_CERTIF,COD_OLIO_MENZIONE,SCO_OLIO_MENZIONE,COD_OLIO_TIPO_UTILIZZO,SCO_OLIO_TIPO_UTILIZZO,CAPACITA_PRODUTTIVA_OLIO,COD_FORMA_ALLEVAMENTO,SCO_FORMA_ALLEVAMENTO,CUAA_OLIO,ID_SOGGETTO,ID_PARTICELLA,ID_PIANO_GCP,ID_POLIGONO_GCP,NOME_LOTTO_GCP,ROT_GROUP,COD_CRIT_MANTENIMENTO,SCO_CRIT_MANTENIMENTO,COD_TIPO_SEMINA,SCO_TIPO_SEMINA,COD_EPOCA_SEMINA,SCO_EPOCA_SEMINA,ULTI_TURN_TAGL,COD_FASE_ALLEVAMENTO,SCO_FASE_ALLEVAMENTO) 
values ('7659990',to_date('10/05/2018 10:21:13','dd/mm/yyyy  HH24:MI:SS'),to_date('31/12/9999 00:00:00','dd/mm/yyyy  HH24:MI:SS'),'6270886','2018','P370','9999','01765',' ','822',null,'N','8553','8553','IMPCOL',null,null,null,null,null,'FONDAT','DG0001',to_date('11/11/2017 00:00:00','dd/mm/yyyy  HH24:MI:SS'),to_date('10/11/2018 00:00:00','dd/mm/yyyy  HH24:MI:SS'),'N','N',null,null,to_date('10/05/2018 10:21:13','dd/mm/yyyy  HH24:MI:SS'),'PCG-AGEA',null,null,null,null,null,null,null,null,null,null,null,'1403','2089925',null,null,null,null,'SSM','000002',null,null,null,null,null,null,null);
Insert into TPIANO_COLTURE (PKID,DT_INSERT,DT_DELETE,ID_PIANO_COLTURE,ANNO,COD_NAZIONALE,FOGLIO,PARTICELLA,SUB,ID_COLTURA_1,ID_COLTURA_2,FG_BIOLOGICO,SUP_DICHIARATA,SUP_ACCERTATA,COD_TIPO_IMPIANTO,SCO_TIPO_IMPIANTO,ANNO_IMPIANTO,SESTO_SU_FILA,SESTO_TRA_FILE,NUMERO_PIANTE,COD_FONTE_DATI,SCO_FONTE_DATI,DT_INIZIO,DT_FINE,FG_VALIDO_INIZIO,FG_VALIDO_FINE,ID_ATTO_INIZIO,ID_ATTO_FINE,DT_ULTIMO_AGG,UTENTE,FG_OLIO_VARIETA_PREV,COD_OLIO_TIPO_CERTIF,SCO_OLIO_TIPO_CERTIF,COD_OLIO_MENZIONE,SCO_OLIO_MENZIONE,COD_OLIO_TIPO_UTILIZZO,SCO_OLIO_TIPO_UTILIZZO,CAPACITA_PRODUTTIVA_OLIO,COD_FORMA_ALLEVAMENTO,SCO_FORMA_ALLEVAMENTO,CUAA_OLIO,ID_SOGGETTO,ID_PARTICELLA,ID_PIANO_GCP,ID_POLIGONO_GCP,NOME_LOTTO_GCP,ROT_GROUP,COD_CRIT_MANTENIMENTO,SCO_CRIT_MANTENIMENTO,COD_TIPO_SEMINA,SCO_TIPO_SEMINA,COD_EPOCA_SEMINA,SCO_EPOCA_SEMINA,ULTI_TURN_TAGL,COD_FASE_ALLEVAMENTO,SCO_FASE_ALLEVAMENTO) 
values ('7659991',to_date('10/05/2018 10:21:13','dd/mm/yyyy  HH24:MI:SS'),to_date('31/12/9999 00:00:00','dd/mm/yyyy  HH24:MI:SS'),'6270887','2018','P370','9999','01765',' ','22591',null,'N','942','942','IMPCOL',null,null,null,null,null,'FONDAT','DG0001',to_date('11/11/2017 00:00:00','dd/mm/yyyy  HH24:MI:SS'),to_date('10/11/2018 00:00:00','dd/mm/yyyy  HH24:MI:SS'),'N','N',null,null,to_date('10/05/2018 10:21:13','dd/mm/yyyy  HH24:MI:SS'),'PCG-AGEA',null,null,null,null,null,null,null,null,null,null,null,'1403','2089925',null,null,null,null,'PPR','000004',null,null,null,null,null,null,null);
Insert into TPIANO_COLTURE (PKID,DT_INSERT,DT_DELETE,ID_PIANO_COLTURE,ANNO,COD_NAZIONALE,FOGLIO,PARTICELLA,SUB,ID_COLTURA_1,ID_COLTURA_2,FG_BIOLOGICO,SUP_DICHIARATA,SUP_ACCERTATA,COD_TIPO_IMPIANTO,SCO_TIPO_IMPIANTO,ANNO_IMPIANTO,SESTO_SU_FILA,SESTO_TRA_FILE,NUMERO_PIANTE,COD_FONTE_DATI,SCO_FONTE_DATI,DT_INIZIO,DT_FINE,FG_VALIDO_INIZIO,FG_VALIDO_FINE,ID_ATTO_INIZIO,ID_ATTO_FINE,DT_ULTIMO_AGG,UTENTE,FG_OLIO_VARIETA_PREV,COD_OLIO_TIPO_CERTIF,SCO_OLIO_TIPO_CERTIF,COD_OLIO_MENZIONE,SCO_OLIO_MENZIONE,COD_OLIO_TIPO_UTILIZZO,SCO_OLIO_TIPO_UTILIZZO,CAPACITA_PRODUTTIVA_OLIO,COD_FORMA_ALLEVAMENTO,SCO_FORMA_ALLEVAMENTO,CUAA_OLIO,ID_SOGGETTO,ID_PARTICELLA,ID_PIANO_GCP,ID_POLIGONO_GCP,NOME_LOTTO_GCP,ROT_GROUP,COD_CRIT_MANTENIMENTO,SCO_CRIT_MANTENIMENTO,COD_TIPO_SEMINA,SCO_TIPO_SEMINA,COD_EPOCA_SEMINA,SCO_EPOCA_SEMINA,ULTI_TURN_TAGL,COD_FASE_ALLEVAMENTO,SCO_FASE_ALLEVAMENTO) 
values ('7659992',to_date('10/05/2018 10:21:13','dd/mm/yyyy  HH24:MI:SS'),to_date('31/12/9999 00:00:00','dd/mm/yyyy  HH24:MI:SS'),'6270888','2018','P370','9999','01765',' ','22591',null,'N','797','797','IMPCOL',null,null,null,null,null,'FONDAT','DG0001',to_date('11/11/2017 00:00:00','dd/mm/yyyy  HH24:MI:SS'),to_date('10/11/2018 00:00:00','dd/mm/yyyy  HH24:MI:SS'),'N','N',null,null,to_date('10/05/2018 10:21:13','dd/mm/yyyy  HH24:MI:SS'),'PCG-AGEA',null,null,null,null,null,null,null,null,null,null,null,'1403','2089925',null,null,null,null,'PPR','000004',null,null,null,null,null,null,null);
Insert into TPIANO_COLTURE (PKID,DT_INSERT,DT_DELETE,ID_PIANO_COLTURE,ANNO,COD_NAZIONALE,FOGLIO,PARTICELLA,SUB,ID_COLTURA_1,ID_COLTURA_2,FG_BIOLOGICO,SUP_DICHIARATA,SUP_ACCERTATA,COD_TIPO_IMPIANTO,SCO_TIPO_IMPIANTO,ANNO_IMPIANTO,SESTO_SU_FILA,SESTO_TRA_FILE,NUMERO_PIANTE,COD_FONTE_DATI,SCO_FONTE_DATI,DT_INIZIO,DT_FINE,FG_VALIDO_INIZIO,FG_VALIDO_FINE,ID_ATTO_INIZIO,ID_ATTO_FINE,DT_ULTIMO_AGG,UTENTE,FG_OLIO_VARIETA_PREV,COD_OLIO_TIPO_CERTIF,SCO_OLIO_TIPO_CERTIF,COD_OLIO_MENZIONE,SCO_OLIO_MENZIONE,COD_OLIO_TIPO_UTILIZZO,SCO_OLIO_TIPO_UTILIZZO,CAPACITA_PRODUTTIVA_OLIO,COD_FORMA_ALLEVAMENTO,SCO_FORMA_ALLEVAMENTO,CUAA_OLIO,ID_SOGGETTO,ID_PARTICELLA,ID_PIANO_GCP,ID_POLIGONO_GCP,NOME_LOTTO_GCP,ROT_GROUP,COD_CRIT_MANTENIMENTO,SCO_CRIT_MANTENIMENTO,COD_TIPO_SEMINA,SCO_TIPO_SEMINA,COD_EPOCA_SEMINA,SCO_EPOCA_SEMINA,ULTI_TURN_TAGL,COD_FASE_ALLEVAMENTO,SCO_FASE_ALLEVAMENTO) 
values ('7659993',to_date('10/05/2018 10:21:13','dd/mm/yyyy  HH24:MI:SS'),to_date('31/12/9999 00:00:00','dd/mm/yyyy  HH24:MI:SS'),'6270889','2018','P370','9999','01765',' ','122',null,'N','350','350','IMPCOL',null,null,null,null,'8','FONDAT','DG0001',to_date('11/11/2017 00:00:00','dd/mm/yyyy  HH24:MI:SS'),to_date('10/11/2018 00:00:00','dd/mm/yyyy  HH24:MI:SS'),'N','N',null,null,to_date('10/05/2018 10:21:13','dd/mm/yyyy  HH24:MI:SS'),'PCG-AGEA','1','OLICER','0','OLIMEN',null,'OLIUTI','0',null,'OLIALL',null,null,'1403','2089925',null,null,null,null,'SSM','000002',null,null,null,null,null,null,null);
Insert into TPIANO_COLTURE (PKID,DT_INSERT,DT_DELETE,ID_PIANO_COLTURE,ANNO,COD_NAZIONALE,FOGLIO,PARTICELLA,SUB,ID_COLTURA_1,ID_COLTURA_2,FG_BIOLOGICO,SUP_DICHIARATA,SUP_ACCERTATA,COD_TIPO_IMPIANTO,SCO_TIPO_IMPIANTO,ANNO_IMPIANTO,SESTO_SU_FILA,SESTO_TRA_FILE,NUMERO_PIANTE,COD_FONTE_DATI,SCO_FONTE_DATI,DT_INIZIO,DT_FINE,FG_VALIDO_INIZIO,FG_VALIDO_FINE,ID_ATTO_INIZIO,ID_ATTO_FINE,DT_ULTIMO_AGG,UTENTE,FG_OLIO_VARIETA_PREV,COD_OLIO_TIPO_CERTIF,SCO_OLIO_TIPO_CERTIF,COD_OLIO_MENZIONE,SCO_OLIO_MENZIONE,COD_OLIO_TIPO_UTILIZZO,SCO_OLIO_TIPO_UTILIZZO,CAPACITA_PRODUTTIVA_OLIO,COD_FORMA_ALLEVAMENTO,SCO_FORMA_ALLEVAMENTO,CUAA_OLIO,ID_SOGGETTO,ID_PARTICELLA,ID_PIANO_GCP,ID_POLIGONO_GCP,NOME_LOTTO_GCP,ROT_GROUP,COD_CRIT_MANTENIMENTO,SCO_CRIT_MANTENIMENTO,COD_TIPO_SEMINA,SCO_TIPO_SEMINA,COD_EPOCA_SEMINA,SCO_EPOCA_SEMINA,ULTI_TURN_TAGL,COD_FASE_ALLEVAMENTO,SCO_FASE_ALLEVAMENTO) 
values ('7659994',to_date('10/05/2018 10:21:13','dd/mm/yyyy  HH24:MI:SS'),to_date('31/12/9999 00:00:00','dd/mm/yyyy  HH24:MI:SS'),'6270890','2018','P370','9999','01765',' ','329',null,'N','663','663','IMPCOL',null,null,null,null,null,'FONDAT','DG0001',to_date('11/11/2017 00:00:00','dd/mm/yyyy  HH24:MI:SS'),to_date('10/11/2018 00:00:00','dd/mm/yyyy  HH24:MI:SS'),'N','N',null,null,to_date('10/05/2018 10:21:13','dd/mm/yyyy  HH24:MI:SS'),'PCG-AGEA',null,null,null,null,null,null,null,null,null,null,null,'1403','2089925',null,null,null,null,'SSM','000002',null,null,null,null,null,null,null);
Insert into TPIANO_COLTURE (PKID,DT_INSERT,DT_DELETE,ID_PIANO_COLTURE,ANNO,COD_NAZIONALE,FOGLIO,PARTICELLA,SUB,ID_COLTURA_1,ID_COLTURA_2,FG_BIOLOGICO,SUP_DICHIARATA,SUP_ACCERTATA,COD_TIPO_IMPIANTO,SCO_TIPO_IMPIANTO,ANNO_IMPIANTO,SESTO_SU_FILA,SESTO_TRA_FILE,NUMERO_PIANTE,COD_FONTE_DATI,SCO_FONTE_DATI,DT_INIZIO,DT_FINE,FG_VALIDO_INIZIO,FG_VALIDO_FINE,ID_ATTO_INIZIO,ID_ATTO_FINE,DT_ULTIMO_AGG,UTENTE,FG_OLIO_VARIETA_PREV,COD_OLIO_TIPO_CERTIF,SCO_OLIO_TIPO_CERTIF,COD_OLIO_MENZIONE,SCO_OLIO_MENZIONE,COD_OLIO_TIPO_UTILIZZO,SCO_OLIO_TIPO_UTILIZZO,CAPACITA_PRODUTTIVA_OLIO,COD_FORMA_ALLEVAMENTO,SCO_FORMA_ALLEVAMENTO,CUAA_OLIO,ID_SOGGETTO,ID_PARTICELLA,ID_PIANO_GCP,ID_POLIGONO_GCP,NOME_LOTTO_GCP,ROT_GROUP,COD_CRIT_MANTENIMENTO,SCO_CRIT_MANTENIMENTO,COD_TIPO_SEMINA,SCO_TIPO_SEMINA,COD_EPOCA_SEMINA,SCO_EPOCA_SEMINA,ULTI_TURN_TAGL,COD_FASE_ALLEVAMENTO,SCO_FASE_ALLEVAMENTO) 
values ('7659995',to_date('10/05/2018 10:21:13','dd/mm/yyyy  HH24:MI:SS'),to_date('31/12/9999 00:00:00','dd/mm/yyyy  HH24:MI:SS'),'6270891','2018','P370','9999','01765',' ','23827',null,'N','1437','1437','IMPCOL',null,null,null,null,null,'FONDAT','DG0001',to_date('11/11/2017 00:00:00','dd/mm/yyyy  HH24:MI:SS'),to_date('10/11/2018 00:00:00','dd/mm/yyyy  HH24:MI:SS'),'N','N',null,null,to_date('10/05/2018 10:21:13','dd/mm/yyyy  HH24:MI:SS'),'PCG-AGEA',null,null,null,null,null,null,null,null,null,null,null,'1403','2089925',null,null,null,null,null,null,null,null,null,null,null,null,null);
Insert into TPIANO_COLTURE (PKID,DT_INSERT,DT_DELETE,ID_PIANO_COLTURE,ANNO,COD_NAZIONALE,FOGLIO,PARTICELLA,SUB,ID_COLTURA_1,ID_COLTURA_2,FG_BIOLOGICO,SUP_DICHIARATA,SUP_ACCERTATA,COD_TIPO_IMPIANTO,SCO_TIPO_IMPIANTO,ANNO_IMPIANTO,SESTO_SU_FILA,SESTO_TRA_FILE,NUMERO_PIANTE,COD_FONTE_DATI,SCO_FONTE_DATI,DT_INIZIO,DT_FINE,FG_VALIDO_INIZIO,FG_VALIDO_FINE,ID_ATTO_INIZIO,ID_ATTO_FINE,DT_ULTIMO_AGG,UTENTE,FG_OLIO_VARIETA_PREV,COD_OLIO_TIPO_CERTIF,SCO_OLIO_TIPO_CERTIF,COD_OLIO_MENZIONE,SCO_OLIO_MENZIONE,COD_OLIO_TIPO_UTILIZZO,SCO_OLIO_TIPO_UTILIZZO,CAPACITA_PRODUTTIVA_OLIO,COD_FORMA_ALLEVAMENTO,SCO_FORMA_ALLEVAMENTO,CUAA_OLIO,ID_SOGGETTO,ID_PARTICELLA,ID_PIANO_GCP,ID_POLIGONO_GCP,NOME_LOTTO_GCP,ROT_GROUP,COD_CRIT_MANTENIMENTO,SCO_CRIT_MANTENIMENTO,COD_TIPO_SEMINA,SCO_TIPO_SEMINA,COD_EPOCA_SEMINA,SCO_EPOCA_SEMINA,ULTI_TURN_TAGL,COD_FASE_ALLEVAMENTO,SCO_FASE_ALLEVAMENTO) 
values ('7659996',to_date('10/05/2018 10:21:13','dd/mm/yyyy  HH24:MI:SS'),to_date('31/12/9999 00:00:00','dd/mm/yyyy  HH24:MI:SS'),'6270892','2018','P370','9999','01762',' ','4713',null,'N','332','332','IMPCOL',null,null,null,null,'13','FONDAT','DG0001',to_date('11/11/2017 00:00:00','dd/mm/yyyy  HH24:MI:SS'),to_date('10/11/2018 00:00:00','dd/mm/yyyy  HH24:MI:SS'),'N','N',null,null,to_date('10/05/2018 10:21:13','dd/mm/yyyy  HH24:MI:SS'),'PCG-AGEA','1','OLICER','0','OLIMEN',null,'OLIUTI','0',null,'OLIALL',null,null,'1403','2089928',null,null,null,null,'SSM','000002',null,null,null,null,null,null,null);
Insert into TPIANO_COLTURE (PKID,DT_INSERT,DT_DELETE,ID_PIANO_COLTURE,ANNO,COD_NAZIONALE,FOGLIO,PARTICELLA,SUB,ID_COLTURA_1,ID_COLTURA_2,FG_BIOLOGICO,SUP_DICHIARATA,SUP_ACCERTATA,COD_TIPO_IMPIANTO,SCO_TIPO_IMPIANTO,ANNO_IMPIANTO,SESTO_SU_FILA,SESTO_TRA_FILE,NUMERO_PIANTE,COD_FONTE_DATI,SCO_FONTE_DATI,DT_INIZIO,DT_FINE,FG_VALIDO_INIZIO,FG_VALIDO_FINE,ID_ATTO_INIZIO,ID_ATTO_FINE,DT_ULTIMO_AGG,UTENTE,FG_OLIO_VARIETA_PREV,COD_OLIO_TIPO_CERTIF,SCO_OLIO_TIPO_CERTIF,COD_OLIO_MENZIONE,SCO_OLIO_MENZIONE,COD_OLIO_TIPO_UTILIZZO,SCO_OLIO_TIPO_UTILIZZO,CAPACITA_PRODUTTIVA_OLIO,COD_FORMA_ALLEVAMENTO,SCO_FORMA_ALLEVAMENTO,CUAA_OLIO,ID_SOGGETTO,ID_PARTICELLA,ID_PIANO_GCP,ID_POLIGONO_GCP,NOME_LOTTO_GCP,ROT_GROUP,COD_CRIT_MANTENIMENTO,SCO_CRIT_MANTENIMENTO,COD_TIPO_SEMINA,SCO_TIPO_SEMINA,COD_EPOCA_SEMINA,SCO_EPOCA_SEMINA,ULTI_TURN_TAGL,COD_FASE_ALLEVAMENTO,SCO_FASE_ALLEVAMENTO) 
values ('7659997',to_date('10/05/2018 10:21:13','dd/mm/yyyy  HH24:MI:SS'),to_date('31/12/9999 00:00:00','dd/mm/yyyy  HH24:MI:SS'),'6270893','2018','P370','9999','01762',' ','23828',null,'N','3','3','IMPCOL',null,null,null,null,null,'FONDAT','DG0001',to_date('11/11/2017 00:00:00','dd/mm/yyyy  HH24:MI:SS'),to_date('10/11/2018 00:00:00','dd/mm/yyyy  HH24:MI:SS'),'N','N',null,null,to_date('10/05/2018 10:21:13','dd/mm/yyyy  HH24:MI:SS'),'PCG-AGEA',null,null,null,null,null,null,null,null,null,null,null,'1403','2089928',null,null,null,null,null,null,null,null,null,null,null,null,null);
Insert into TPIANO_COLTURE (PKID,DT_INSERT,DT_DELETE,ID_PIANO_COLTURE,ANNO,COD_NAZIONALE,FOGLIO,PARTICELLA,SUB,ID_COLTURA_1,ID_COLTURA_2,FG_BIOLOGICO,SUP_DICHIARATA,SUP_ACCERTATA,COD_TIPO_IMPIANTO,SCO_TIPO_IMPIANTO,ANNO_IMPIANTO,SESTO_SU_FILA,SESTO_TRA_FILE,NUMERO_PIANTE,COD_FONTE_DATI,SCO_FONTE_DATI,DT_INIZIO,DT_FINE,FG_VALIDO_INIZIO,FG_VALIDO_FINE,ID_ATTO_INIZIO,ID_ATTO_FINE,DT_ULTIMO_AGG,UTENTE,FG_OLIO_VARIETA_PREV,COD_OLIO_TIPO_CERTIF,SCO_OLIO_TIPO_CERTIF,COD_OLIO_MENZIONE,SCO_OLIO_MENZIONE,COD_OLIO_TIPO_UTILIZZO,SCO_OLIO_TIPO_UTILIZZO,CAPACITA_PRODUTTIVA_OLIO,COD_FORMA_ALLEVAMENTO,SCO_FORMA_ALLEVAMENTO,CUAA_OLIO,ID_SOGGETTO,ID_PARTICELLA,ID_PIANO_GCP,ID_POLIGONO_GCP,NOME_LOTTO_GCP,ROT_GROUP,COD_CRIT_MANTENIMENTO,SCO_CRIT_MANTENIMENTO,COD_TIPO_SEMINA,SCO_TIPO_SEMINA,COD_EPOCA_SEMINA,SCO_EPOCA_SEMINA,ULTI_TURN_TAGL,COD_FASE_ALLEVAMENTO,SCO_FASE_ALLEVAMENTO) 
values ('7659998',to_date('10/05/2018 10:21:13','dd/mm/yyyy  HH24:MI:SS'),to_date('31/12/9999 00:00:00','dd/mm/yyyy  HH24:MI:SS'),'6270894','2018','P370','9999','01762',' ','4713',null,'N','32','32','IMPCOL',null,null,null,null,'1','FONDAT','DG0001',to_date('11/11/2017 00:00:00','dd/mm/yyyy  HH24:MI:SS'),to_date('10/11/2018 00:00:00','dd/mm/yyyy  HH24:MI:SS'),'N','N',null,null,to_date('10/05/2018 10:21:13','dd/mm/yyyy  HH24:MI:SS'),'PCG-AGEA','1','OLICER','0','OLIMEN',null,'OLIUTI','0',null,'OLIALL',null,null,'1403','2089928',null,null,null,null,'SSM','000002',null,null,null,null,null,null,null);
Insert into TPIANO_COLTURE (PKID,DT_INSERT,DT_DELETE,ID_PIANO_COLTURE,ANNO,COD_NAZIONALE,FOGLIO,PARTICELLA,SUB,ID_COLTURA_1,ID_COLTURA_2,FG_BIOLOGICO,SUP_DICHIARATA,SUP_ACCERTATA,COD_TIPO_IMPIANTO,SCO_TIPO_IMPIANTO,ANNO_IMPIANTO,SESTO_SU_FILA,SESTO_TRA_FILE,NUMERO_PIANTE,COD_FONTE_DATI,SCO_FONTE_DATI,DT_INIZIO,DT_FINE,FG_VALIDO_INIZIO,FG_VALIDO_FINE,ID_ATTO_INIZIO,ID_ATTO_FINE,DT_ULTIMO_AGG,UTENTE,FG_OLIO_VARIETA_PREV,COD_OLIO_TIPO_CERTIF,SCO_OLIO_TIPO_CERTIF,COD_OLIO_MENZIONE,SCO_OLIO_MENZIONE,COD_OLIO_TIPO_UTILIZZO,SCO_OLIO_TIPO_UTILIZZO,CAPACITA_PRODUTTIVA_OLIO,COD_FORMA_ALLEVAMENTO,SCO_FORMA_ALLEVAMENTO,CUAA_OLIO,ID_SOGGETTO,ID_PARTICELLA,ID_PIANO_GCP,ID_POLIGONO_GCP,NOME_LOTTO_GCP,ROT_GROUP,COD_CRIT_MANTENIMENTO,SCO_CRIT_MANTENIMENTO,COD_TIPO_SEMINA,SCO_TIPO_SEMINA,COD_EPOCA_SEMINA,SCO_EPOCA_SEMINA,ULTI_TURN_TAGL,COD_FASE_ALLEVAMENTO,SCO_FASE_ALLEVAMENTO)
 values ('7659999',to_date('10/05/2018 10:21:13','dd/mm/yyyy  HH24:MI:SS'),to_date('31/12/9999 00:00:00','dd/mm/yyyy  HH24:MI:SS'),'6270895','2018','P370','9999','01762',' ','23828',null,'N','1494','1494','IMPCOL',null,null,null,null,null,'FONDAT','DG0001',to_date('11/11/2017 00:00:00','dd/mm/yyyy  HH24:MI:SS'),to_date('10/11/2018 00:00:00','dd/mm/yyyy  HH24:MI:SS'),'N','N',null,null,to_date('10/05/2018 10:21:13','dd/mm/yyyy  HH24:MI:SS'),'PCG-AGEA',null,null,null,null,null,null,null,null,null,null,null,'1403','2089928',null,null,null,null,null,null,null,null,null,null,null,null,null);
Insert into TPIANO_COLTURE (PKID,DT_INSERT,DT_DELETE,ID_PIANO_COLTURE,ANNO,COD_NAZIONALE,FOGLIO,PARTICELLA,SUB,ID_COLTURA_1,ID_COLTURA_2,FG_BIOLOGICO,SUP_DICHIARATA,SUP_ACCERTATA,COD_TIPO_IMPIANTO,SCO_TIPO_IMPIANTO,ANNO_IMPIANTO,SESTO_SU_FILA,SESTO_TRA_FILE,NUMERO_PIANTE,COD_FONTE_DATI,SCO_FONTE_DATI,DT_INIZIO,DT_FINE,FG_VALIDO_INIZIO,FG_VALIDO_FINE,ID_ATTO_INIZIO,ID_ATTO_FINE,DT_ULTIMO_AGG,UTENTE,FG_OLIO_VARIETA_PREV,COD_OLIO_TIPO_CERTIF,SCO_OLIO_TIPO_CERTIF,COD_OLIO_MENZIONE,SCO_OLIO_MENZIONE,COD_OLIO_TIPO_UTILIZZO,SCO_OLIO_TIPO_UTILIZZO,CAPACITA_PRODUTTIVA_OLIO,COD_FORMA_ALLEVAMENTO,SCO_FORMA_ALLEVAMENTO,CUAA_OLIO,ID_SOGGETTO,ID_PARTICELLA,ID_PIANO_GCP,ID_POLIGONO_GCP,NOME_LOTTO_GCP,ROT_GROUP,COD_CRIT_MANTENIMENTO,SCO_CRIT_MANTENIMENTO,COD_TIPO_SEMINA,SCO_TIPO_SEMINA,COD_EPOCA_SEMINA,SCO_EPOCA_SEMINA,ULTI_TURN_TAGL,COD_FASE_ALLEVAMENTO,SCO_FASE_ALLEVAMENTO) 
values ('7660000',to_date('10/05/2018 10:21:13','dd/mm/yyyy  HH24:MI:SS'),to_date('31/12/9999 00:00:00','dd/mm/yyyy  HH24:MI:SS'),'6270896','2018','P370','9999','01762',' ','329',null,'N','1699','1699','IMPCOL',null,null,null,null,null,'FONDAT','DG0001',to_date('11/11/2017 00:00:00','dd/mm/yyyy  HH24:MI:SS'),to_date('10/11/2018 00:00:00','dd/mm/yyyy  HH24:MI:SS'),'N','N',null,null,to_date('10/05/2018 10:21:13','dd/mm/yyyy  HH24:MI:SS'),'PCG-AGEA',null,null,null,null,null,null,null,null,null,null,null,'1403','2089928',null,null,null,null,'SSM','000002',null,null,null,null,null,null,null);
Insert into TPIANO_COLTURE (PKID,DT_INSERT,DT_DELETE,ID_PIANO_COLTURE,ANNO,COD_NAZIONALE,FOGLIO,PARTICELLA,SUB,ID_COLTURA_1,ID_COLTURA_2,FG_BIOLOGICO,SUP_DICHIARATA,SUP_ACCERTATA,COD_TIPO_IMPIANTO,SCO_TIPO_IMPIANTO,ANNO_IMPIANTO,SESTO_SU_FILA,SESTO_TRA_FILE,NUMERO_PIANTE,COD_FONTE_DATI,SCO_FONTE_DATI,DT_INIZIO,DT_FINE,FG_VALIDO_INIZIO,FG_VALIDO_FINE,ID_ATTO_INIZIO,ID_ATTO_FINE,DT_ULTIMO_AGG,UTENTE,FG_OLIO_VARIETA_PREV,COD_OLIO_TIPO_CERTIF,SCO_OLIO_TIPO_CERTIF,COD_OLIO_MENZIONE,SCO_OLIO_MENZIONE,COD_OLIO_TIPO_UTILIZZO,SCO_OLIO_TIPO_UTILIZZO,CAPACITA_PRODUTTIVA_OLIO,COD_FORMA_ALLEVAMENTO,SCO_FORMA_ALLEVAMENTO,CUAA_OLIO,ID_SOGGETTO,ID_PARTICELLA,ID_PIANO_GCP,ID_POLIGONO_GCP,NOME_LOTTO_GCP,ROT_GROUP,COD_CRIT_MANTENIMENTO,SCO_CRIT_MANTENIMENTO,COD_TIPO_SEMINA,SCO_TIPO_SEMINA,COD_EPOCA_SEMINA,SCO_EPOCA_SEMINA,ULTI_TURN_TAGL,COD_FASE_ALLEVAMENTO,SCO_FASE_ALLEVAMENTO) 
values ('7660001',to_date('10/05/2018 10:21:13','dd/mm/yyyy  HH24:MI:SS'),to_date('31/12/9999 00:00:00','dd/mm/yyyy  HH24:MI:SS'),'6270897','2018','P552','9999','02937',' ','23767',null,'N','65','65','IMPCOL',null,null,null,null,null,'FONDAT','DG0001',to_date('11/11/2017 00:00:00','dd/mm/yyyy  HH24:MI:SS'),to_date('10/11/2018 00:00:00','dd/mm/yyyy  HH24:MI:SS'),'N','N',null,null,to_date('10/05/2018 10:21:13','dd/mm/yyyy  HH24:MI:SS'),'PCG-AGEA',null,null,null,null,null,null,null,null,null,null,null,'1403','2476420',null,null,null,null,null,null,null,null,null,null,null,null,null);
Insert into TPIANO_COLTURE (PKID,DT_INSERT,DT_DELETE,ID_PIANO_COLTURE,ANNO,COD_NAZIONALE,FOGLIO,PARTICELLA,SUB,ID_COLTURA_1,ID_COLTURA_2,FG_BIOLOGICO,SUP_DICHIARATA,SUP_ACCERTATA,COD_TIPO_IMPIANTO,SCO_TIPO_IMPIANTO,ANNO_IMPIANTO,SESTO_SU_FILA,SESTO_TRA_FILE,NUMERO_PIANTE,COD_FONTE_DATI,SCO_FONTE_DATI,DT_INIZIO,DT_FINE,FG_VALIDO_INIZIO,FG_VALIDO_FINE,ID_ATTO_INIZIO,ID_ATTO_FINE,DT_ULTIMO_AGG,UTENTE,FG_OLIO_VARIETA_PREV,COD_OLIO_TIPO_CERTIF,SCO_OLIO_TIPO_CERTIF,COD_OLIO_MENZIONE,SCO_OLIO_MENZIONE,COD_OLIO_TIPO_UTILIZZO,SCO_OLIO_TIPO_UTILIZZO,CAPACITA_PRODUTTIVA_OLIO,COD_FORMA_ALLEVAMENTO,SCO_FORMA_ALLEVAMENTO,CUAA_OLIO,ID_SOGGETTO,ID_PARTICELLA,ID_PIANO_GCP,ID_POLIGONO_GCP,NOME_LOTTO_GCP,ROT_GROUP,COD_CRIT_MANTENIMENTO,SCO_CRIT_MANTENIMENTO,COD_TIPO_SEMINA,SCO_TIPO_SEMINA,COD_EPOCA_SEMINA,SCO_EPOCA_SEMINA,ULTI_TURN_TAGL,COD_FASE_ALLEVAMENTO,SCO_FASE_ALLEVAMENTO) 
values ('7660002',to_date('10/05/2018 10:21:13','dd/mm/yyyy  HH24:MI:SS'),to_date('31/12/9999 00:00:00','dd/mm/yyyy  HH24:MI:SS'),'6270898','2018','P552','9999','02937',' ','320',null,'N','2','2','IMPCOL',null,null,null,null,null,'FONDAT','DG0001',to_date('11/11/2017 00:00:00','dd/mm/yyyy  HH24:MI:SS'),to_date('10/11/2018 00:00:00','dd/mm/yyyy  HH24:MI:SS'),'N','N',null,null,to_date('10/05/2018 10:21:13','dd/mm/yyyy  HH24:MI:SS'),'PCG-AGEA',null,null,null,null,null,null,null,null,null,null,null,'1403','2476420',null,null,null,null,null,null,null,null,null,null,null,null,null);
Insert into TPIANO_COLTURE (PKID,DT_INSERT,DT_DELETE,ID_PIANO_COLTURE,ANNO,COD_NAZIONALE,FOGLIO,PARTICELLA,SUB,ID_COLTURA_1,ID_COLTURA_2,FG_BIOLOGICO,SUP_DICHIARATA,SUP_ACCERTATA,COD_TIPO_IMPIANTO,SCO_TIPO_IMPIANTO,ANNO_IMPIANTO,SESTO_SU_FILA,SESTO_TRA_FILE,NUMERO_PIANTE,COD_FONTE_DATI,SCO_FONTE_DATI,DT_INIZIO,DT_FINE,FG_VALIDO_INIZIO,FG_VALIDO_FINE,ID_ATTO_INIZIO,ID_ATTO_FINE,DT_ULTIMO_AGG,UTENTE,FG_OLIO_VARIETA_PREV,COD_OLIO_TIPO_CERTIF,SCO_OLIO_TIPO_CERTIF,COD_OLIO_MENZIONE,SCO_OLIO_MENZIONE,COD_OLIO_TIPO_UTILIZZO,SCO_OLIO_TIPO_UTILIZZO,CAPACITA_PRODUTTIVA_OLIO,COD_FORMA_ALLEVAMENTO,SCO_FORMA_ALLEVAMENTO,CUAA_OLIO,ID_SOGGETTO,ID_PARTICELLA,ID_PIANO_GCP,ID_POLIGONO_GCP,NOME_LOTTO_GCP,ROT_GROUP,COD_CRIT_MANTENIMENTO,SCO_CRIT_MANTENIMENTO,COD_TIPO_SEMINA,SCO_TIPO_SEMINA,COD_EPOCA_SEMINA,SCO_EPOCA_SEMINA,ULTI_TURN_TAGL,COD_FASE_ALLEVAMENTO,SCO_FASE_ALLEVAMENTO) 
values ('7660003',to_date('10/05/2018 10:21:13','dd/mm/yyyy  HH24:MI:SS'),to_date('31/12/9999 00:00:00','dd/mm/yyyy  HH24:MI:SS'),'6270899','2018','P552','9999','02937',' ','320',null,'N','25','25','IMPCOL',null,null,null,null,null,'FONDAT','DG0001',to_date('11/11/2017 00:00:00','dd/mm/yyyy  HH24:MI:SS'),to_date('10/11/2018 00:00:00','dd/mm/yyyy  HH24:MI:SS'),'N','N',null,null,to_date('10/05/2018 10:21:13','dd/mm/yyyy  HH24:MI:SS'),'PCG-AGEA',null,null,null,null,null,null,null,null,null,null,null,'1403','2476420',null,null,null,null,null,null,null,null,null,null,null,null,null);
Insert into TPIANO_COLTURE (PKID,DT_INSERT,DT_DELETE,ID_PIANO_COLTURE,ANNO,COD_NAZIONALE,FOGLIO,PARTICELLA,SUB,ID_COLTURA_1,ID_COLTURA_2,FG_BIOLOGICO,SUP_DICHIARATA,SUP_ACCERTATA,COD_TIPO_IMPIANTO,SCO_TIPO_IMPIANTO,ANNO_IMPIANTO,SESTO_SU_FILA,SESTO_TRA_FILE,NUMERO_PIANTE,COD_FONTE_DATI,SCO_FONTE_DATI,DT_INIZIO,DT_FINE,FG_VALIDO_INIZIO,FG_VALIDO_FINE,ID_ATTO_INIZIO,ID_ATTO_FINE,DT_ULTIMO_AGG,UTENTE,FG_OLIO_VARIETA_PREV,COD_OLIO_TIPO_CERTIF,SCO_OLIO_TIPO_CERTIF,COD_OLIO_MENZIONE,SCO_OLIO_MENZIONE,COD_OLIO_TIPO_UTILIZZO,SCO_OLIO_TIPO_UTILIZZO,CAPACITA_PRODUTTIVA_OLIO,COD_FORMA_ALLEVAMENTO,SCO_FORMA_ALLEVAMENTO,CUAA_OLIO,ID_SOGGETTO,ID_PARTICELLA,ID_PIANO_GCP,ID_POLIGONO_GCP,NOME_LOTTO_GCP,ROT_GROUP,COD_CRIT_MANTENIMENTO,SCO_CRIT_MANTENIMENTO,COD_TIPO_SEMINA,SCO_TIPO_SEMINA,COD_EPOCA_SEMINA,SCO_EPOCA_SEMINA,ULTI_TURN_TAGL,COD_FASE_ALLEVAMENTO,SCO_FASE_ALLEVAMENTO) 
values ('7660004',to_date('10/05/2018 10:21:13','dd/mm/yyyy  HH24:MI:SS'),to_date('31/12/9999 00:00:00','dd/mm/yyyy  HH24:MI:SS'),'6270900','2018','P552','9999','02937',' ','12',null,'N','4977','4977','IMPCOL',null,null,null,null,null,'FONDAT','DG0001',to_date('11/11/2017 00:00:00','dd/mm/yyyy  HH24:MI:SS'),to_date('10/11/2018 00:00:00','dd/mm/yyyy  HH24:MI:SS'),'N','N',null,null,to_date('10/05/2018 10:21:13','dd/mm/yyyy  HH24:MI:SS'),'PCG-AGEA',null,null,null,null,null,null,null,null,null,null,null,'1403','2476420',null,null,null,null,'SSM','000002',null,null,null,null,null,null,null);
Insert into TPIANO_COLTURE (PKID,DT_INSERT,DT_DELETE,ID_PIANO_COLTURE,ANNO,COD_NAZIONALE,FOGLIO,PARTICELLA,SUB,ID_COLTURA_1,ID_COLTURA_2,FG_BIOLOGICO,SUP_DICHIARATA,SUP_ACCERTATA,COD_TIPO_IMPIANTO,SCO_TIPO_IMPIANTO,ANNO_IMPIANTO,SESTO_SU_FILA,SESTO_TRA_FILE,NUMERO_PIANTE,COD_FONTE_DATI,SCO_FONTE_DATI,DT_INIZIO,DT_FINE,FG_VALIDO_INIZIO,FG_VALIDO_FINE,ID_ATTO_INIZIO,ID_ATTO_FINE,DT_ULTIMO_AGG,UTENTE,FG_OLIO_VARIETA_PREV,COD_OLIO_TIPO_CERTIF,SCO_OLIO_TIPO_CERTIF,COD_OLIO_MENZIONE,SCO_OLIO_MENZIONE,COD_OLIO_TIPO_UTILIZZO,SCO_OLIO_TIPO_UTILIZZO,CAPACITA_PRODUTTIVA_OLIO,COD_FORMA_ALLEVAMENTO,SCO_FORMA_ALLEVAMENTO,CUAA_OLIO,ID_SOGGETTO,ID_PARTICELLA,ID_PIANO_GCP,ID_POLIGONO_GCP,NOME_LOTTO_GCP,ROT_GROUP,COD_CRIT_MANTENIMENTO,SCO_CRIT_MANTENIMENTO,COD_TIPO_SEMINA,SCO_TIPO_SEMINA,COD_EPOCA_SEMINA,SCO_EPOCA_SEMINA,ULTI_TURN_TAGL,COD_FASE_ALLEVAMENTO,SCO_FASE_ALLEVAMENTO)
 values ('7660006',to_date('10/05/2018 10:21:13','dd/mm/yyyy  HH24:MI:SS'),to_date('31/12/9999 00:00:00','dd/mm/yyyy  HH24:MI:SS'),'6270902','2018','P552','9999','03377','7','822',null,'N','427','427','IMPCOL',null,null,null,null,null,'FONDAT','DG0001',to_date('11/11/2017 00:00:00','dd/mm/yyyy  HH24:MI:SS'),to_date('10/11/2018 00:00:00','dd/mm/yyyy  HH24:MI:SS'),'N','N',null,null,to_date('10/05/2018 10:21:13','dd/mm/yyyy  HH24:MI:SS'),'PCG-AGEA',null,null,null,null,null,null,null,null,null,null,null,'1403','2479801',null,null,null,null,'SSM','000002',null,null,null,null,null,null,null);
Insert into TPIANO_COLTURE (PKID,DT_INSERT,DT_DELETE,ID_PIANO_COLTURE,ANNO,COD_NAZIONALE,FOGLIO,PARTICELLA,SUB,ID_COLTURA_1,ID_COLTURA_2,FG_BIOLOGICO,SUP_DICHIARATA,SUP_ACCERTATA,COD_TIPO_IMPIANTO,SCO_TIPO_IMPIANTO,ANNO_IMPIANTO,SESTO_SU_FILA,SESTO_TRA_FILE,NUMERO_PIANTE,COD_FONTE_DATI,SCO_FONTE_DATI,DT_INIZIO,DT_FINE,FG_VALIDO_INIZIO,FG_VALIDO_FINE,ID_ATTO_INIZIO,ID_ATTO_FINE,DT_ULTIMO_AGG,UTENTE,FG_OLIO_VARIETA_PREV,COD_OLIO_TIPO_CERTIF,SCO_OLIO_TIPO_CERTIF,COD_OLIO_MENZIONE,SCO_OLIO_MENZIONE,COD_OLIO_TIPO_UTILIZZO,SCO_OLIO_TIPO_UTILIZZO,CAPACITA_PRODUTTIVA_OLIO,COD_FORMA_ALLEVAMENTO,SCO_FORMA_ALLEVAMENTO,CUAA_OLIO,ID_SOGGETTO,ID_PARTICELLA,ID_PIANO_GCP,ID_POLIGONO_GCP,NOME_LOTTO_GCP,ROT_GROUP,COD_CRIT_MANTENIMENTO,SCO_CRIT_MANTENIMENTO,COD_TIPO_SEMINA,SCO_TIPO_SEMINA,COD_EPOCA_SEMINA,SCO_EPOCA_SEMINA,ULTI_TURN_TAGL,COD_FASE_ALLEVAMENTO,SCO_FASE_ALLEVAMENTO) 
values ('7660007',to_date('10/05/2018 10:21:13','dd/mm/yyyy  HH24:MI:SS'),to_date('31/12/9999 00:00:00','dd/mm/yyyy  HH24:MI:SS'),'6270903','2018','P552','9999','03376','5','822',null,'N','599','599','IMPCOL',null,null,null,null,null,'FONDAT','DG0001',to_date('11/11/2017 00:00:00','dd/mm/yyyy  HH24:MI:SS'),to_date('10/11/2018 00:00:00','dd/mm/yyyy  HH24:MI:SS'),'N','N',null,null,to_date('10/05/2018 10:21:13','dd/mm/yyyy  HH24:MI:SS'),'PCG-AGEA',null,null,null,null,null,null,null,null,null,null,null,'1403','2479831',null,null,null,null,'SSM','000002',null,null,null,null,null,null,null);
Insert into TPIANO_COLTURE (PKID,DT_INSERT,DT_DELETE,ID_PIANO_COLTURE,ANNO,COD_NAZIONALE,FOGLIO,PARTICELLA,SUB,ID_COLTURA_1,ID_COLTURA_2,FG_BIOLOGICO,SUP_DICHIARATA,SUP_ACCERTATA,COD_TIPO_IMPIANTO,SCO_TIPO_IMPIANTO,ANNO_IMPIANTO,SESTO_SU_FILA,SESTO_TRA_FILE,NUMERO_PIANTE,COD_FONTE_DATI,SCO_FONTE_DATI,DT_INIZIO,DT_FINE,FG_VALIDO_INIZIO,FG_VALIDO_FINE,ID_ATTO_INIZIO,ID_ATTO_FINE,DT_ULTIMO_AGG,UTENTE,FG_OLIO_VARIETA_PREV,COD_OLIO_TIPO_CERTIF,SCO_OLIO_TIPO_CERTIF,COD_OLIO_MENZIONE,SCO_OLIO_MENZIONE,COD_OLIO_TIPO_UTILIZZO,SCO_OLIO_TIPO_UTILIZZO,CAPACITA_PRODUTTIVA_OLIO,COD_FORMA_ALLEVAMENTO,SCO_FORMA_ALLEVAMENTO,CUAA_OLIO,ID_SOGGETTO,ID_PARTICELLA,ID_PIANO_GCP,ID_POLIGONO_GCP,NOME_LOTTO_GCP,ROT_GROUP,COD_CRIT_MANTENIMENTO,SCO_CRIT_MANTENIMENTO,COD_TIPO_SEMINA,SCO_TIPO_SEMINA,COD_EPOCA_SEMINA,SCO_EPOCA_SEMINA,ULTI_TURN_TAGL,COD_FASE_ALLEVAMENTO,SCO_FASE_ALLEVAMENTO) 
values ('7660008',to_date('10/05/2018 10:21:13','dd/mm/yyyy  HH24:MI:SS'),to_date('31/12/9999 00:00:00','dd/mm/yyyy  HH24:MI:SS'),'6270904','2018','P552','9999','03376','1','23827',null,'N','73','73','IMPCOL',null,null,null,null,null,'FONDAT','DG0001',to_date('11/11/2017 00:00:00','dd/mm/yyyy  HH24:MI:SS'),to_date('10/11/2018 00:00:00','dd/mm/yyyy  HH24:MI:SS'),'N','N',null,null,to_date('10/05/2018 10:21:13','dd/mm/yyyy  HH24:MI:SS'),'PCG-AGEA',null,null,null,null,null,null,null,null,null,null,null,'1403','2481326',null,null,null,null,null,null,null,null,null,null,null,null,null);
Insert into TPIANO_COLTURE (PKID,DT_INSERT,DT_DELETE,ID_PIANO_COLTURE,ANNO,COD_NAZIONALE,FOGLIO,PARTICELLA,SUB,ID_COLTURA_1,ID_COLTURA_2,FG_BIOLOGICO,SUP_DICHIARATA,SUP_ACCERTATA,COD_TIPO_IMPIANTO,SCO_TIPO_IMPIANTO,ANNO_IMPIANTO,SESTO_SU_FILA,SESTO_TRA_FILE,NUMERO_PIANTE,COD_FONTE_DATI,SCO_FONTE_DATI,DT_INIZIO,DT_FINE,FG_VALIDO_INIZIO,FG_VALIDO_FINE,ID_ATTO_INIZIO,ID_ATTO_FINE,DT_ULTIMO_AGG,UTENTE,FG_OLIO_VARIETA_PREV,COD_OLIO_TIPO_CERTIF,SCO_OLIO_TIPO_CERTIF,COD_OLIO_MENZIONE,SCO_OLIO_MENZIONE,COD_OLIO_TIPO_UTILIZZO,SCO_OLIO_TIPO_UTILIZZO,CAPACITA_PRODUTTIVA_OLIO,COD_FORMA_ALLEVAMENTO,SCO_FORMA_ALLEVAMENTO,CUAA_OLIO,ID_SOGGETTO,ID_PARTICELLA,ID_PIANO_GCP,ID_POLIGONO_GCP,NOME_LOTTO_GCP,ROT_GROUP,COD_CRIT_MANTENIMENTO,SCO_CRIT_MANTENIMENTO,COD_TIPO_SEMINA,SCO_TIPO_SEMINA,COD_EPOCA_SEMINA,SCO_EPOCA_SEMINA,ULTI_TURN_TAGL,COD_FASE_ALLEVAMENTO,SCO_FASE_ALLEVAMENTO)
 values ('7660009',to_date('10/05/2018 10:21:13','dd/mm/yyyy  HH24:MI:SS'),to_date('31/12/9999 00:00:00','dd/mm/yyyy  HH24:MI:SS'),'6270905','2018','P552','9999','03376','1','822',null,'N','3347','3347','IMPCOL',null,null,null,null,null,'FONDAT','DG0001',to_date('11/11/2017 00:00:00','dd/mm/yyyy  HH24:MI:SS'),to_date('10/11/2018 00:00:00','dd/mm/yyyy  HH24:MI:SS'),'N','N',null,null,to_date('10/05/2018 10:21:13','dd/mm/yyyy  HH24:MI:SS'),'PCG-AGEA',null,null,null,null,null,null,null,null,null,null,null,'1403','2481326',null,null,null,null,'SSM','000002',null,null,null,null,null,null,null);
Insert into TPIANO_COLTURE (PKID,DT_INSERT,DT_DELETE,ID_PIANO_COLTURE,ANNO,COD_NAZIONALE,FOGLIO,PARTICELLA,SUB,ID_COLTURA_1,ID_COLTURA_2,FG_BIOLOGICO,SUP_DICHIARATA,SUP_ACCERTATA,COD_TIPO_IMPIANTO,SCO_TIPO_IMPIANTO,ANNO_IMPIANTO,SESTO_SU_FILA,SESTO_TRA_FILE,NUMERO_PIANTE,COD_FONTE_DATI,SCO_FONTE_DATI,DT_INIZIO,DT_FINE,FG_VALIDO_INIZIO,FG_VALIDO_FINE,ID_ATTO_INIZIO,ID_ATTO_FINE,DT_ULTIMO_AGG,UTENTE,FG_OLIO_VARIETA_PREV,COD_OLIO_TIPO_CERTIF,SCO_OLIO_TIPO_CERTIF,COD_OLIO_MENZIONE,SCO_OLIO_MENZIONE,COD_OLIO_TIPO_UTILIZZO,SCO_OLIO_TIPO_UTILIZZO,CAPACITA_PRODUTTIVA_OLIO,COD_FORMA_ALLEVAMENTO,SCO_FORMA_ALLEVAMENTO,CUAA_OLIO,ID_SOGGETTO,ID_PARTICELLA,ID_PIANO_GCP,ID_POLIGONO_GCP,NOME_LOTTO_GCP,ROT_GROUP,COD_CRIT_MANTENIMENTO,SCO_CRIT_MANTENIMENTO,COD_TIPO_SEMINA,SCO_TIPO_SEMINA,COD_EPOCA_SEMINA,SCO_EPOCA_SEMINA,ULTI_TURN_TAGL,COD_FASE_ALLEVAMENTO,SCO_FASE_ALLEVAMENTO)
 values ('7660010',to_date('10/05/2018 10:21:13','dd/mm/yyyy  HH24:MI:SS'),to_date('31/12/9999 00:00:00','dd/mm/yyyy  HH24:MI:SS'),'6270906','2018','P552','9999','03376','2','23827',null,'N','114','114','IMPCOL',null,null,null,null,null,'FONDAT','DG0001',to_date('11/11/2017 00:00:00','dd/mm/yyyy  HH24:MI:SS'),to_date('10/11/2018 00:00:00','dd/mm/yyyy  HH24:MI:SS'),'N','N',null,null,to_date('10/05/2018 10:21:13','dd/mm/yyyy  HH24:MI:SS'),'PCG-AGEA',null,null,null,null,null,null,null,null,null,null,null,'1403','2481327',null,null,null,null,null,null,null,null,null,null,null,null,null);
Insert into TPIANO_COLTURE (PKID,DT_INSERT,DT_DELETE,ID_PIANO_COLTURE,ANNO,COD_NAZIONALE,FOGLIO,PARTICELLA,SUB,ID_COLTURA_1,ID_COLTURA_2,FG_BIOLOGICO,SUP_DICHIARATA,SUP_ACCERTATA,COD_TIPO_IMPIANTO,SCO_TIPO_IMPIANTO,ANNO_IMPIANTO,SESTO_SU_FILA,SESTO_TRA_FILE,NUMERO_PIANTE,COD_FONTE_DATI,SCO_FONTE_DATI,DT_INIZIO,DT_FINE,FG_VALIDO_INIZIO,FG_VALIDO_FINE,ID_ATTO_INIZIO,ID_ATTO_FINE,DT_ULTIMO_AGG,UTENTE,FG_OLIO_VARIETA_PREV,COD_OLIO_TIPO_CERTIF,SCO_OLIO_TIPO_CERTIF,COD_OLIO_MENZIONE,SCO_OLIO_MENZIONE,COD_OLIO_TIPO_UTILIZZO,SCO_OLIO_TIPO_UTILIZZO,CAPACITA_PRODUTTIVA_OLIO,COD_FORMA_ALLEVAMENTO,SCO_FORMA_ALLEVAMENTO,CUAA_OLIO,ID_SOGGETTO,ID_PARTICELLA,ID_PIANO_GCP,ID_POLIGONO_GCP,NOME_LOTTO_GCP,ROT_GROUP,COD_CRIT_MANTENIMENTO,SCO_CRIT_MANTENIMENTO,COD_TIPO_SEMINA,SCO_TIPO_SEMINA,COD_EPOCA_SEMINA,SCO_EPOCA_SEMINA,ULTI_TURN_TAGL,COD_FASE_ALLEVAMENTO,SCO_FASE_ALLEVAMENTO)
 values ('7660011',to_date('10/05/2018 10:21:13','dd/mm/yyyy  HH24:MI:SS'),to_date('31/12/9999 00:00:00','dd/mm/yyyy  HH24:MI:SS'),'6270907','2018','P552','9999','03376','2','822',null,'N','3079','3079','IMPCOL',null,null,null,null,null,'FONDAT','DG0001',to_date('11/11/2017 00:00:00','dd/mm/yyyy  HH24:MI:SS'),to_date('10/11/2018 00:00:00','dd/mm/yyyy  HH24:MI:SS'),'N','N',null,null,to_date('10/05/2018 10:21:13','dd/mm/yyyy  HH24:MI:SS'),'PCG-AGEA',null,null,null,null,null,null,null,null,null,null,null,'1403','2481327',null,null,null,null,'SSM','000002',null,null,null,null,null,null,null);
Insert into TPIANO_COLTURE (PKID,DT_INSERT,DT_DELETE,ID_PIANO_COLTURE,ANNO,COD_NAZIONALE,FOGLIO,PARTICELLA,SUB,ID_COLTURA_1,ID_COLTURA_2,FG_BIOLOGICO,SUP_DICHIARATA,SUP_ACCERTATA,COD_TIPO_IMPIANTO,SCO_TIPO_IMPIANTO,ANNO_IMPIANTO,SESTO_SU_FILA,SESTO_TRA_FILE,NUMERO_PIANTE,COD_FONTE_DATI,SCO_FONTE_DATI,DT_INIZIO,DT_FINE,FG_VALIDO_INIZIO,FG_VALIDO_FINE,ID_ATTO_INIZIO,ID_ATTO_FINE,DT_ULTIMO_AGG,UTENTE,FG_OLIO_VARIETA_PREV,COD_OLIO_TIPO_CERTIF,SCO_OLIO_TIPO_CERTIF,COD_OLIO_MENZIONE,SCO_OLIO_MENZIONE,COD_OLIO_TIPO_UTILIZZO,SCO_OLIO_TIPO_UTILIZZO,CAPACITA_PRODUTTIVA_OLIO,COD_FORMA_ALLEVAMENTO,SCO_FORMA_ALLEVAMENTO,CUAA_OLIO,ID_SOGGETTO,ID_PARTICELLA,ID_PIANO_GCP,ID_POLIGONO_GCP,NOME_LOTTO_GCP,ROT_GROUP,COD_CRIT_MANTENIMENTO,SCO_CRIT_MANTENIMENTO,COD_TIPO_SEMINA,SCO_TIPO_SEMINA,COD_EPOCA_SEMINA,SCO_EPOCA_SEMINA,ULTI_TURN_TAGL,COD_FASE_ALLEVAMENTO,SCO_FASE_ALLEVAMENTO) 
values ('7660012',to_date('10/05/2018 10:21:13','dd/mm/yyyy  HH24:MI:SS'),to_date('31/12/9999 00:00:00','dd/mm/yyyy  HH24:MI:SS'),'6270908','2018','P552','9999','03377','1','822',null,'N','404','404','IMPCOL',null,null,null,null,null,'FONDAT','DG0001',to_date('11/11/2017 00:00:00','dd/mm/yyyy  HH24:MI:SS'),to_date('10/11/2018 00:00:00','dd/mm/yyyy  HH24:MI:SS'),'N','N',null,null,to_date('10/05/2018 10:21:13','dd/mm/yyyy  HH24:MI:SS'),'PCG-AGEA',null,null,null,null,null,null,null,null,null,null,null,'1403','2481339',null,null,null,null,'SSM','000002',null,null,null,null,null,null,null);
Insert into TPIANO_COLTURE (PKID,DT_INSERT,DT_DELETE,ID_PIANO_COLTURE,ANNO,COD_NAZIONALE,FOGLIO,PARTICELLA,SUB,ID_COLTURA_1,ID_COLTURA_2,FG_BIOLOGICO,SUP_DICHIARATA,SUP_ACCERTATA,COD_TIPO_IMPIANTO,SCO_TIPO_IMPIANTO,ANNO_IMPIANTO,SESTO_SU_FILA,SESTO_TRA_FILE,NUMERO_PIANTE,COD_FONTE_DATI,SCO_FONTE_DATI,DT_INIZIO,DT_FINE,FG_VALIDO_INIZIO,FG_VALIDO_FINE,ID_ATTO_INIZIO,ID_ATTO_FINE,DT_ULTIMO_AGG,UTENTE,FG_OLIO_VARIETA_PREV,COD_OLIO_TIPO_CERTIF,SCO_OLIO_TIPO_CERTIF,COD_OLIO_MENZIONE,SCO_OLIO_MENZIONE,COD_OLIO_TIPO_UTILIZZO,SCO_OLIO_TIPO_UTILIZZO,CAPACITA_PRODUTTIVA_OLIO,COD_FORMA_ALLEVAMENTO,SCO_FORMA_ALLEVAMENTO,CUAA_OLIO,ID_SOGGETTO,ID_PARTICELLA,ID_PIANO_GCP,ID_POLIGONO_GCP,NOME_LOTTO_GCP,ROT_GROUP,COD_CRIT_MANTENIMENTO,SCO_CRIT_MANTENIMENTO,COD_TIPO_SEMINA,SCO_TIPO_SEMINA,COD_EPOCA_SEMINA,SCO_EPOCA_SEMINA,ULTI_TURN_TAGL,COD_FASE_ALLEVAMENTO,SCO_FASE_ALLEVAMENTO) 
values ('7660013',to_date('10/05/2018 10:21:13','dd/mm/yyyy  HH24:MI:SS'),to_date('31/12/9999 00:00:00','dd/mm/yyyy  HH24:MI:SS'),'6270909','2018','P552','9999','03377','1','23827',null,'N','85','85','IMPCOL',null,null,null,null,null,'FONDAT','DG0001',to_date('11/11/2017 00:00:00','dd/mm/yyyy  HH24:MI:SS'),to_date('10/11/2018 00:00:00','dd/mm/yyyy  HH24:MI:SS'),'N','N',null,null,to_date('10/05/2018 10:21:13','dd/mm/yyyy  HH24:MI:SS'),'PCG-AGEA',null,null,null,null,null,null,null,null,null,null,null,'1403','2481339',null,null,null,null,null,null,null,null,null,null,null,null,null);
Insert into TPIANO_COLTURE (PKID,DT_INSERT,DT_DELETE,ID_PIANO_COLTURE,ANNO,COD_NAZIONALE,FOGLIO,PARTICELLA,SUB,ID_COLTURA_1,ID_COLTURA_2,FG_BIOLOGICO,SUP_DICHIARATA,SUP_ACCERTATA,COD_TIPO_IMPIANTO,SCO_TIPO_IMPIANTO,ANNO_IMPIANTO,SESTO_SU_FILA,SESTO_TRA_FILE,NUMERO_PIANTE,COD_FONTE_DATI,SCO_FONTE_DATI,DT_INIZIO,DT_FINE,FG_VALIDO_INIZIO,FG_VALIDO_FINE,ID_ATTO_INIZIO,ID_ATTO_FINE,DT_ULTIMO_AGG,UTENTE,FG_OLIO_VARIETA_PREV,COD_OLIO_TIPO_CERTIF,SCO_OLIO_TIPO_CERTIF,COD_OLIO_MENZIONE,SCO_OLIO_MENZIONE,COD_OLIO_TIPO_UTILIZZO,SCO_OLIO_TIPO_UTILIZZO,CAPACITA_PRODUTTIVA_OLIO,COD_FORMA_ALLEVAMENTO,SCO_FORMA_ALLEVAMENTO,CUAA_OLIO,ID_SOGGETTO,ID_PARTICELLA,ID_PIANO_GCP,ID_POLIGONO_GCP,NOME_LOTTO_GCP,ROT_GROUP,COD_CRIT_MANTENIMENTO,SCO_CRIT_MANTENIMENTO,COD_TIPO_SEMINA,SCO_TIPO_SEMINA,COD_EPOCA_SEMINA,SCO_EPOCA_SEMINA,ULTI_TURN_TAGL,COD_FASE_ALLEVAMENTO,SCO_FASE_ALLEVAMENTO) 
values ('7660014',to_date('10/05/2018 10:21:13','dd/mm/yyyy  HH24:MI:SS'),to_date('31/12/9999 00:00:00','dd/mm/yyyy  HH24:MI:SS'),'6270910','2018','P552','9999','03377','1','23827',null,'N','28','28','IMPCOL',null,null,null,null,null,'FONDAT','DG0001',to_date('11/11/2017 00:00:00','dd/mm/yyyy  HH24:MI:SS'),to_date('10/11/2018 00:00:00','dd/mm/yyyy  HH24:MI:SS'),'N','N',null,null,to_date('10/05/2018 10:21:13','dd/mm/yyyy  HH24:MI:SS'),'PCG-AGEA',null,null,null,null,null,null,null,null,null,null,null,'1403','2481339',null,null,null,null,null,null,null,null,null,null,null,null,null);

-- INSERT nella TCOLTURA_LANG
Insert into TCOLTURA_LANG (ID_COLTURA,DE_COLTURA,CODUAGEA,CODVAGEA,COD_ELE,COD_UTIL,COD_VARI,DT_INIZIO,DT_FINE,DE_UAGEA,CODPAGEA,DE_PAGEA,DE_VAGEA,ANNO_INIZIO,ANNO_FINE,COEFF_TARA,LOCALE,FG_SUCCESSIONE,COD_FAM_BOTANICA,COD_COLTURA,EXT_CODE) 
values ('12','SUPERFICI SEMINABILI - GRANTURCO (MAIS) - SILOMAIS E MAIS CEROSO','040','000',null,null,null,to_date('01/01/2010 00:00:00','dd/mm/yyyy hh24:mi:ss'),to_date('31/12/9999 00:00:00','dd/mm/yyyy hh24:mi:ss'),'SUPERFICI SEMINABILI','108','GRANTURCO (MAIS)','SILOMAIS E MAIS CEROSO','2005','9999','1','it','N',null,'040-108-000','040-108-000');
Insert into TCOLTURA_LANG (ID_COLTURA,DE_COLTURA,CODUAGEA,CODVAGEA,COD_ELE,COD_UTIL,COD_VARI,DT_INIZIO,DT_FINE,DE_UAGEA,CODPAGEA,DE_PAGEA,DE_VAGEA,ANNO_INIZIO,ANNO_FINE,COEFF_TARA,LOCALE,FG_SUCCESSIONE,COD_FAM_BOTANICA,COD_COLTURA,EXT_CODE) 
values ('122','OLIVO - OLIVE DA OLIO - FRANTOIO','160','023',null,null,null,to_date('01/01/2010 00:00:00','dd/mm/yyyy hh24:mi:ss'),to_date('31/12/9999 00:00:00','dd/mm/yyyy hh24:mi:ss'),'OLIVO','111','OLIVE DA OLIO','FRANTOIO','2005','9999','1','it','N',null,'160-111-023','160-111-023');
Insert into TCOLTURA_LANG (ID_COLTURA,DE_COLTURA,CODUAGEA,CODVAGEA,COD_ELE,COD_UTIL,COD_VARI,DT_INIZIO,DT_FINE,DE_UAGEA,CODPAGEA,DE_PAGEA,DE_VAGEA,ANNO_INIZIO,ANNO_FINE,COEFF_TARA,LOCALE,FG_SUCCESSIONE,COD_FAM_BOTANICA,COD_COLTURA,EXT_CODE) 
values ('320','USO NON AGRICOLO - ALTRO (AREE OCCUPATE DA ACQUE) - USO NON AGRICOLO - ALTRO','920','000',null,null,null,to_date('01/01/2010 00:00:00','dd/mm/yyyy hh24:mi:ss'),to_date('31/12/9999 00:00:00','dd/mm/yyyy hh24:mi:ss'),'USO NON AGRICOLO - ALTRO (AREE OCCUPATE DA ACQUE)','156','USO NON AGRICOLO','ALTRO','2005','9999','1','it','N',null,'920-156-000','920-156-000');
Insert into TCOLTURA_LANG (ID_COLTURA,DE_COLTURA,CODUAGEA,CODVAGEA,COD_ELE,COD_UTIL,COD_VARI,DT_INIZIO,DT_FINE,DE_UAGEA,CODPAGEA,DE_PAGEA,DE_VAGEA,ANNO_INIZIO,ANNO_FINE,COEFF_TARA,LOCALE,FG_SUCCESSIONE,COD_FAM_BOTANICA,COD_COLTURA,EXT_CODE) 
values ('329','ALTRI FRUTTIFERI - CILIEGIA - CILIEGIA','360','000',null,null,null,to_date('01/01/2010 00:00:00','dd/mm/yyyy hh24:mi:ss'),to_date('31/12/9999 00:00:00','dd/mm/yyyy hh24:mi:ss'),'ALTRI FRUTTIFERI','672','CILIEGIA','CILIEGIA','2005','9999','1','it','N',null,'360-672-000','360-672-000');
Insert into TCOLTURA_LANG (ID_COLTURA,DE_COLTURA,CODUAGEA,CODVAGEA,COD_ELE,COD_UTIL,COD_VARI,DT_INIZIO,DT_FINE,DE_UAGEA,CODPAGEA,DE_PAGEA,DE_VAGEA,ANNO_INIZIO,ANNO_FINE,COEFF_TARA,LOCALE,FG_SUCCESSIONE,COD_FAM_BOTANICA,COD_COLTURA,EXT_CODE) 
values ('822','VITE DA VINO - UVA DA VINO - UVA DA VINO','210','000',null,null,null,to_date('01/01/2010 00:00:00','dd/mm/yyyy hh24:mi:ss'),to_date('31/12/9999 00:00:00','dd/mm/yyyy hh24:mi:ss'),'VITE DA VINO','163','UVA DA VINO','UVA DA VINO','2006','9999','1','it','N',null,'210-163-000','210-163-000');
Insert into TCOLTURA_LANG (ID_COLTURA,DE_COLTURA,CODUAGEA,CODVAGEA,COD_ELE,COD_UTIL,COD_VARI,DT_INIZIO,DT_FINE,DE_UAGEA,CODPAGEA,DE_PAGEA,DE_VAGEA,ANNO_INIZIO,ANNO_FINE,COEFF_TARA,LOCALE,FG_SUCCESSIONE,COD_FAM_BOTANICA,COD_COLTURA,EXT_CODE) 
values ('4713','OLIVO - OLIVE DA OLIO - CASALIVA','160','011',null,null,null,to_date('01/01/2010 00:00:00','dd/mm/yyyy hh24:mi:ss'),to_date('31/12/9999 00:00:00','dd/mm/yyyy hh24:mi:ss'),'OLIVO','111','OLIVE DA OLIO','CASALIVA','2005','9999','1','it','N',null,'160-111-011','160-111-011');
Insert into TCOLTURA_LANG (ID_COLTURA,DE_COLTURA,CODUAGEA,CODVAGEA,COD_ELE,COD_UTIL,COD_VARI,DT_INIZIO,DT_FINE,DE_UAGEA,CODPAGEA,DE_PAGEA,DE_VAGEA,ANNO_INIZIO,ANNO_FINE,COEFF_TARA,LOCALE,FG_SUCCESSIONE,COD_FAM_BOTANICA,COD_COLTURA,EXT_CODE) 
values ('20210','MELE DA TAVOLA (cod. Agea: 441-000)','360','000',null,null,null,to_date('01/01/2010 00:00:00','dd/mm/yyyy hh24:mi:ss'),to_date('31/12/9999 00:00:00','dd/mm/yyyy hh24:mi:ss'),null,'441',null,null,'2009','9999','1','it','N',null,'360-441-000','360-441-000');
Insert into TCOLTURA_LANG (ID_COLTURA,DE_COLTURA,CODUAGEA,CODVAGEA,COD_ELE,COD_UTIL,COD_VARI,DT_INIZIO,DT_FINE,DE_UAGEA,CODPAGEA,DE_PAGEA,DE_VAGEA,ANNO_INIZIO,ANNO_FINE,COEFF_TARA,LOCALE,FG_SUCCESSIONE,COD_FAM_BOTANICA,COD_COLTURA,EXT_CODE) 
values ('22591','Prati e pascoli seminabili, esclusi i pascoli magri  (superficie non avvicendata per almeno 5 anni) - PRATO POLIFITA - NON AVVICENDATO PER ALMENO 5 ANNI (SFALCIATO) - PERMANENTE -','080','052',null,null,null,to_date('01/01/2010 00:00:00','dd/mm/yyyy hh24:mi:ss'),to_date('31/12/9999 00:00:00','dd/mm/yyyy hh24:mi:ss'),null,'336',null,null,'2015','9999','1','it','N',null,'080-336-052','080-336-052');
Insert into TCOLTURA_LANG (ID_COLTURA,DE_COLTURA,CODUAGEA,CODVAGEA,COD_ELE,COD_UTIL,COD_VARI,DT_INIZIO,DT_FINE,DE_UAGEA,CODPAGEA,DE_PAGEA,DE_VAGEA,ANNO_INIZIO,ANNO_FINE,COEFF_TARA,LOCALE,FG_SUCCESSIONE,COD_FAM_BOTANICA,COD_COLTURA,EXT_CODE) 
values ('23767','Elementi caratteristici del paesaggio - MARGINI DEI CAMPI SEMINABILI -  -','780','000',null,null,null,to_date('01/01/2010 00:00:00','dd/mm/yyyy hh24:mi:ss'),to_date('31/12/9999 00:00:00','dd/mm/yyyy hh24:mi:ss'),null,'386',null,null,'2015','9999','1','it','N',null,'780-386-000','780-386-000');
Insert into TCOLTURA_LANG (ID_COLTURA,DE_COLTURA,CODUAGEA,CODVAGEA,COD_ELE,COD_UTIL,COD_VARI,DT_INIZIO,DT_FINE,DE_UAGEA,CODPAGEA,DE_PAGEA,DE_VAGEA,ANNO_INIZIO,ANNO_FINE,COEFF_TARA,LOCALE,FG_SUCCESSIONE,COD_FAM_BOTANICA,COD_COLTURA,EXT_CODE) 
values ('23814','Elementi caratteristici del paesaggio - FASCE TAMPONE NON RIPARIALI - SOLCHI INERBITI -','780','001',null,null,null,to_date('01/01/2010 00:00:00','dd/mm/yyyy hh24:mi:ss'),to_date('31/12/9999 00:00:00','dd/mm/yyyy hh24:mi:ss'),null,'792',null,null,'2015','9999','1','it','N',null,'780-792-001','780-792-001');
Insert into TCOLTURA_LANG (ID_COLTURA,DE_COLTURA,CODUAGEA,CODVAGEA,COD_ELE,COD_UTIL,COD_VARI,DT_INIZIO,DT_FINE,DE_UAGEA,CODPAGEA,DE_PAGEA,DE_VAGEA,ANNO_INIZIO,ANNO_FINE,COEFF_TARA,LOCALE,FG_SUCCESSIONE,COD_FAM_BOTANICA,COD_COLTURA,EXT_CODE) 
values ('23827','Uso non agricolo - Tare ed incolti (aree occupate capezzagne, cave, terre sterili, ecc.) - USO NON AGRICOLO - TARE  -  -','840','000',null,null,null,to_date('01/01/2010 00:00:00','dd/mm/yyyy hh24:mi:ss'),to_date('31/12/9999 00:00:00','dd/mm/yyyy hh24:mi:ss'),null,'780',null,null,'2015','9999','1','it','N',null,'840-780-000','840-780-000');
Insert into TCOLTURA_LANG (ID_COLTURA,DE_COLTURA,CODUAGEA,CODVAGEA,COD_ELE,COD_UTIL,COD_VARI,DT_INIZIO,DT_FINE,DE_UAGEA,CODPAGEA,DE_PAGEA,DE_VAGEA,ANNO_INIZIO,ANNO_FINE,COEFF_TARA,LOCALE,FG_SUCCESSIONE,COD_FAM_BOTANICA,COD_COLTURA,EXT_CODE) 
values ('23828','Uso non agricolo - Fabbricati (aree occupate da fabbricati, giardini ornamentali, cortili, strade, ecc.) - MANUFATTI -  -','880','000',null,null,null,to_date('01/01/2010 00:00:00','dd/mm/yyyy hh24:mi:ss'),to_date('31/12/9999 00:00:00','dd/mm/yyyy hh24:mi:ss'),null,'995',null,null,'2015','9999','1','it','N',null,'880-995-000','880-995-000');

Insert into COLTURE_CODICI_3_5 (ID_COLTURA,DE_COLTURA,CODUAGEA,CODPAGEA,CODVAGEA,COEFF_TARA,ANNO,CODI_PROD,CODI_DEST_USO,CODI_USO,CODI_QUAL,CODI_LIVE,CODI_VARI) 
values ('822','VITE DA VINO - UVA DA VINO - UVA DA VINO','210','163','000','1','2018','410','009','000','000','121','000');

Insert into TCLC_DEF_CALCOLO (ID_DEF_CALCOLO, DS_CALCOLO, COD_CALCOLO) values (151,'Calcolo DU 2017 Saldo BGG','DU_2017_SALDO_BGG');

INSERT INTO TCLC_REGISTRO (ID_CALCOLO, COD_OGGETTO, SCO_OGGETTO, ID_DEF_CALCOLO, DT_CALCOLO, PARAMETRI, UTENTE)
 VALUES (123456, 'OGGFAS', '000024', 151, to_date('04/06/2017 14:23:53', 'dd/mm/yyyy hh24:mi:ss'), 'ID_DOMANDA=162581', 'ADMIN');
 
Insert into VCLC_REGISTRO_PARAMS (ID_CALCOLO, NOME, VALORE) values (123456,'ID_DOMANDA','162581');

INSERT INTO VCLC_RISULTATO_CALCOLO(ID_DOMANDA,ID_CALCOLO,DT_CALCOLO,TIPO_CALCOLO,VARIABILE,DS_VARIABILE,VALORE,VALORE_CHAR,ORDINE,COD_GRUPPO,FG_TOTALE)
VALUES (162581, 123456, to_date('04/06/2017 14:23:53', 'dd/mm/yyyy hh24:mi:ss'), 'DEFAULT', 'ID_DECR', 'Riferimento per calcolo', '21066', '21066', 1, 'VARI', 'N');

INSERT INTO VCLC_RISULTATO_CALCOLO(ID_DOMANDA,ID_CALCOLO,DT_CALCOLO,TIPO_CALCOLO,VARIABILE,DS_VARIABILE,VALORE,VALORE_CHAR,ORDINE,COD_GRUPPO,FG_TOTALE)
VALUES (162581, 123456, to_date('04/06/2017 14:23:53', 'dd/mm/yyyy hh24:mi:ss'), 'DEFAULT', 'VALMEDTITO', 'Valore Medio Titoli', '74.74', '74.74', 2, 'TITO', 'N');

INSERT INTO VCLC_RISULTATO_CALCOLO(ID_DOMANDA,ID_CALCOLO,DT_CALCOLO,TIPO_CALCOLO,VARIABILE,DS_VARIABILE,VALORE,VALORE_CHAR,ORDINE,COD_GRUPPO,FG_TOTALE)
VALUES (162581, 123456, to_date('04/06/2017 14:23:53', 'dd/mm/yyyy hh24:mi:ss'), 'DEFAULT', 'SUPETITO2017', 'Superficie Totale Titoli Ordinari 2017', '3.17', '3.17', 3, 'TITO', 'N');


-- INSERT nella tabella TQDO_DU_ALLEVAMENTO_INTERVENTO
Insert into TQDO_DU_ALLEVAMENTO_INTERVENTO (PKID,DT_INSERT,DT_DELETE,ID_SOGGETTO,ID_UTE,ID_INTERVENTO,ID_ALLEVAMENTO,COD_FONTE_DATI,SCO_FONTE_DATI,DT_INIZIO,DT_FINE,FG_VALIDO_INIZIO,FG_VALIDO_FINE,ID_ATTO_INIZIO,ID_ATTO_FINE,DT_ULTIMO_AGG,UTENTE,ID_DOMANDA) 
values ('15594',to_date('18/05/2018 09:24:59','dd/mm/yyyy  HH24:MI:SS'),to_date('31/12/9999 00:00:00','dd/mm/yyyy  HH24:MI:SS'),'1403',null,'1015','11063','FONDAT','000001',to_date('01/01/2018 00:00:00','dd/mm/yyyy  HH24:MI:SS'),to_date('31/12/2018 00:00:00','dd/mm/yyyy  HH24:MI:SS'),'N','S',null,null,to_date('18/05/2018 09:24:59','dd/mm/yyyy  HH24:MI:SS'),'AMASCHER','186889');

-- INSERT nella tabella TALLEVAMENTO
Insert into TALLEVAMENTO (PKID,DT_INSERT,DT_DELETE,ID_SOGGETTO,ID_UTE,ID_ALLEVAMENTO,COD_ID_AZIENDALE,COD_ID_BDN,DE_ALLEVAMENTO,COD_SPECIE,SCO_SPECIE,COD_PROD_ALLEV,SCO_PROD_ALLEV,COD_ASL,SCO_ASL,ISTATP,ISTATC,COD_NAZIONALE,FOGLIO,PARTICELLA,SUB,LOCALITA,INDIRIZZO,TELEFONO,DT_CHIUSURA,FG_SOCCIDA,FG_AUT_LATTE,FG_LIBRO_GEN,CAPI_TOTALI,DT_CALC_CAPI,CAPIENZA_CAPI,FG_PRESTITO,FG_RURALE,COD_FONTE_DATI,SCO_FONTE_DATI,DT_INIZIO,DT_FINE,FG_VALIDO_INIZIO,FG_VALIDO_FINE,ID_ATTO_INIZIO,ID_ATTO_FINE,DT_ULTIMO_AGG,UTENTE,COD_FISC_PROPR,DENOM_PROPR,COD_FISC_DETENT,DENOM_DETENT,NOTE,ID_PARTICELLA,FG_MAIN) 
values ('88804',to_date('05/05/2018 17:19:22','dd/mm/yyyy  HH24:MI:SS'),to_date('31/12/9999 00:00:00','dd/mm/yyyy  HH24:MI:SS'),'1403',null,'11063','006TN119','2527809','BONORA ANDREA','SPEALL','000004','PROALL','000002','AZISAN','999999','022','006',null,null,null,null,'PRATO SAIANO','ARCO',null,null,'N','N','N','2',to_date('31/05/2018 00:00:00','dd/mm/yyyy  HH24:MI:SS'),null,'N','N','FONDAT','000004',to_date('20/02/2006 00:00:00','dd/mm/yyyy  HH24:MI:SS'),to_date('31/12/9999 00:00:00','dd/mm/yyyy  HH24:MI:SS'),'S','N',null,null,to_date('05/06/2018 17:19:22','dd/mm/yyyy  HH24:MI:SS'),'ADMIN','BNRNDR86B08H330Q','BONORA ANDREA','BNRNDR86B08H330Q','BONORA ANDREA',null,null,null);

Insert into TDECODIFICA_LANGUAGE (CODICE,SOTTO_CODICE,LOCALE,DS_DECODIFICA,DE_DECODIFICA,FG_SISTEMA,ORDINE,FG_CESSATO) 
values ('SPEALL','000004','it','BOVINI','0121','S',null,'N');

Insert into SITICOMU_ISTAT (ISTATP,ISTATC,NOME,DENO_PROV,SIGLA_PROV,ISTATR,CODI_FISC_LUNA,CAP,USL,ATTIVO,NOME_INT,DENO_PROV_INT) 
values ('022','006','ARCO','TRENTO','TN','04','A372','38062',null,'Y','ARCO','TRENTO');

Insert into SITICOMU_ISTAT (ISTATP,ISTATC,NOME,DENO_PROV,SIGLA_PROV,ISTATR,CODI_FISC_LUNA,CAP,USL,ATTIVO,NOME_INT,DENO_PROV_INT) 
values ('022','153','RIVA DEL GARDA','TRENTO','TN','04','H330','38066',null,'Y','RIVA DEL GARDA','TRENTO');

Insert into SITICOMU (COD_NAZIONALE, CODI_FISC_LUNA, NOME_COMUNE) 
values ('H330', 'H330', 'RIVA DEL GARDA');

Insert into SITICOMU (COD_NAZIONALE, CODI_FISC_LUNA, NOME_COMUNE) 
values ('A372', 'A372', 'ARCO');

-- Popolamento tabella SSO_USERS
Insert into SSO_USERS (USERID,PASSWORD,DESCR,IS_LOCKED,CREATED_ON,PASSWORD_LAST_MODIFIED_ON,USR_LOCALE,DATE_FORMAT,FL_INTERNAL,PARENT_USERID,IS_PARENT) values ('ACR0000060','4657b1c3ffee26834874d8638f116fd0','SIMONI FEDERICO (SMNFRC88P06L378S)','N',to_date('29-06-2012','dd/mm/yyyy'),to_date('01-01-2014','dd/mm/yyyy'),'it','dd/MM/yyyy','Y',null,'0');
Insert into SSO_USERS (USERID,PASSWORD,DESCR,IS_LOCKED,CREATED_ON,PASSWORD_LAST_MODIFIED_ON,USR_LOCALE,DATE_FORMAT,FL_INTERNAL,PARENT_USERID,IS_PARENT) values ('ACR0000061','38c38763753e8b844f27f4afefc36eee','SIMONI FEDERICO (SMNFRC88P06L378S)','N',to_date('29-06-2012','dd/mm/yyyy'),to_date('01-01-2014','dd/mm/yyyy'),'it','dd/MM/yyyy','Y',null,'0');
Insert into SSO_USERS (USERID,PASSWORD,DESCR,IS_LOCKED,CREATED_ON,PASSWORD_LAST_MODIFIED_ON,USR_LOCALE,DATE_FORMAT,FL_INTERNAL,PARENT_USERID,IS_PARENT) values ('ACR0000071','a2daebcf0e0a65986d54336cd056eca9','SIMONI FEDERICO (SMNFRC88P06L378S)','N',to_date('06-07-2012','dd/mm/yyyy'),to_date('01-01-2014','dd/mm/yyyy'),'it','dd/MM/yyyy','Y',null,'0');
Insert into SSO_USERS (USERID,PASSWORD,DESCR,IS_LOCKED,CREATED_ON,PASSWORD_LAST_MODIFIED_ON,USR_LOCALE,DATE_FORMAT,FL_INTERNAL,PARENT_USERID,IS_PARENT) values ('ACR0000316','b798baa67fa691f0c9ce5b882f68665e','TORRESANI SERGIO (TRRSRG66D28C794B)','N',to_date('07-02-2013','dd/mm/yyyy'),to_date('01-01-2014','dd/mm/yyyy'),'it','dd/MM/yyyy','Y',null,'0');
Insert into SSO_USERS (USERID,PASSWORD,DESCR,IS_LOCKED,CREATED_ON,PASSWORD_LAST_MODIFIED_ON,USR_LOCALE,DATE_FORMAT,FL_INTERNAL,PARENT_USERID,IS_PARENT) values ('FLROSSI','207be7eb641496396f4b9891da30f393','ROSSI FLORA','Y',to_date('22-02-2010','dd/mm/yyyy'),to_date('08-06-2015','dd/mm/yyyy'),'it','dd/MM/yyyy','Y',null,'0');

Insert into SSO_USERS_PROPERTIES (NAME,CONTENT,USERID,SKIP_AGG_GU) values ('EMAIL','MASOCANTANGHEL@PEC.IT','ACR0000071',null);
Insert into SSO_USERS_PROPERTIES (NAME,CONTENT,USERID,SKIP_AGG_GU) values ('COD_FISCALE','SMNFRC88P06L378S','ACR0000071',null);
Insert into SSO_USERS_PROPERTIES (NAME,CONTENT,USERID,SKIP_AGG_GU) values ('COGNOME','SIMONI','ACR0000071',null);
Insert into SSO_USERS_PROPERTIES (NAME,CONTENT,USERID,SKIP_AGG_GU) values ('NOME','FEDERICO','ACR0000071',null);
Insert into SSO_USERS_PROPERTIES (NAME,CONTENT,USERID,SKIP_AGG_GU) values ('COD_FISCALE','SMNFRC88P06L378S','ACR0000061',null);
Insert into SSO_USERS_PROPERTIES (NAME,CONTENT,USERID,SKIP_AGG_GU) values ('COGNOME','SIMONI','ACR0000061',null);
Insert into SSO_USERS_PROPERTIES (NAME,CONTENT,USERID,SKIP_AGG_GU) values ('NOME','FEDERICO','ACR0000061',null);
Insert into SSO_USERS_PROPERTIES (NAME,CONTENT,USERID,SKIP_AGG_GU) values ('EMAIL','MASOCANTANGHEL@PEC.IT','ACR0000061',null);
Insert into SSO_USERS_PROPERTIES (NAME,CONTENT,USERID,SKIP_AGG_GU) values ('EMAIL','MASOCANTANGHEL@PEC.IT','ACR0000060',null);
Insert into SSO_USERS_PROPERTIES (NAME,CONTENT,USERID,SKIP_AGG_GU) values ('COD_FISCALE','SMNFRC88P06L378S','ACR0000060',null);
Insert into SSO_USERS_PROPERTIES (NAME,CONTENT,USERID,SKIP_AGG_GU) values ('COGNOME','SIMONI','ACR0000060',null);
Insert into SSO_USERS_PROPERTIES (NAME,CONTENT,USERID,SKIP_AGG_GU) values ('NOME','FEDERICO','ACR0000060',null);
Insert into SSO_USERS_PROPERTIES (NAME,CONTENT,USERID,SKIP_AGG_GU) values ('EMAIL','SERGIO.TORRESANI@VIRGILIO.IT','ACR0000316',null);
Insert into SSO_USERS_PROPERTIES (NAME,CONTENT,USERID,SKIP_AGG_GU) values ('COD_FISCALE','TRRSRG66D28C794B','ACR0000316',null);
Insert into SSO_USERS_PROPERTIES (NAME,CONTENT,USERID,SKIP_AGG_GU) values ('COGNOME','TORRESANI','ACR0000316',null);
Insert into SSO_USERS_PROPERTIES (NAME,CONTENT,USERID,SKIP_AGG_GU) values ('NOME','SERGIO','ACR0000316',null);
Insert into SSO_USERS_PROPERTIES (NAME,CONTENT,USERID,SKIP_AGG_GU) values ('NUM_TELEFONO',null,'FLROSSI',null);
Insert into SSO_USERS_PROPERTIES (NAME,CONTENT,USERID,SKIP_AGG_GU) values ('EMAIL',null,'FLROSSI',null);
Insert into SSO_USERS_PROPERTIES (NAME,CONTENT,USERID,SKIP_AGG_GU) values ('COD_FISCALE','RSSFLR57S64E048J','FLROSSI',null);
Insert into SSO_USERS_PROPERTIES (NAME,CONTENT,USERID,SKIP_AGG_GU) values ('NOME','FLORA','FLROSSI',null);
Insert into SSO_USERS_PROPERTIES (NAME,CONTENT,USERID,SKIP_AGG_GU) values ('COGNOME','ROSSI','FLROSSI',null);

-- Popolamento tabella TMAPPING_INTERVENTI_AGEA_AGS
INSERT INTO TMAPPING_INTERVENTI_AGEA_AGS VALUES ('026', 'BPS',	18,	'BPS1', 'PI2014');
INSERT INTO TMAPPING_INTERVENTI_AGEA_AGS VALUES ('122', 'SOIA',	26,	'SOIA', 'PI2014');
INSERT INTO TMAPPING_INTERVENTI_AGEA_AGS VALUES ('123', 'CPROT',	21,	'CPROT', 'PI2014');
INSERT INTO TMAPPING_INTERVENTI_AGEA_AGS VALUES ('124', 'GDURO',	20,	'GDURO', 'PI2014');
INSERT INTO TMAPPING_INTERVENTI_AGEA_AGS VALUES ('125', 'LEGUMIN',	35,	'LEGUMIN', 'PI2014');
INSERT INTO TMAPPING_INTERVENTI_AGEA_AGS VALUES ('126', 'RISONE',	22,	'RISONE', 'PI2014');
INSERT INTO TMAPPING_INTERVENTI_AGEA_AGS VALUES ('127', 'BARBAB',	23,	'BARBAB', 'PI2014');
INSERT INTO TMAPPING_INTERVENTI_AGEA_AGS VALUES ('128', 'POMOD',	24,	'POMOD', 'PI2014');
INSERT INTO TMAPPING_INTERVENTI_AGEA_AGS VALUES ('129', 'OLIO',	19,	'OLIO', 'PI2014');
INSERT INTO TMAPPING_INTERVENTI_AGEA_AGS VALUES ('132', 'OLIVE_PEND75',	151, 'OLIVE_PEND75', 'PI2014');
INSERT INTO TMAPPING_INTERVENTI_AGEA_AGS VALUES ('138', 'OLIVE_DISC',	33,	'OLIVE_DISC', 'PI2014');

-- INSERT nelle tabelle dello schema SITI
set schema SITI;

insert into CONS_CUAA_ENTE (PK_CUAA, DATA_INIZIO, DATA_FINE, COD_ENTE, DATA_RICHIESTA, ID_ATTO_INIZIO, ID_ATTO_FINE, ID_ASSOCIAZIONE, TIPO_ASSOCIAZIONE, FLAG_GESTIONE, NOTE, DETENTORE, FL_DETENTORE)
values (17, to_date('10/12/2009', 'dd/mm/yyyy'), to_date('31/12/2999 23:59:59', 'dd/mm/yyyy hh24:mi:ss'), 20, to_date('01/01/1900', 'dd/mm/yyyy'), null, null, 17, 'MAN', 'S', ' RINNOVO AUTOMATICO 2012 RINNOVO AUTOMATICO 2013 RINNOVO AUTOMATICO 2014 RINNOVO AUTOMATICO 2015 RINNOVO AUTOMATICO 2016 RINNOVO AUTOMATICO 2017 RINNOVO AUTOMATICO 2018', null, 1);

insert into CONS_CUAA_ENTE (PK_CUAA, DATA_INIZIO, DATA_FINE, COD_ENTE, DATA_RICHIESTA, ID_ATTO_INIZIO, ID_ATTO_FINE, ID_ASSOCIAZIONE, TIPO_ASSOCIAZIONE, FLAG_GESTIONE, NOTE, DETENTORE, FL_DETENTORE)
values (1647, to_date('01/01/2013', 'dd/mm/yyyy'), to_date('31/12/2999 23:59:59', 'dd/mm/yyyy hh24:mi:ss'), 778, to_date('28/11/2012', 'dd/mm/yyyy'), 1320750, null, 55624, 'MAN', 'S', ' RINNOVO AUTOMATICO 2014 RINNOVO AUTOMATICO 2015 RINNOVO AUTOMATICO 2016 RINNOVO AUTOMATICO 2017 RINNOVO AUTOMATICO 2018', null, 1);

insert into CONS_CUAA_ENTE (PK_CUAA, DATA_INIZIO, DATA_FINE, COD_ENTE, DATA_RICHIESTA, ID_ATTO_INIZIO, ID_ATTO_FINE, ID_ASSOCIAZIONE, TIPO_ASSOCIAZIONE, FLAG_GESTIONE, NOTE, DETENTORE, FL_DETENTORE)
values (15697, to_date('01/01/2003', 'dd/mm/yyyy'), to_date('31/12/2999 23:59:59', 'dd/mm/yyyy hh24:mi:ss'), 4, to_date('01/01/1900', 'dd/mm/yyyy'), null, null, 15697, 'MAN', 'S', ' RINNOVO AUTOMATICO 2012 RINNOVO AUTOMATICO 2013 RINNOVO AUTOMATICO 2014 RINNOVO AUTOMATICO 2015 RINNOVO AUTOMATICO 2016 RINNOVO AUTOMATICO 2017 RINNOVO AUTOMATICO 2018', null, 1);

insert into CONS_CUAA_ENTE (PK_CUAA, DATA_INIZIO, DATA_FINE, COD_ENTE, DATA_RICHIESTA, ID_ATTO_INIZIO, ID_ATTO_FINE, ID_ASSOCIAZIONE, TIPO_ASSOCIAZIONE, FLAG_GESTIONE, NOTE, DETENTORE, FL_DETENTORE)
values (37960, to_date('15/10/2012', 'dd/mm/yyyy'), to_date('31/12/2999 23:59:59', 'dd/mm/yyyy hh24:mi:ss'), 20, to_date('15/10/2012', 'dd/mm/yyyy'), 1318655, null, 55452, 'MAN', 'S', ' RINNOVO AUTOMATICO 2013 RINNOVO AUTOMATICO 2014 RINNOVO AUTOMATICO 2015 RINNOVO AUTOMATICO 2016 RINNOVO AUTOMATICO 2017 RINNOVO AUTOMATICO 2018', null, 1);

insert into CONS_CUAA_ENTE (PK_CUAA, DATA_INIZIO, DATA_FINE, COD_ENTE, DATA_RICHIESTA, ID_ATTO_INIZIO, ID_ATTO_FINE, ID_ASSOCIAZIONE, TIPO_ASSOCIAZIONE, FLAG_GESTIONE, NOTE, DETENTORE, FL_DETENTORE)
values (60843, to_date('10/04/2015', 'dd/mm/yyyy'), to_date('31/12/2999 23:59:59', 'dd/mm/yyyy hh24:mi:ss'), 19, to_date('10/04/2015', 'dd/mm/yyyy'), 1467353, null, 91155, 'MAN', 'S', ' RINNOVO AUTOMATICO 2016 RINNOVO AUTOMATICO 2017 RINNOVO AUTOMATICO 2018', null, 1);

insert into CONS_CUAA_ENTE (PK_CUAA, DATA_INIZIO, DATA_FINE, COD_ENTE, DATA_RICHIESTA, ID_ATTO_INIZIO, ID_ATTO_FINE, ID_ASSOCIAZIONE, TIPO_ASSOCIAZIONE, FLAG_GESTIONE, NOTE, DETENTORE, FL_DETENTORE)
values (64123, to_date('03/08/2015', 'dd/mm/yyyy'), to_date('31/12/2999 23:59:59', 'dd/mm/yyyy hh24:mi:ss'), 7, to_date('03/08/2015', 'dd/mm/yyyy'), 1493726, null, 91839, 'MAN', 'S', ' RINNOVO AUTOMATICO 2016 RINNOVO AUTOMATICO 2017 RINNOVO AUTOMATICO 2018', null, 1);

insert into CONS_CUAA_ENTE (PK_CUAA, DATA_INIZIO, DATA_FINE, COD_ENTE, DATA_RICHIESTA, ID_ATTO_INIZIO, ID_ATTO_FINE, ID_ASSOCIAZIONE, TIPO_ASSOCIAZIONE, FLAG_GESTIONE, NOTE, DETENTORE, FL_DETENTORE)
values (2800, to_date('26/03/2008', 'dd/mm/yyyy'), to_date('31/12/2999 23:59:59', 'dd/mm/yyyy hh24:mi:ss'), 20, to_date('01/01/1900', 'dd/mm/yyyy'), null, null, 2800, 'MAN', 'S', ' RINNOVO AUTOMATICO 2012 RINNOVO AUTOMATICO 2013 RINNOVO AUTOMATICO 2014 RINNOVO AUTOMATICO 2015 RINNOVO AUTOMATICO 2016 RINNOVO AUTOMATICO 2017 RINNOVO AUTOMATICO 2018', null, 1);

insert into CONS_CUAA_ENTE (PK_CUAA, DATA_INIZIO, DATA_FINE, COD_ENTE, DATA_RICHIESTA, ID_ATTO_INIZIO, ID_ATTO_FINE, ID_ASSOCIAZIONE, TIPO_ASSOCIAZIONE, FLAG_GESTIONE, NOTE, DETENTORE, FL_DETENTORE)
values (85305, to_date('09/11/2017', 'dd/mm/yyyy'), to_date('31/12/2999 23:59:59', 'dd/mm/yyyy hh24:mi:ss'), 20, to_date('09/11/2017', 'dd/mm/yyyy'), 1651302, null, 99313, 'MAN', 'S', ' RINNOVO AUTOMATICO 2018', null, 1);

insert into SITIENTE (COD_ENTE, DES_ENTE, DATA_INIZIO, DATA_FINE, INDIRIZZO, CAP, PROVINCIA, COMUNE, TELEFONO, E_MAIL, FAX, TIPOENTE, COD_FISCALE, COD_ENTE_SUP, CODI_TRAM, UTENTE, DATA_AGGIORNAMENTO)
values (4, 'CAA COLDIRETTI DEL TRENTINO - 003', to_date('01/01/1900', 'dd/mm/yyyy'), to_date('31/12/9999', 'dd/mm/yyyy'), 'PIAZZA GRANDA 18', '38023', 'TN', 'CLES', null, null, null, 'GESTORE', null, 50, '103022003', null, to_date('26/03/2015 18:58:36', 'dd/mm/yyyy hh24:mi:ss'));

insert into SITIENTE (COD_ENTE, DES_ENTE, DATA_INIZIO, DATA_FINE, INDIRIZZO, CAP, PROVINCIA, COMUNE, TELEFONO, E_MAIL, FAX, TIPOENTE, COD_FISCALE, COD_ENTE_SUP, CODI_TRAM, UTENTE, DATA_AGGIORNAMENTO)
values (20, 'CAA ATS - 001 - TRENTO', to_date('01/01/1900', 'dd/mm/yyyy'), to_date('31/12/9999', 'dd/mm/yyyy'), 'VIA GUARDINI 73', '38100', 'TN', 'TRENTO', null, null, null, 'GESTORE', null, 53, '105022001', null, to_date('26/03/2015 18:58:36', 'dd/mm/yyyy hh24:mi:ss'));

insert into SITIENTE (COD_ENTE, DES_ENTE, DATA_INIZIO, DATA_FINE, INDIRIZZO, CAP, PROVINCIA, COMUNE, TELEFONO, E_MAIL, FAX, TIPOENTE, COD_FISCALE, COD_ENTE_SUP, CODI_TRAM, UTENTE, DATA_AGGIORNAMENTO)
values (778, 'CAA ACLI - TRENTO - 006', to_date('21/05/2013', 'dd/mm/yyyy'), to_date('31/12/9999', 'dd/mm/yyyy'), 'VIA CARDUCCI, 3', '38051', 'TN', 'BORGO VALSUGANA', null, null, null, 'GESTORE', null, 51, '181022006', null, to_date('26/03/2015 18:58:36', 'dd/mm/yyyy hh24:mi:ss'));

insert into SITIENTE (COD_ENTE, DES_ENTE, DATA_INIZIO, DATA_FINE, INDIRIZZO, CAP, PROVINCIA, COMUNE, TELEFONO, E_MAIL, FAX, TIPOENTE, COD_FISCALE, COD_ENTE_SUP, CODI_TRAM, UTENTE, DATA_AGGIORNAMENTO)
values (7, 'CAA COLDIRETTI DEL TRENTINO - 006', to_date('01/01/1900', 'dd/mm/yyyy'), to_date('31/12/9999', 'dd/mm/yyyy'), 'VIA S. CATERINA 60/A', '38062', 'TN', 'ARCO', null, null, null, 'GESTORE', null, 50, '103022006', null, to_date('26/03/2015 18:58:36', 'dd/mm/yyyy hh24:mi:ss'));

insert into SITIENTE (COD_ENTE, DES_ENTE, DATA_INIZIO, DATA_FINE, INDIRIZZO, CAP, PROVINCIA, COMUNE, TELEFONO, E_MAIL, FAX, TIPOENTE, COD_FISCALE, COD_ENTE_SUP, CODI_TRAM, UTENTE, DATA_AGGIORNAMENTO)
values (19, 'CAA CIA - CLES - 002', to_date('01/01/1900', 'dd/mm/yyyy'), to_date('31/12/9999', 'dd/mm/yyyy'), 'VIA DALLAFIOR 40', '38023', 'TN', 'CLES', null, null, null, 'GESTORE', null, 52, '107022002', null, to_date('26/03/2015 18:58:36', 'dd/mm/yyyy hh24:mi:ss'));

insert into SITIENTE (COD_ENTE,DES_ENTE,DATA_INIZIO,DATA_FINE,INDIRIZZO,CAP,PROVINCIA,COMUNE,TELEFONO,E_MAIL,FAX,TIPOENTE,COD_FISCALE,COD_ENTE_SUP,CODI_TRAM,UTENTE,DATA_AGGIORNAMENTO) 
values ('12','CAA COLDIRETTI DEL TRENTINO - 011',to_date('01/01/1900 00:00:00','dd/mm/yyyy  HH24:MI:SS'),to_date('31/12/9999 00:00:00','dd/mm/yyyy  HH24:MI:SS'),'VIA ROTALIANA 23','38017','TN','MEZZOLOMBARDO',null,null,null,'GESTORE',null,'50','103022011',null,to_date('26/03/2015 18:58:36','dd/mm/yyyy  HH24:MI:SS'));

insert into SITIENTE (COD_ENTE,DES_ENTE,DATA_INIZIO,DATA_FINE,INDIRIZZO,CAP,PROVINCIA,COMUNE,TELEFONO,E_MAIL,FAX,TIPOENTE,COD_FISCALE,COD_ENTE_SUP,CODI_TRAM,UTENTE,DATA_AGGIORNAMENTO) 
values ('106','CAA FUORI PROVINCIA',to_date('21/10/2011 00:00:00','dd/mm/yyyy  HH24:MI:SS'),to_date('31/12/9999 00:00:00','dd/mm/yyyy  HH24:MI:SS'),null,null,null,null,null,null,null,'GESTORE',null,null,'999106',null,to_date('26/03/2015 18:58:36','dd/mm/yyyy  HH24:MI:SS'));


insert into CONS_CUAA_ENTE (PK_CUAA, DATA_INIZIO, DATA_FINE, COD_ENTE, DATA_RICHIESTA, ID_ATTO_INIZIO, ID_ATTO_FINE, ID_ASSOCIAZIONE, TIPO_ASSOCIAZIONE, FLAG_GESTIONE, NOTE, DETENTORE, FL_DETENTORE)
values (72586, to_date('18/05/2016', 'dd/mm/yyyy'), to_date('31/12/2999 23:59:59', 'dd/mm/yyyy hh24:mi:ss'), 1, to_date('18/05/2016', 'dd/mm/yyyy'), null, null, 94794, 'DEL', 'S', ' RINNOVO AUTOMATICO 2017 RINNOVO AUTOMATICO 2018 RINNOVO AUTOMATICO 2019', null, 1);

Insert into CONS_CUAA_ENTE
   (PK_CUAA, DATA_INIZIO, DATA_FINE, COD_ENTE, DATA_RICHIESTA, 
    ID_ASSOCIAZIONE, TIPO_ASSOCIAZIONE, FLAG_GESTIONE, FL_DETENTORE)
 Values
   (92565, TO_DATE('07/02/2016 00:00:00', 'MM/DD/YYYY HH24:MI:SS'), TO_DATE('12/31/9999 00:00:00', 'MM/DD/YYYY HH24:MI:SS'), 106, TO_DATE('06/14/2018 10:32:12', 'MM/DD/YYYY HH24:MI:SS'), 
    100715, 'MAN', 'S', 1);
COMMIT;
Insert into CONS_CUAA_ENTE
   (PK_CUAA, DATA_INIZIO, DATA_FINE, COD_ENTE, DATA_RICHIESTA, 
    ID_ATTO_INIZIO, ID_ASSOCIAZIONE, TIPO_ASSOCIAZIONE, FLAG_GESTIONE, NOTE, 
    FL_DETENTORE)
 Values
   (92565, TO_DATE('06/13/2018 00:00:00', 'MM/DD/YYYY HH24:MI:SS'), TO_DATE('12/31/9999 23:59:59', 'MM/DD/YYYY HH24:MI:SS'), 20, TO_DATE('06/13/2018 00:00:00', 'MM/DD/YYYY HH24:MI:SS'), 
    1707306, 100712, 'DEL', 'S', ' RINNOVO AUTOMATICO 2019', 
    1);


-- Popolamento tabella SITIFILE_DOCUMENTI_CAMPI_EXT
insert into SITIFILE_DOCUMENTI_CAMPI_EXT (FKID_DOC,CHK211_1,CHK211_2,CHK211_3,CHK211_4,PKID_PK) 
values ('1859467','S','S','S','S','100000');

-- Popolamento tabella SITIFILE_ATTI_DOC
insert into SITIFILE_ATTI_DOC (FKID_ATTO,FKID_DOC,NOTE,UTENTE_INS,DATA_AGGIORNAMENTO,UTENTE_FINE,DATA_INIZIO_VAL,DATA_FINE_VAL) 
values ('1678195','1859467',null,'null',to_date('26/04/2018 15:26:17','dd/mm/yyyy HH24:MI:SS'),null,to_date('26/04/2018 15:26:17','dd/mm/yyyy HH24:MI:SS'),to_date('31/12/9999 00:00:00','dd/mm/yyyy HH24:MI:SS'));

-- Popolamento tabella SITIFILE_DOCUMENTI
insert into SITIFILE_DOCUMENTI (PKID_DOC,FKID_TIPO_DOC,DESCRIZIONE_BREVE,DATA_LAV,DATA_SCADENZA,COD_ARCHIVIAZIONE,UTENTE_INS,DATA_AGGIORNAMENTO,DESCRIZIONE_ESTESA,VALIDO,CHAIN_ID,DATA_INIZIO_VAL,DATA_FINE_VAL,UTENTE_FIN,LOCKED_BY,LOCK_DATE,PK_CUAA,OVL_ID) 
values ('1859467','359',null,to_date('26/04/2018 15:26:17','dd/mm/yyyy HH24:MI:SS'),null,null,'SZUECH',to_date('26/04/2018 15:26:17','dd/mm/yyyy HH24:MI:SS'),null,'Y','1859467',to_date('26/04/2018 15:26:17','dd/mm/yyyy HH24:MI:SS'),to_date('31/12/9999 00:00:00','dd/mm/yyyy HH24:MI:SS'),'SZUECH',null,null,'1','1');

-- Popolamento tabella SITIFILE_TIPIDOC
insert into SITIFILE_TIPIDOC (PKID_TIPO_DOC,DESCRIZIONE,DATA_AGGIORNAMENTO,FILE_RICHIESTO,URL_ESTERNO,EDITABILE,SYSTEM,HAS_DESCRIZIONE_BREVE,HAS_DESCRIZIONE_ESTESA,HAS_COD_ARCHIVIAZIONE,LEFT_COLUMN_PCT,RIGHT_COLUMN_PCT,HAS_DATA_SCADENZA,HAS_COD_SOGGETTO,DESCR_BREVE_REQUIRED,DESCR_ESTESA_REQUIRED,COD_ARCHIVIAZIONE_REQUIRED,DATA_SCADENZA_REQUIRED,CODICE,FIELDS_TABLE_NAME,ACL_ENABLED) 
values ('359','CHECKLIST DOMANDA UNICA',to_date('28/03/2011 11:35:14','dd/mm/yyyy HH24:MI:SS'),'N',null,'Y','N','N','N','N','30','70','N','Y','N','N','N','N',null,null,'N');

-- Popolamento tabella T_DU_UTILIZZO_GIS
Insert into T_DU_UTILIZZO_GIS (ID_DOMANDA,CUAA,COD_SETTORE,ANNO_RIFERIMENTO,ID_PARTICELLA,ATTIVITA_UTILIZZO,VERSIONE_UTILIZZO,ATTIVITA_PREMIO_PARTIC,VERSIONE_PREMIO_PARTIC,PROG_RIGA,COD_COLTURA,COD_VARIETA,COD_UTILIZZO,SUPERFICIE_UTILIZZ,COD_PREMIO,CODICE_INTERVENTO,SUB_INTERVENTO,CODICE_PRODOTTO,CODICE_VARIETA,DATA_PROTOCOLLO,COD_POSSESSO,SCO_POSSESSO,FG_P15,FG_P16,FG_P30,FG_P36,FG_P26,FG_SUPE_AMMI,CONTROLLO_LOCO,ID_ROW,CASO_PARTICOLARE,COD_NAZIONALE,FOGLIO,PARTICELLA,SUB,DATA_ULTIMO_RICALCOLO,DATA_CONTROLLO_GIS,DATA_INIZIO_IMP,DATA_FINE_IMP,NUM_PIANTE,SUPERFICIE_PC,FG_NOSEMI,CODI_PROV,CODI_COMU,SEZIONE,NUM_FOGLIO,NUM_PARTICELLA,SUBALTERNO,SUPERFICIE_CATA,FG_P36_10_PERC,FG_P15_PRE,FG_P16_PRE,FG_P30_PRE,FG_P36_PRE,FG_P26_PRE,FG_SUPE_AMMI_PRE,FG_TARA,FG_P18,SUPERFICIE_COLTIVATA,ID_ILO,FG_I15,FG_SUPE_AMMI_ILO,FG_I36,SUPE_ILO,ID_PARTICELLA_ORIG,FG_AN_COOR) 
values ('183380','BBBFBA66E31F187R','DU','2018','1712116',null,null,null,null,'3172220','210-163-000',null,'210',1.2019,'1','BPS1',null,'163','000',to_date('26/04/2018 15:26:20','dd/mm/yyyy hh24:mi:ss'),null,null,null,null,null,null,null,1.2019,'0','2502662006','0','F183','9999','00082','2',null,null,to_date('01/01/2018 00:00:00','dd/mm/yyyy hh24:mi:ss'),to_date('31/12/2018 00:00:00','dd/mm/yyyy hh24:mi:ss'),null,1.2019,null,'TMP','TMP',null,'9999','00082',null,'0',null,null,null,null,null,null,null,null,null,null,null,null,null,null,null,null,null);
Insert into T_DU_UTILIZZO_GIS (ID_DOMANDA,CUAA,COD_SETTORE,ANNO_RIFERIMENTO,ID_PARTICELLA,ATTIVITA_UTILIZZO,VERSIONE_UTILIZZO,ATTIVITA_PREMIO_PARTIC,VERSIONE_PREMIO_PARTIC,PROG_RIGA,COD_COLTURA,COD_VARIETA,COD_UTILIZZO,SUPERFICIE_UTILIZZ,COD_PREMIO,CODICE_INTERVENTO,SUB_INTERVENTO,CODICE_PRODOTTO,CODICE_VARIETA,DATA_PROTOCOLLO,COD_POSSESSO,SCO_POSSESSO,FG_P15,FG_P16,FG_P30,FG_P36,FG_P26,FG_SUPE_AMMI,CONTROLLO_LOCO,ID_ROW,CASO_PARTICOLARE,COD_NAZIONALE,FOGLIO,PARTICELLA,SUB,DATA_ULTIMO_RICALCOLO,DATA_CONTROLLO_GIS,DATA_INIZIO_IMP,DATA_FINE_IMP,NUM_PIANTE,SUPERFICIE_PC,FG_NOSEMI,CODI_PROV,CODI_COMU,SEZIONE,NUM_FOGLIO,NUM_PARTICELLA,SUBALTERNO,SUPERFICIE_CATA,FG_P36_10_PERC,FG_P15_PRE,FG_P16_PRE,FG_P30_PRE,FG_P36_PRE,FG_P26_PRE,FG_SUPE_AMMI_PRE,FG_TARA,FG_P18,SUPERFICIE_COLTIVATA,ID_ILO,FG_I15,FG_SUPE_AMMI_ILO,FG_I36,SUPE_ILO,ID_PARTICELLA_ORIG,FG_AN_COOR) 
values ('183380','BBBFBA66E31F187R','DU','2018','1718028',null,null,null,null,'3172221','210-163-000',null,'210',0.4581,'1','BPS1',null,'163','000',to_date('26/04/2018 15:26:20','dd/mm/yyyy hh24:mi:ss'),null,null,null,null,null,null,null,0.4581,'0','2502662008','0','F187','9999','01146',' ',null,null,to_date('01/01/2018 00:00:00','dd/mm/yyyy hh24:mi:ss'),to_date('31/12/2018 00:00:00','dd/mm/yyyy hh24:mi:ss'),null,0.4581,null,'TMP','TMP',null,'9999','01146',null,'0',null,null,null,null,null,null,null,null,null,null,null,null,null,null,null,null,null);
Insert into T_DU_UTILIZZO_GIS (ID_DOMANDA,CUAA,COD_SETTORE,ANNO_RIFERIMENTO,ID_PARTICELLA,ATTIVITA_UTILIZZO,VERSIONE_UTILIZZO,ATTIVITA_PREMIO_PARTIC,VERSIONE_PREMIO_PARTIC,PROG_RIGA,COD_COLTURA,COD_VARIETA,COD_UTILIZZO,SUPERFICIE_UTILIZZ,COD_PREMIO,CODICE_INTERVENTO,SUB_INTERVENTO,CODICE_PRODOTTO,CODICE_VARIETA,DATA_PROTOCOLLO,COD_POSSESSO,SCO_POSSESSO,FG_P15,FG_P16,FG_P30,FG_P36,FG_P26,FG_SUPE_AMMI,CONTROLLO_LOCO,ID_ROW,CASO_PARTICOLARE,COD_NAZIONALE,FOGLIO,PARTICELLA,SUB,DATA_ULTIMO_RICALCOLO,DATA_CONTROLLO_GIS,DATA_INIZIO_IMP,DATA_FINE_IMP,NUM_PIANTE,SUPERFICIE_PC,FG_NOSEMI,CODI_PROV,CODI_COMU,SEZIONE,NUM_FOGLIO,NUM_PARTICELLA,SUBALTERNO,SUPERFICIE_CATA,FG_P36_10_PERC,FG_P15_PRE,FG_P16_PRE,FG_P30_PRE,FG_P36_PRE,FG_P26_PRE,FG_SUPE_AMMI_PRE,FG_TARA,FG_P18,SUPERFICIE_COLTIVATA,ID_ILO,FG_I15,FG_SUPE_AMMI_ILO,FG_I36,SUPE_ILO,ID_PARTICELLA_ORIG,FG_AN_COOR) 
values ('183380','BBBFBA66E31F187R','DU','2018','1717885',null,null,null,null,'3172219','210-163-000',null,'210',0.2139,'1','BPS1',null,'163','000',to_date('26/04/2018 15:26:20','dd/mm/yyyy hh24:mi:ss'),null,null,null,null,null,null,null,0.2139,'0','2502662011','0','F187','9999','01191','1',null,null,to_date('01/01/2018 00:00:00','dd/mm/yyyy hh24:mi:ss'),to_date('31/12/2018 00:00:00','dd/mm/yyyy hh24:mi:ss'),null,0.2139,null,'TMP','TMP',null,'9999','01191',null,'0',null,null,null,null,null,null,null,null,null,null,null,null,null,null,null,null,null);
Insert into T_DU_UTILIZZO_GIS (ID_DOMANDA,CUAA,COD_SETTORE,ANNO_RIFERIMENTO,ID_PARTICELLA,ATTIVITA_UTILIZZO,VERSIONE_UTILIZZO,ATTIVITA_PREMIO_PARTIC,VERSIONE_PREMIO_PARTIC,PROG_RIGA,COD_COLTURA,COD_VARIETA,COD_UTILIZZO,SUPERFICIE_UTILIZZ,COD_PREMIO,CODICE_INTERVENTO,SUB_INTERVENTO,CODICE_PRODOTTO,CODICE_VARIETA,DATA_PROTOCOLLO,COD_POSSESSO,SCO_POSSESSO,FG_P15,FG_P16,FG_P30,FG_P36,FG_P26,FG_SUPE_AMMI,CONTROLLO_LOCO,ID_ROW,CASO_PARTICOLARE,COD_NAZIONALE,FOGLIO,PARTICELLA,SUB,DATA_ULTIMO_RICALCOLO,DATA_CONTROLLO_GIS,DATA_INIZIO_IMP,DATA_FINE_IMP,NUM_PIANTE,SUPERFICIE_PC,FG_NOSEMI,CODI_PROV,CODI_COMU,SEZIONE,NUM_FOGLIO,NUM_PARTICELLA,SUBALTERNO,SUPERFICIE_CATA,FG_P36_10_PERC,FG_P15_PRE,FG_P16_PRE,FG_P30_PRE,FG_P36_PRE,FG_P26_PRE,FG_SUPE_AMMI_PRE,FG_TARA,FG_P18,SUPERFICIE_COLTIVATA,ID_ILO,FG_I15,FG_SUPE_AMMI_ILO,FG_I36,SUPE_ILO,ID_PARTICELLA_ORIG,FG_AN_COOR) 
values ('183380','BBBFBA66E31F187R','DU','2018','1717545',null,null,null,null,'3172215','210-163-000',null,'210',0.5738,'1','BPS1',null,'163','000',to_date('26/04/2018 15:26:20','dd/mm/yyyy hh24:mi:ss'),null,null,null,null,null,null,null,0.5738,'0','2502662015','0','F187','9999','01241',' ',null,null,to_date('01/01/2018 00:00:00','dd/mm/yyyy hh24:mi:ss'),to_date('31/12/2018 00:00:00','dd/mm/yyyy hh24:mi:ss'),null,0.5738,null,'TMP','TMP',null,'9999','01241',null,'0',null,null,null,null,null,null,null,null,null,null,null,null,null,null,null,null,null);
Insert into T_DU_UTILIZZO_GIS (ID_DOMANDA,CUAA,COD_SETTORE,ANNO_RIFERIMENTO,ID_PARTICELLA,ATTIVITA_UTILIZZO,VERSIONE_UTILIZZO,ATTIVITA_PREMIO_PARTIC,VERSIONE_PREMIO_PARTIC,PROG_RIGA,COD_COLTURA,COD_VARIETA,COD_UTILIZZO,SUPERFICIE_UTILIZZ,COD_PREMIO,CODICE_INTERVENTO,SUB_INTERVENTO,CODICE_PRODOTTO,CODICE_VARIETA,DATA_PROTOCOLLO,COD_POSSESSO,SCO_POSSESSO,FG_P15,FG_P16,FG_P30,FG_P36,FG_P26,FG_SUPE_AMMI,CONTROLLO_LOCO,ID_ROW,CASO_PARTICOLARE,COD_NAZIONALE,FOGLIO,PARTICELLA,SUB,DATA_ULTIMO_RICALCOLO,DATA_CONTROLLO_GIS,DATA_INIZIO_IMP,DATA_FINE_IMP,NUM_PIANTE,SUPERFICIE_PC,FG_NOSEMI,CODI_PROV,CODI_COMU,SEZIONE,NUM_FOGLIO,NUM_PARTICELLA,SUBALTERNO,SUPERFICIE_CATA,FG_P36_10_PERC,FG_P15_PRE,FG_P16_PRE,FG_P30_PRE,FG_P36_PRE,FG_P26_PRE,FG_SUPE_AMMI_PRE,FG_TARA,FG_P18,SUPERFICIE_COLTIVATA,ID_ILO,FG_I15,FG_SUPE_AMMI_ILO,FG_I36,SUPE_ILO,ID_PARTICELLA_ORIG,FG_AN_COOR) 
values ('183380','BBBFBA66E31F187R','DU','2018','3552641',null,null,null,null,'3172222','210-163-000',null,'210',0.2909,'1','BPS1',null,'163','000',to_date('26/04/2018 15:26:20','dd/mm/yyyy hh24:mi:ss'),null,null,null,null,null,null,null,0.2909,'0','2502662020','0','F187','9999','01425','1D',null,null,to_date('01/01/2018 00:00:00','dd/mm/yyyy hh24:mi:ss'),to_date('31/12/2018 00:00:00','dd/mm/yyyy hh24:mi:ss'),null,0.2909,null,'TMP','TMP',null,'9999','01425',null,'0',null,null,null,null,null,null,null,null,null,null,null,null,null,null,null,null,null);
Insert into T_DU_UTILIZZO_GIS (ID_DOMANDA,CUAA,COD_SETTORE,ANNO_RIFERIMENTO,ID_PARTICELLA,ATTIVITA_UTILIZZO,VERSIONE_UTILIZZO,ATTIVITA_PREMIO_PARTIC,VERSIONE_PREMIO_PARTIC,PROG_RIGA,COD_COLTURA,COD_VARIETA,COD_UTILIZZO,SUPERFICIE_UTILIZZ,COD_PREMIO,CODICE_INTERVENTO,SUB_INTERVENTO,CODICE_PRODOTTO,CODICE_VARIETA,DATA_PROTOCOLLO,COD_POSSESSO,SCO_POSSESSO,FG_P15,FG_P16,FG_P30,FG_P36,FG_P26,FG_SUPE_AMMI,CONTROLLO_LOCO,ID_ROW,CASO_PARTICOLARE,COD_NAZIONALE,FOGLIO,PARTICELLA,SUB,DATA_ULTIMO_RICALCOLO,DATA_CONTROLLO_GIS,DATA_INIZIO_IMP,DATA_FINE_IMP,NUM_PIANTE,SUPERFICIE_PC,FG_NOSEMI,CODI_PROV,CODI_COMU,SEZIONE,NUM_FOGLIO,NUM_PARTICELLA,SUBALTERNO,SUPERFICIE_CATA,FG_P36_10_PERC,FG_P15_PRE,FG_P16_PRE,FG_P30_PRE,FG_P36_PRE,FG_P26_PRE,FG_SUPE_AMMI_PRE,FG_TARA,FG_P18,SUPERFICIE_COLTIVATA,ID_ILO,FG_I15,FG_SUPE_AMMI_ILO,FG_I36,SUPE_ILO,ID_PARTICELLA_ORIG,FG_AN_COOR)
values ('183380','BBBFBA66E31F187R','DU','2018','1715034',null,null,null,null,'3172216','210-163-000',null,'210',0.1932,'1','BPS1',null,'163','000',to_date('26/04/2018 15:26:20','dd/mm/yyyy hh24:mi:ss'),null,null,null,null,null,null,null,0.1932,'0','2502662026','0','F187','9999','01590',' ',null,null,to_date('01/01/2018 00:00:00','dd/mm/yyyy hh24:mi:ss'),to_date('31/12/2018 00:00:00','dd/mm/yyyy hh24:mi:ss'),null,0.1932,null,'TMP','TMP',null,'9999','01590',null,'0',null,null,null,null,null,null,null,null,null,null,null,null,null,null,null,null,null);
Insert into T_DU_UTILIZZO_GIS (ID_DOMANDA,CUAA,COD_SETTORE,ANNO_RIFERIMENTO,ID_PARTICELLA,ATTIVITA_UTILIZZO,VERSIONE_UTILIZZO,ATTIVITA_PREMIO_PARTIC,VERSIONE_PREMIO_PARTIC,PROG_RIGA,COD_COLTURA,COD_VARIETA,COD_UTILIZZO,SUPERFICIE_UTILIZZ,COD_PREMIO,CODICE_INTERVENTO,SUB_INTERVENTO,CODICE_PRODOTTO,CODICE_VARIETA,DATA_PROTOCOLLO,COD_POSSESSO,SCO_POSSESSO,FG_P15,FG_P16,FG_P30,FG_P36,FG_P26,FG_SUPE_AMMI,CONTROLLO_LOCO,ID_ROW,CASO_PARTICOLARE,COD_NAZIONALE,FOGLIO,PARTICELLA,SUB,DATA_ULTIMO_RICALCOLO,DATA_CONTROLLO_GIS,DATA_INIZIO_IMP,DATA_FINE_IMP,NUM_PIANTE,SUPERFICIE_PC,FG_NOSEMI,CODI_PROV,CODI_COMU,SEZIONE,NUM_FOGLIO,NUM_PARTICELLA,SUBALTERNO,SUPERFICIE_CATA,FG_P36_10_PERC,FG_P15_PRE,FG_P16_PRE,FG_P30_PRE,FG_P36_PRE,FG_P26_PRE,FG_SUPE_AMMI_PRE,FG_TARA,FG_P18,SUPERFICIE_COLTIVATA,ID_ILO,FG_I15,FG_SUPE_AMMI_ILO,FG_I36,SUPE_ILO,ID_PARTICELLA_ORIG,FG_AN_COOR) 
values ('183380','BBBFBA66E31F187R','DU','2018','1715032',null,null,null,null,'3172218','210-163-000',null,'210',0.4512,'1','BPS1',null,'163','000',to_date('26/04/2018 15:26:20','dd/mm/yyyy hh24:mi:ss'),null,null,null,null,null,null,null,0.4512,'0','2502662033','0','F187','9999','01591','2',null,null,to_date('01/01/2018 00:00:00','dd/mm/yyyy hh24:mi:ss'),to_date('31/12/2018 00:00:00','dd/mm/yyyy hh24:mi:ss'),null,0.4512,null,'TMP','TMP',null,'9999','01591',null,'0',null,null,null,null,null,null,null,null,null,null,null,null,null,null,null,null,null);
Insert into T_DU_UTILIZZO_GIS (ID_DOMANDA,CUAA,COD_SETTORE,ANNO_RIFERIMENTO,ID_PARTICELLA,ATTIVITA_UTILIZZO,VERSIONE_UTILIZZO,ATTIVITA_PREMIO_PARTIC,VERSIONE_PREMIO_PARTIC,PROG_RIGA,COD_COLTURA,COD_VARIETA,COD_UTILIZZO,SUPERFICIE_UTILIZZ,COD_PREMIO,CODICE_INTERVENTO,SUB_INTERVENTO,CODICE_PRODOTTO,CODICE_VARIETA,DATA_PROTOCOLLO,COD_POSSESSO,SCO_POSSESSO,FG_P15,FG_P16,FG_P30,FG_P36,FG_P26,FG_SUPE_AMMI,CONTROLLO_LOCO,ID_ROW,CASO_PARTICOLARE,COD_NAZIONALE,FOGLIO,PARTICELLA,SUB,DATA_ULTIMO_RICALCOLO,DATA_CONTROLLO_GIS,DATA_INIZIO_IMP,DATA_FINE_IMP,NUM_PIANTE,SUPERFICIE_PC,FG_NOSEMI,CODI_PROV,CODI_COMU,SEZIONE,NUM_FOGLIO,NUM_PARTICELLA,SUBALTERNO,SUPERFICIE_CATA,FG_P36_10_PERC,FG_P15_PRE,FG_P16_PRE,FG_P30_PRE,FG_P36_PRE,FG_P26_PRE,FG_SUPE_AMMI_PRE,FG_TARA,FG_P18,SUPERFICIE_COLTIVATA,ID_ILO,FG_I15,FG_SUPE_AMMI_ILO,FG_I36,SUPE_ILO,ID_PARTICELLA_ORIG,FG_AN_COOR) 
values ('183380','BBBFBA66E31F187R','DU','2018','1715027',null,null,null,null,'3172213','210-163-000',null,'210',0.0877,'1','BPS1',null,'163','000',to_date('26/04/2018 15:26:20','dd/mm/yyyy hh24:mi:ss'),null,null,null,null,null,null,null,0.0877,'0','2502662041','0','F187','9999','01598','2',null,null,to_date('01/01/2018 00:00:00','dd/mm/yyyy hh24:mi:ss'),to_date('31/12/2018 00:00:00','dd/mm/yyyy hh24:mi:ss'),null,0.0877,null,'TMP','TMP',null,'9999','01598',null,'0',null,null,null,null,null,null,null,null,null,null,null,null,null,null,null,null,null);
Insert into T_DU_UTILIZZO_GIS (ID_DOMANDA,CUAA,COD_SETTORE,ANNO_RIFERIMENTO,ID_PARTICELLA,ATTIVITA_UTILIZZO,VERSIONE_UTILIZZO,ATTIVITA_PREMIO_PARTIC,VERSIONE_PREMIO_PARTIC,PROG_RIGA,COD_COLTURA,COD_VARIETA,COD_UTILIZZO,SUPERFICIE_UTILIZZ,COD_PREMIO,CODICE_INTERVENTO,SUB_INTERVENTO,CODICE_PRODOTTO,CODICE_VARIETA,DATA_PROTOCOLLO,COD_POSSESSO,SCO_POSSESSO,FG_P15,FG_P16,FG_P30,FG_P36,FG_P26,FG_SUPE_AMMI,CONTROLLO_LOCO,ID_ROW,CASO_PARTICOLARE,COD_NAZIONALE,FOGLIO,PARTICELLA,SUB,DATA_ULTIMO_RICALCOLO,DATA_CONTROLLO_GIS,DATA_INIZIO_IMP,DATA_FINE_IMP,NUM_PIANTE,SUPERFICIE_PC,FG_NOSEMI,CODI_PROV,CODI_COMU,SEZIONE,NUM_FOGLIO,NUM_PARTICELLA,SUBALTERNO,SUPERFICIE_CATA,FG_P36_10_PERC,FG_P15_PRE,FG_P16_PRE,FG_P30_PRE,FG_P36_PRE,FG_P26_PRE,FG_SUPE_AMMI_PRE,FG_TARA,FG_P18,SUPERFICIE_COLTIVATA,ID_ILO,FG_I15,FG_SUPE_AMMI_ILO,FG_I36,SUPE_ILO,ID_PARTICELLA_ORIG,FG_AN_COOR) 
values ('183380','BBBFBA66E31F187R','DU','2018','1715026',null,null,null,null,'3172214','210-163-000',null,'210',0.3504,'1','BPS1',null,'163','000',to_date('26/04/2018 15:26:20','dd/mm/yyyy hh24:mi:ss'),null,null,null,null,null,null,null,0.3504,'0','2502662050','0','F187','9999','01599','2',null,null,to_date('01/01/2018 00:00:00','dd/mm/yyyy hh24:mi:ss'),to_date('31/12/2018 00:00:00','dd/mm/yyyy hh24:mi:ss'),null,0.3504,null,'TMP','TMP',null,'9999','01599',null,'0',null,null,null,null,null,null,null,null,null,null,null,null,null,null,null,null,null);
Insert into T_DU_UTILIZZO_GIS (ID_DOMANDA,CUAA,COD_SETTORE,ANNO_RIFERIMENTO,ID_PARTICELLA,ATTIVITA_UTILIZZO,VERSIONE_UTILIZZO,ATTIVITA_PREMIO_PARTIC,VERSIONE_PREMIO_PARTIC,PROG_RIGA,COD_COLTURA,COD_VARIETA,COD_UTILIZZO,SUPERFICIE_UTILIZZ,COD_PREMIO,CODICE_INTERVENTO,SUB_INTERVENTO,CODICE_PRODOTTO,CODICE_VARIETA,DATA_PROTOCOLLO,COD_POSSESSO,SCO_POSSESSO,FG_P15,FG_P16,FG_P30,FG_P36,FG_P26,FG_SUPE_AMMI,CONTROLLO_LOCO,ID_ROW,CASO_PARTICOLARE,COD_NAZIONALE,FOGLIO,PARTICELLA,SUB,DATA_ULTIMO_RICALCOLO,DATA_CONTROLLO_GIS,DATA_INIZIO_IMP,DATA_FINE_IMP,NUM_PIANTE,SUPERFICIE_PC,FG_NOSEMI,CODI_PROV,CODI_COMU,SEZIONE,NUM_FOGLIO,NUM_PARTICELLA,SUBALTERNO,SUPERFICIE_CATA,FG_P36_10_PERC,FG_P15_PRE,FG_P16_PRE,FG_P30_PRE,FG_P36_PRE,FG_P26_PRE,FG_SUPE_AMMI_PRE,FG_TARA,FG_P18,SUPERFICIE_COLTIVATA,ID_ILO,FG_I15,FG_SUPE_AMMI_ILO,FG_I36,SUPE_ILO,ID_PARTICELLA_ORIG,FG_AN_COOR) 
values ('183380','BBBFBA66E31F187R','DU','2018','1715588',null,null,null,null,'3172217','210-163-000',null,'210',0.3465,'1','BPS1',null,'163','000',to_date('26/04/2018 15:26:20','dd/mm/yyyy hh24:mi:ss'),null,null,null,null,null,null,null,0.3465,'0','2502662060','0','F187','9999','01653',' ',null,null,to_date('01/01/2018 00:00:00','dd/mm/yyyy hh24:mi:ss'),to_date('31/12/2018 00:00:00','dd/mm/yyyy hh24:mi:ss'),null,0.3465,null,'TMP','TMP',null,'9999','01653',null,'0',null,null,null,null,null,null,null,null,null,null,null,null,null,null,null,null,null);


-- RESET allo schema default di H2 altrimenti l'entity manager non le carica
set schema PUBLIC;

-- TABELLE CATASTO
-- Popolamento tabella TCAT_PIANI_COLTURE_2018
insert into TCAT_PIANI_COLTURE_2018 (CODICE_FISCALE,CAT_COMUNE_CO,CAT_COMUNE_DS,COD_NAZIONALE,SEZIONE,COMUNE,FOGLIO,PARTICELLA,SUB,TITOLO_POS_DE,PERC_POSSESSO,DATA_INIZIO_COND,DATA_FINE_COND,SUP_GIS,COD_UTILIZZO,COD_COLTURA,COD_VARIETA,DE_COLTURA,SUP_DICHIARATA,TIPO_DOCUMENTO,SCADENZA_DOC_DT,ID_PARTICELLA,PROTOCOLLO_DOC,NRO_ANOMALIE,NRO_ANOMALIE_GIS) values ('BRGMRA66A06L378D','185','LAVIS','E500',null,'LAVIS (TN)','9999','01297',null,'PROPRIETA''','100',to_date('01/01/2018 00:00:00','dd/mm/yyyy HH24:MI:SS'),to_date('01/01/2018 00:00:00','dd/mm/yyyy HH24:MI:SS'),'706','360','441','000','MELE DA TAVOLA (cod. Agea: 441-000)','706','300',null,'2737478','201341952',NULL,NULL);
insert into TCAT_PIANI_COLTURE_2018 (CODICE_FISCALE,CAT_COMUNE_CO,CAT_COMUNE_DS,COD_NAZIONALE,SEZIONE,COMUNE,FOGLIO,PARTICELLA,SUB,TITOLO_POS_DE,PERC_POSSESSO,DATA_INIZIO_COND,DATA_FINE_COND,SUP_GIS,COD_UTILIZZO,COD_COLTURA,COD_VARIETA,DE_COLTURA,SUP_DICHIARATA,TIPO_DOCUMENTO,SCADENZA_DOC_DT,ID_PARTICELLA,PROTOCOLLO_DOC,NRO_ANOMALIE,NRO_ANOMALIE_GIS) values ('BRGMRA66A06L378D','185','LAVIS','E500',null,'LAVIS (TN)','9999','01294',null,'PROPRIETA''','100',to_date('01/01/2018 00:00:00','dd/mm/yyyy HH24:MI:SS'),to_date('01/01/2018 00:00:00','dd/mm/yyyy HH24:MI:SS'),'1069','360','441','000','MELE DA TAVOLA (cod. Agea: 441-000)','1069','300',null,'2737481','201341952',NULL,NULL);
insert into TCAT_PIANI_COLTURE_2018 (CODICE_FISCALE,CAT_COMUNE_CO,CAT_COMUNE_DS,COD_NAZIONALE,SEZIONE,COMUNE,FOGLIO,PARTICELLA,SUB,TITOLO_POS_DE,PERC_POSSESSO,DATA_INIZIO_COND,DATA_FINE_COND,SUP_GIS,COD_UTILIZZO,COD_COLTURA,COD_VARIETA,DE_COLTURA,SUP_DICHIARATA,TIPO_DOCUMENTO,SCADENZA_DOC_DT,ID_PARTICELLA,PROTOCOLLO_DOC,NRO_ANOMALIE,NRO_ANOMALIE_GIS) values ('BRGMRA66A06L378D','224','MEANO','P624','F','TRENTO - MEANO (TN)','9999','02135','3','PROPRIETA''','100',to_date('01/01/2018 00:00:00','dd/mm/yyyy HH24:MI:SS'),to_date('01/01/2018 00:00:00','dd/mm/yyyy HH24:MI:SS'),'751','210','163','000','VITE DA VINO - UVA DA VINO - UVA DA VINO','582','318',to_date('01/01/2018 00:00:00','dd/mm/yyyy HH24:MI:SS'),'2649384','201341957',NULL,NULL);
insert into TCAT_PIANI_COLTURE_2018 (CODICE_FISCALE,CAT_COMUNE_CO,CAT_COMUNE_DS,COD_NAZIONALE,SEZIONE,COMUNE,FOGLIO,PARTICELLA,SUB,TITOLO_POS_DE,PERC_POSSESSO,DATA_INIZIO_COND,DATA_FINE_COND,SUP_GIS,COD_UTILIZZO,COD_COLTURA,COD_VARIETA,DE_COLTURA,SUP_DICHIARATA,TIPO_DOCUMENTO,SCADENZA_DOC_DT,ID_PARTICELLA,PROTOCOLLO_DOC,NRO_ANOMALIE,NRO_ANOMALIE_GIS) values ('BRGMRA66A06L378D','224','MEANO','P624','F','TRENTO - MEANO (TN)','9999','02136','7','PROPRIETA''','100',to_date('01/01/2018 00:00:00','dd/mm/yyyy HH24:MI:SS'),to_date('01/01/2018 00:00:00','dd/mm/yyyy HH24:MI:SS'),'341','880','995','000','Uso non agricolo - Fabbricati (aree occupate da fabbricati, giardini ornamentali, cortili, strade, ecc.) - MANUFATTI -  -','1','318',to_date('01/01/2018 00:00:00','dd/mm/yyyy HH24:MI:SS'),'2649377','20179139',NULL,NULL);
insert into TCAT_PIANI_COLTURE_2018 (CODICE_FISCALE,CAT_COMUNE_CO,CAT_COMUNE_DS,COD_NAZIONALE,SEZIONE,COMUNE,FOGLIO,PARTICELLA,SUB,TITOLO_POS_DE,PERC_POSSESSO,DATA_INIZIO_COND,DATA_FINE_COND,SUP_GIS,COD_UTILIZZO,COD_COLTURA,COD_VARIETA,DE_COLTURA,SUP_DICHIARATA,TIPO_DOCUMENTO,SCADENZA_DOC_DT,ID_PARTICELLA,PROTOCOLLO_DOC,NRO_ANOMALIE,NRO_ANOMALIE_GIS) values ('BRGMRA66A06L378D','224','MEANO','P624','F','TRENTO - MEANO (TN)','9999','02136','7','PROPRIETA''','100',to_date('01/01/2018 00:00:00','dd/mm/yyyy HH24:MI:SS'),to_date('01/01/2018 00:00:00','dd/mm/yyyy HH24:MI:SS'),'341','480','110','000','USO FORESTALE (BOSCHI) - ALBERI DA BOSCO - ALBERI DA BOSCO','253','318',to_date('01/01/2018 00:00:00','dd/mm/yyyy HH24:MI:SS'),'2649377','20179139',NULL,NULL);
insert into TCAT_PIANI_COLTURE_2018 (CODICE_FISCALE,CAT_COMUNE_CO,CAT_COMUNE_DS,COD_NAZIONALE,SEZIONE,COMUNE,FOGLIO,PARTICELLA,SUB,TITOLO_POS_DE,PERC_POSSESSO,DATA_INIZIO_COND,DATA_FINE_COND,SUP_GIS,COD_UTILIZZO,COD_COLTURA,COD_VARIETA,DE_COLTURA,SUP_DICHIARATA,TIPO_DOCUMENTO,SCADENZA_DOC_DT,ID_PARTICELLA,PROTOCOLLO_DOC,NRO_ANOMALIE,NRO_ANOMALIE_GIS) values ('BRGMRA66A06L378D','163','GIOVO','E048',null,'GIOVO (TN)','9999','00233','1','PROPRIETA''','100',to_date('01/01/2018 00:00:00','dd/mm/yyyy HH24:MI:SS'),to_date('01/01/2018 00:00:00','dd/mm/yyyy HH24:MI:SS'),'4005','210','163','000','VITE DA VINO - UVA DA VINO - UVA DA VINO','4005','300',null,'1640382','201341952',NULL,NULL);
insert into TCAT_PIANI_COLTURE_2018 (CODICE_FISCALE,CAT_COMUNE_CO,CAT_COMUNE_DS,COD_NAZIONALE,SEZIONE,COMUNE,FOGLIO,PARTICELLA,SUB,TITOLO_POS_DE,PERC_POSSESSO,DATA_INIZIO_COND,DATA_FINE_COND,SUP_GIS,COD_UTILIZZO,COD_COLTURA,COD_VARIETA,DE_COLTURA,SUP_DICHIARATA,TIPO_DOCUMENTO,SCADENZA_DOC_DT,ID_PARTICELLA,PROTOCOLLO_DOC,NRO_ANOMALIE,NRO_ANOMALIE_GIS) values ('BRGMRA66A06L378D','224','MEANO','P624','F','TRENTO - MEANO (TN)','9999','02136','2','PROPRIETA''','100',to_date('01/01/2018 00:00:00','dd/mm/yyyy HH24:MI:SS'),to_date('01/01/2018 00:00:00','dd/mm/yyyy HH24:MI:SS'),'3935','480','110','000','USO FORESTALE (BOSCHI) - ALBERI DA BOSCO - ALBERI DA BOSCO','942','318',to_date('01/01/2018 00:00:00','dd/mm/yyyy HH24:MI:SS'),'2649382','201341957',NULL,NULL);
insert into TCAT_PIANI_COLTURE_2018 (CODICE_FISCALE,CAT_COMUNE_CO,CAT_COMUNE_DS,COD_NAZIONALE,SEZIONE,COMUNE,FOGLIO,PARTICELLA,SUB,TITOLO_POS_DE,PERC_POSSESSO,DATA_INIZIO_COND,DATA_FINE_COND,SUP_GIS,COD_UTILIZZO,COD_COLTURA,COD_VARIETA,DE_COLTURA,SUP_DICHIARATA,TIPO_DOCUMENTO,SCADENZA_DOC_DT,ID_PARTICELLA,PROTOCOLLO_DOC,NRO_ANOMALIE,NRO_ANOMALIE_GIS) values ('BRGMRA66A06L378D','224','MEANO','P624','F','TRENTO - MEANO (TN)','9999','02140','5','PROPRIETA''','100',to_date('01/01/2018 00:00:00','dd/mm/yyyy HH24:MI:SS'),to_date('01/01/2018 00:00:00','dd/mm/yyyy HH24:MI:SS'),'155','840','780','000','Uso non agricolo - Tare ed incolti (aree occupate capezzagne, cave, terre sterili, ecc.) - USO NON AGRICOLO - TARE  -  -','155','318',to_date('01/01/2018 00:00:00','dd/mm/yyyy HH24:MI:SS'),'2649380','201341957',NULL,NULL);
insert into TCAT_PIANI_COLTURE_2018 (CODICE_FISCALE,CAT_COMUNE_CO,CAT_COMUNE_DS,COD_NAZIONALE,SEZIONE,COMUNE,FOGLIO,PARTICELLA,SUB,TITOLO_POS_DE,PERC_POSSESSO,DATA_INIZIO_COND,DATA_FINE_COND,SUP_GIS,COD_UTILIZZO,COD_COLTURA,COD_VARIETA,DE_COLTURA,SUP_DICHIARATA,TIPO_DOCUMENTO,SCADENZA_DOC_DT,ID_PARTICELLA,PROTOCOLLO_DOC,NRO_ANOMALIE,NRO_ANOMALIE_GIS) values ('BRGMRA66A06L378D','224','MEANO','P624','F','TRENTO - MEANO (TN)','9999','02140','3','PROPRIETA''','100',to_date('01/01/2018 00:00:00','dd/mm/yyyy HH24:MI:SS'),to_date('01/01/2018 00:00:00','dd/mm/yyyy HH24:MI:SS'),'2294','360','441','000','MELE DA TAVOLA (cod. Agea: 441-000)','2294','318',to_date('01/01/2018 00:00:00','dd/mm/yyyy HH24:MI:SS'),'2649401','201341957',NULL,NULL);
insert into TCAT_PIANI_COLTURE_2018 (CODICE_FISCALE,CAT_COMUNE_CO,CAT_COMUNE_DS,COD_NAZIONALE,SEZIONE,COMUNE,FOGLIO,PARTICELLA,SUB,TITOLO_POS_DE,PERC_POSSESSO,DATA_INIZIO_COND,DATA_FINE_COND,SUP_GIS,COD_UTILIZZO,COD_COLTURA,COD_VARIETA,DE_COLTURA,SUP_DICHIARATA,TIPO_DOCUMENTO,SCADENZA_DOC_DT,ID_PARTICELLA,PROTOCOLLO_DOC,NRO_ANOMALIE,NRO_ANOMALIE_GIS) values ('BRGMRA66A06L378D','224','MEANO','P624','F','TRENTO - MEANO (TN)','9999','02136','7','PROPRIETA''','100',to_date('01/01/2018 00:00:00','dd/mm/yyyy HH24:MI:SS'),to_date('01/01/2018 00:00:00','dd/mm/yyyy HH24:MI:SS'),'341','100','993','000','Colture permanenti (arboree) - COLTIVAZIONI ARBOREE SPECIALIZZATE -  -','5','318',to_date('01/01/2018 00:00:00','dd/mm/yyyy HH24:MI:SS'),'2649377','20179139',NULL,NULL);
insert into TCAT_PIANI_COLTURE_2018 (CODICE_FISCALE,CAT_COMUNE_CO,CAT_COMUNE_DS,COD_NAZIONALE,SEZIONE,COMUNE,FOGLIO,PARTICELLA,SUB,TITOLO_POS_DE,PERC_POSSESSO,DATA_INIZIO_COND,DATA_FINE_COND,SUP_GIS,COD_UTILIZZO,COD_COLTURA,COD_VARIETA,DE_COLTURA,SUP_DICHIARATA,TIPO_DOCUMENTO,SCADENZA_DOC_DT,ID_PARTICELLA,PROTOCOLLO_DOC,NRO_ANOMALIE,NRO_ANOMALIE_GIS) values ('BRGMRA66A06L378D','163','GIOVO','E048',null,'GIOVO (TN)','9999','01660',null,'PROPRIETA''','100',to_date('01/01/2018 00:00:00','dd/mm/yyyy HH24:MI:SS'),to_date('01/01/2018 00:00:00','dd/mm/yyyy HH24:MI:SS'),'314','210','163','298','VITE DA VINO - UVA DA VINO - CHARDONNAY B.','314','318',to_date('01/01/2018 00:00:00','dd/mm/yyyy HH24:MI:SS'),'1638518','201341957',NULL,NULL);
insert into TCAT_PIANI_COLTURE_2018 (CODICE_FISCALE,CAT_COMUNE_CO,CAT_COMUNE_DS,COD_NAZIONALE,SEZIONE,COMUNE,FOGLIO,PARTICELLA,SUB,TITOLO_POS_DE,PERC_POSSESSO,DATA_INIZIO_COND,DATA_FINE_COND,SUP_GIS,COD_UTILIZZO,COD_COLTURA,COD_VARIETA,DE_COLTURA,SUP_DICHIARATA,TIPO_DOCUMENTO,SCADENZA_DOC_DT,ID_PARTICELLA,PROTOCOLLO_DOC,NRO_ANOMALIE,NRO_ANOMALIE_GIS) values ('BRGMRA66A06L378D','163','GIOVO','E048',null,'GIOVO (TN)','9999','00233','4','PROPRIETA''','100',to_date('01/01/2018 00:00:00','dd/mm/yyyy HH24:MI:SS'),to_date('01/01/2018 00:00:00','dd/mm/yyyy HH24:MI:SS'),'1369','210','163','000','VITE DA VINO - UVA DA VINO - UVA DA VINO','1369','318',to_date('01/01/2018 00:00:00','dd/mm/yyyy HH24:MI:SS'),'1640294','201341957',NULL,NULL);
insert into TCAT_PIANI_COLTURE_2018 (CODICE_FISCALE,CAT_COMUNE_CO,CAT_COMUNE_DS,COD_NAZIONALE,SEZIONE,COMUNE,FOGLIO,PARTICELLA,SUB,TITOLO_POS_DE,PERC_POSSESSO,DATA_INIZIO_COND,DATA_FINE_COND,SUP_GIS,COD_UTILIZZO,COD_COLTURA,COD_VARIETA,DE_COLTURA,SUP_DICHIARATA,TIPO_DOCUMENTO,SCADENZA_DOC_DT,ID_PARTICELLA,PROTOCOLLO_DOC,NRO_ANOMALIE,NRO_ANOMALIE_GIS) values ('BRGMRA66A06L378D','185','LAVIS','E500',null,'LAVIS (TN)','9999','01296',null,'PROPRIETA''','100',to_date('01/01/2018 00:00:00','dd/mm/yyyy HH24:MI:SS'),to_date('01/01/2018 00:00:00','dd/mm/yyyy HH24:MI:SS'),'915','360','441','000','MELE DA TAVOLA (cod. Agea: 441-000)','915','300',null,'2737479','201341952',NULL,NULL);
insert into TCAT_PIANI_COLTURE_2018 (CODICE_FISCALE,CAT_COMUNE_CO,CAT_COMUNE_DS,COD_NAZIONALE,SEZIONE,COMUNE,FOGLIO,PARTICELLA,SUB,TITOLO_POS_DE,PERC_POSSESSO,DATA_INIZIO_COND,DATA_FINE_COND,SUP_GIS,COD_UTILIZZO,COD_COLTURA,COD_VARIETA,DE_COLTURA,SUP_DICHIARATA,TIPO_DOCUMENTO,SCADENZA_DOC_DT,ID_PARTICELLA,PROTOCOLLO_DOC,NRO_ANOMALIE,NRO_ANOMALIE_GIS) values ('BRGMRA66A06L378D','185','LAVIS','E500',null,'LAVIS (TN)','9999','01295',null,'PROPRIETA''','100',to_date('01/01/2018 00:00:00','dd/mm/yyyy HH24:MI:SS'),to_date('01/01/2018 00:00:00','dd/mm/yyyy HH24:MI:SS'),'435','360','441','000','MELE DA TAVOLA (cod. Agea: 441-000)','435','300',null,'2737480','201341952',NULL,NULL);
insert into TCAT_PIANI_COLTURE_2018 (CODICE_FISCALE,CAT_COMUNE_CO,CAT_COMUNE_DS,COD_NAZIONALE,SEZIONE,COMUNE,FOGLIO,PARTICELLA,SUB,TITOLO_POS_DE,PERC_POSSESSO,DATA_INIZIO_COND,DATA_FINE_COND,SUP_GIS,COD_UTILIZZO,COD_COLTURA,COD_VARIETA,DE_COLTURA,SUP_DICHIARATA,TIPO_DOCUMENTO,SCADENZA_DOC_DT,ID_PARTICELLA,PROTOCOLLO_DOC,NRO_ANOMALIE,NRO_ANOMALIE_GIS) values ('BRGMRA66A06L378D','224','MEANO','P624','F','TRENTO - MEANO (TN)','9999','02136','3','PROPRIETA''','100',to_date('01/01/2018 00:00:00','dd/mm/yyyy HH24:MI:SS'),to_date('01/01/2018 00:00:00','dd/mm/yyyy HH24:MI:SS'),'1700','480','110','000','USO FORESTALE (BOSCHI) - ALBERI DA BOSCO - ALBERI DA BOSCO','930','318',to_date('01/01/2018 00:00:00','dd/mm/yyyy HH24:MI:SS'),'2649381','201341957',NULL,NULL);
insert into TCAT_PIANI_COLTURE_2018 (CODICE_FISCALE,CAT_COMUNE_CO,CAT_COMUNE_DS,COD_NAZIONALE,SEZIONE,COMUNE,FOGLIO,PARTICELLA,SUB,TITOLO_POS_DE,PERC_POSSESSO,DATA_INIZIO_COND,DATA_FINE_COND,SUP_GIS,COD_UTILIZZO,COD_COLTURA,COD_VARIETA,DE_COLTURA,SUP_DICHIARATA,TIPO_DOCUMENTO,SCADENZA_DOC_DT,ID_PARTICELLA,PROTOCOLLO_DOC,NRO_ANOMALIE,NRO_ANOMALIE_GIS) values ('BRGMRA66A06L378D','224','MEANO','P624','F','TRENTO - MEANO (TN)','9999','02140','1','PROPRIETA''','100',to_date('01/01/2018 00:00:00','dd/mm/yyyy HH24:MI:SS'),to_date('01/01/2018 00:00:00','dd/mm/yyyy HH24:MI:SS'),'2348','360','441','000','MELE DA TAVOLA (cod. Agea: 441-000)','2348','318',to_date('01/01/2018 00:00:00','dd/mm/yyyy HH24:MI:SS'),'2649432','201341957',NULL,NULL);
insert into TCAT_PIANI_COLTURE_2018 (CODICE_FISCALE,CAT_COMUNE_CO,CAT_COMUNE_DS,COD_NAZIONALE,SEZIONE,COMUNE,FOGLIO,PARTICELLA,SUB,TITOLO_POS_DE,PERC_POSSESSO,DATA_INIZIO_COND,DATA_FINE_COND,SUP_GIS,COD_UTILIZZO,COD_COLTURA,COD_VARIETA,DE_COLTURA,SUP_DICHIARATA,TIPO_DOCUMENTO,SCADENZA_DOC_DT,ID_PARTICELLA,PROTOCOLLO_DOC,NRO_ANOMALIE,NRO_ANOMALIE_GIS) values ('BRGMRA66A06L378D','163','GIOVO','E048',null,'GIOVO (TN)','9999','00233','5','PROPRIETA''','100',to_date('01/01/2018 00:00:00','dd/mm/yyyy HH24:MI:SS'),to_date('01/01/2018 00:00:00','dd/mm/yyyy HH24:MI:SS'),'1229','210','163','221','VITE DA VINO - UVA DA VINO - SAUVIGNON B.','1229','300',null,'1640293','201341952',NULL,NULL);
insert into TCAT_PIANI_COLTURE_2018 (CODICE_FISCALE,CAT_COMUNE_CO,CAT_COMUNE_DS,COD_NAZIONALE,SEZIONE,COMUNE,FOGLIO,PARTICELLA,SUB,TITOLO_POS_DE,PERC_POSSESSO,DATA_INIZIO_COND,DATA_FINE_COND,SUP_GIS,COD_UTILIZZO,COD_COLTURA,COD_VARIETA,DE_COLTURA,SUP_DICHIARATA,TIPO_DOCUMENTO,SCADENZA_DOC_DT,ID_PARTICELLA,PROTOCOLLO_DOC,NRO_ANOMALIE,NRO_ANOMALIE_GIS) values ('BRGMRA66A06L378D','185','LAVIS','E500',null,'LAVIS (TN)','9999','00405',null,'AFFITTO','100',to_date('01/01/2018 00:00:00','dd/mm/yyyy HH24:MI:SS'),to_date('01/01/2018 00:00:00','dd/mm/yyyy HH24:MI:SS'),'3107','210','163','043','VITE DA VINO - UVA DA VINO - CABERNET SAUVIGNON N.','3107','320',to_date('01/01/2018 00:00:00','dd/mm/yyyy HH24:MI:SS'),'2736039','201578962',NULL,NULL);
insert into TCAT_PIANI_COLTURE_2018 (CODICE_FISCALE,CAT_COMUNE_CO,CAT_COMUNE_DS,COD_NAZIONALE,SEZIONE,COMUNE,FOGLIO,PARTICELLA,SUB,TITOLO_POS_DE,PERC_POSSESSO,DATA_INIZIO_COND,DATA_FINE_COND,SUP_GIS,COD_UTILIZZO,COD_COLTURA,COD_VARIETA,DE_COLTURA,SUP_DICHIARATA,TIPO_DOCUMENTO,SCADENZA_DOC_DT,ID_PARTICELLA,PROTOCOLLO_DOC,NRO_ANOMALIE,NRO_ANOMALIE_GIS) values ('BRGMRA66A06L378D','224','MEANO','P624','F','TRENTO - MEANO (TN)','9999','02136','2','PROPRIETA''','100',to_date('01/01/2018 00:00:00','dd/mm/yyyy HH24:MI:SS'),to_date('01/01/2018 00:00:00','dd/mm/yyyy HH24:MI:SS'),'3935','210','163','298','VITE DA VINO - UVA DA VINO - CHARDONNAY B.','2993','318',to_date('01/01/2018 00:00:00','dd/mm/yyyy HH24:MI:SS'),'2649382','201341957',NULL,NULL);
insert into TCAT_PIANI_COLTURE_2018 (CODICE_FISCALE,CAT_COMUNE_CO,CAT_COMUNE_DS,COD_NAZIONALE,SEZIONE,COMUNE,FOGLIO,PARTICELLA,SUB,TITOLO_POS_DE,PERC_POSSESSO,DATA_INIZIO_COND,DATA_FINE_COND,SUP_GIS,COD_UTILIZZO,COD_COLTURA,COD_VARIETA,DE_COLTURA,SUP_DICHIARATA,TIPO_DOCUMENTO,SCADENZA_DOC_DT,ID_PARTICELLA,PROTOCOLLO_DOC,NRO_ANOMALIE,NRO_ANOMALIE_GIS) values ('BRGMRA66A06L378D','224','MEANO','P624','F','TRENTO - MEANO (TN)','9999','02140','4','PROPRIETA''','100',to_date('01/01/2018 00:00:00','dd/mm/yyyy HH24:MI:SS'),to_date('01/01/2018 00:00:00','dd/mm/yyyy HH24:MI:SS'),'694','360','441','000','MELE DA TAVOLA (cod. Agea: 441-000)','694','318',to_date('01/01/2018 00:00:00','dd/mm/yyyy HH24:MI:SS'),'2649403','201341957',NULL,NULL);
insert into TCAT_PIANI_COLTURE_2018 (CODICE_FISCALE,CAT_COMUNE_CO,CAT_COMUNE_DS,COD_NAZIONALE,SEZIONE,COMUNE,FOGLIO,PARTICELLA,SUB,TITOLO_POS_DE,PERC_POSSESSO,DATA_INIZIO_COND,DATA_FINE_COND,SUP_GIS,COD_UTILIZZO,COD_COLTURA,COD_VARIETA,DE_COLTURA,SUP_DICHIARATA,TIPO_DOCUMENTO,SCADENZA_DOC_DT,ID_PARTICELLA,PROTOCOLLO_DOC,NRO_ANOMALIE,NRO_ANOMALIE_GIS) values ('BRGMRA66A06L378D','224','MEANO','P624','F','TRENTO - MEANO (TN)','9999','02136','7','PROPRIETA''','100',to_date('01/01/2018 00:00:00','dd/mm/yyyy HH24:MI:SS'),to_date('01/01/2018 00:00:00','dd/mm/yyyy HH24:MI:SS'),'341','880','995','000','Uso non agricolo - Fabbricati (aree occupate da fabbricati, giardini ornamentali, cortili, strade, ecc.) - MANUFATTI -  -','3','318',to_date('01/01/2018 00:00:00','dd/mm/yyyy HH24:MI:SS'),'2649377','20179139',NULL,NULL);


INSERT INTO TPAGA_ESITI_ANTIMAFIA (CUAA,ID_DOMANDA,TIPO_DOMANDA,DATA_INIZIO_SILENZIO_ASSENZO,DATA_FINE_SILENZIO_ASSENZO,DATA_INIZIO_ESITO_NEGATIVO,DATA_FINE_ESITO_NEGATIVO) VALUES ('BRTLNZ86S21L378O',190462,1,to_date('01/01/2018 00:00:00','dd/mm/yyyy HH24:MI:SS'),to_date('31/01/2018 00:00:00','dd/mm/yyyy HH24:MI:SS'),to_date('01/07/2018 00:00:00','dd/mm/yyyy HH24:MI:SS'),to_date('01/08/2018 00:00:00','dd/mm/yyyy HH24:MI:SS'));
INSERT INTO TPAGA_ESITI_ANTIMAFIA (CUAA,ID_DOMANDA,TIPO_DOMANDA,DATA_INIZIO_SILENZIO_ASSENZO,DATA_FINE_SILENZIO_ASSENZO,DATA_INIZIO_ESITO_NEGATIVO,DATA_FINE_ESITO_NEGATIVO) VALUES ('TLNZ86S21L378O',190463,0,to_date('01/01/2018 00:00:00','dd/mm/yyyy HH24:MI:SS'),to_date('31/01/2018 00:00:00','dd/mm/yyyy HH24:MI:SS'),to_date('01/07/2018 00:00:00','dd/mm/yyyy HH24:MI:SS'),to_date('01/08/2018 00:00:00','dd/mm/yyyy HH24:MI:SS'));
INSERT INTO TPAGA_ESITI_ANTIMAFIA (CUAA,ID_DOMANDA,TIPO_DOMANDA,DATA_INIZIO_SILENZIO_ASSENZO,DATA_FINE_SILENZIO_ASSENZO,DATA_INIZIO_ESITO_NEGATIVO,DATA_FINE_ESITO_NEGATIVO) VALUES ('MCHGDU38B23E500I',101010,0,to_date('01/01/2018 00:00:00','dd/mm/yyyy HH24:MI:SS'),to_date('31/01/2018 00:00:00','dd/mm/yyyy HH24:MI:SS'),to_date('01/07/2018 00:00:00','dd/mm/yyyy HH24:MI:SS'),to_date('01/08/2018 00:00:00','dd/mm/yyyy HH24:MI:SS'));

-- A4GT_CONF_RICEVIBILITA
INSERT into A4GT_CONF_RICEVIBILITA (ID,VERSIONE,ANNO_CAMPAGNA,DATA_RICEVIBILITA,SCADENZA_DOM_INIZIALE_RITARDO,SCADENZA_DOMANDA_RITIROPARZIAL, SCADENZA_DOM_MODIFICA_RITARDO)
values (12009973,0,2018,to_date('01082019','ddmmyyyy'),to_date('12072019','ddmmyyyy'),to_date('15052020','ddmmyyyy'), to_date('15052020','ddmmyyyy'));
