--- Domanda acs FLMWFG75M12C794- - FLAIM WOLFGANG - DOMANDA 180955

Insert into A4GT_DOMANDA
   (ID, VERSIONE, NUMERO_DOMANDA, COD_MODULO_DOMANDA, DESC_MODULO_DOMANDA, 
    ANNO_CAMPAGNA, STATO, CUAA_INTESTATARIO, DT_PROTOCOLLAZIONE, COD_ENTE_COMPILATORE, 
    DESC_ENTE_COMPILATORE, RAGIONE_SOCIALE, DT_PRESENTAZIONE)
 Values
   (NXTNBR.NEXTVAL, 3, 180955, 'BPS_2018', 'PAGAMENTI DIRETTI', 
    2018, 'IN_ISTRUTTORIA', 
    'FLMWFG75M12C794-', TO_DATE('04/16/2018 16:50:22', 'MM/DD/YYYY HH24:MI:SS'), 4, 
    'CAA COLDIRETTI DEL TRENTINO - 003', 'FLAIM WOLFGANG', TO_DATE('04/16/2018 16:49:51', 'MM/DD/YYYY HH24:MI:SS'));


Insert into A4GT_ALLEVAMENTO_IMPEGNATO
   (ID, VERSIONE, ID_DOMANDA, CODICE_SPECIE, DATI_ALLEVAMENTO, 
    DATI_PROPRIETARIO, DATI_DETENTORE, ID_INTERVENTO)
 Values
   (50544, 9, (SELECT ID FROM A4GT_DOMANDA WHERE CUAA_INTESTATARIO = 'FLMWFG75M12C794-'), 'BOVINI', '{"idAllevamento":9270,"codiceAllevamento":"152TN059","codiceAllevamentoBdn":"1940060","descrizioneAllevamento":"FLAIM WOLFGANG","comune":"REVO'' (TN)","toponimo":"MIAUNERI 9"}',
    '{"codFiscaleProprietario":"FLMWFG75M12C794-","denominazioneProprietario":"FLAIM WOLFGANG"}', '{"codFiscaleDetentore":"FLMWFG75M12C794-","denominazioneDetentore":"FLAIM WOLFGANG"}', (SELECT ID FROM A4GD_INTERVENTO WHERE IDENTIFICATIVO_INTERVENTO = 'BOVINI_VAC'));
Insert into A4GT_ALLEVAMENTO_IMPEGNATO
   (ID, VERSIONE, ID_DOMANDA, CODICE_SPECIE, DATI_ALLEVAMENTO, 
    DATI_PROPRIETARIO, DATI_DETENTORE, ID_INTERVENTO)
 Values
   (50545, 9, (SELECT ID FROM A4GT_DOMANDA WHERE CUAA_INTESTATARIO = 'FLMWFG75M12C794-'), 'BOVINI', '{"idAllevamento":9270,"codiceAllevamento":"152TN059","codiceAllevamentoBdn":"1940060","descrizioneAllevamento":"FLAIM WOLFGANG","comune":"REVO'' (TN)","toponimo":"MIAUNERI 9"}',
    '{"codFiscaleProprietario":"FLMWFG75M12C794-","denominazioneProprietario":"FLAIM WOLFGANG"}', '{"codFiscaleDetentore":"FLMWFG75M12C794-","denominazioneDetentore":"FLAIM WOLFGANG"}', (SELECT ID FROM A4GD_INTERVENTO WHERE IDENTIFICATIVO_INTERVENTO = 'LATTE'));
Insert into A4GT_ALLEVAMENTO_IMPEGNATO
   (ID, VERSIONE, ID_DOMANDA, CODICE_SPECIE, DATI_ALLEVAMENTO, 
    DATI_PROPRIETARIO, DATI_DETENTORE, ID_INTERVENTO)
 Values
   (50546, 8, (SELECT ID FROM A4GT_DOMANDA WHERE CUAA_INTESTATARIO = 'FLMWFG75M12C794-'), 'BOVINI', '{"idAllevamento":9270,"codiceAllevamento":"152TN059","codiceAllevamentoBdn":"1940060","descrizioneAllevamento":"FLAIM WOLFGANG","comune":"REVO'' (TN)","toponimo":"MIAUNERI 9"}',
    '{"codFiscaleProprietario":"FLMWFG75M12C794-","denominazioneProprietario":"FLAIM WOLFGANG"}', '{"codFiscaleDetentore":"FLMWFG75M12C794-","denominazioneDetentore":"FLAIM WOLFGANG"}', (SELECT ID FROM A4GD_INTERVENTO WHERE IDENTIFICATIVO_INTERVENTO = 'LATTE_BMONT'));

Insert into A4GT_ESITO_CALCOLO_CAPO
   (ID, VERSIONE, ID_ALLEVAM_DU, CAPO_ID, CODICE_CAPO, 
    ESITO)
 Values
   (1604374, 0, 50545, 111319491, 'IT022990238804', 
    'AMMISSIBILE');
Insert into A4GT_ESITO_CALCOLO_CAPO
   (ID, VERSIONE, ID_ALLEVAM_DU, CAPO_ID, CODICE_CAPO, 
    ESITO)
 Values
   (1604381, 0, 50546, 111319491, 'IT022990238804', 
    'AMMISSIBILE');
Insert into A4GT_ESITO_CALCOLO_CAPO
   (ID, VERSIONE, ID_ALLEVAM_DU, CAPO_ID, CODICE_CAPO, 
    ESITO)
 Values
   (1604375, 0, 50545, 101736746, 'IT022990171188', 
    'AMMISSIBILE');
Insert into A4GT_ESITO_CALCOLO_CAPO
   (ID, VERSIONE, ID_ALLEVAM_DU, CAPO_ID, CODICE_CAPO, 
    ESITO)
 Values
   (1604382, 0, 50546, 101736746, 'IT022990171188', 
    'AMMISSIBILE');
Insert into A4GT_ESITO_CALCOLO_CAPO
   (ID, VERSIONE, ID_ALLEVAM_DU, CAPO_ID, CODICE_CAPO, 
    ESITO)
 Values
   (1604376, 0, 50545, 98321871, 'IT022990169797', 
    'AMMISSIBILE');
Insert into A4GT_ESITO_CALCOLO_CAPO
   (ID, VERSIONE, ID_ALLEVAM_DU, CAPO_ID, CODICE_CAPO, 
    ESITO)
 Values
   (1604383, 0, 50546, 98321871, 'IT022990169797', 
    'AMMISSIBILE');
Insert into A4GT_ESITO_CALCOLO_CAPO
   (ID, VERSIONE, ID_ALLEVAM_DU, CAPO_ID, CODICE_CAPO, 
    ESITO)
 Values
   (1604377, 0, 50545, 97216570, 'IT022990148621', 
    'AMMISSIBILE');
Insert into A4GT_ESITO_CALCOLO_CAPO
   (ID, VERSIONE, ID_ALLEVAM_DU, CAPO_ID, CODICE_CAPO, 
    ESITO)
 Values
   (1604384, 0, 50546, 97216570, 'IT022990148621', 
    'AMMISSIBILE');
Insert into A4GT_ESITO_CALCOLO_CAPO
   (ID, VERSIONE, ID_ALLEVAM_DU, CAPO_ID, CODICE_CAPO, 
    ESITO)
 Values
   (1604392, 0, 50544, 108538863, 'IT021002092599', 
    'AMMISSIBILE');
Insert into A4GT_ESITO_CALCOLO_CAPO
   (ID, VERSIONE, ID_ALLEVAM_DU, CAPO_ID, CODICE_CAPO, 
    ESITO)
 Values
   (1604379, 0, 50545, 108200143, 'IT022990238800', 
    'AMMISSIBILE');
Insert into A4GT_ESITO_CALCOLO_CAPO
   (ID, VERSIONE, ID_ALLEVAM_DU, CAPO_ID, CODICE_CAPO, 
    ESITO)
 Values
   (1604386, 0, 50546, 108200143, 'IT022990238800', 
    'AMMISSIBILE');
Insert into A4GT_ESITO_CALCOLO_CAPO
   (ID, VERSIONE, ID_ALLEVAM_DU, CAPO_ID, CODICE_CAPO, 
    ESITO)
 Values
   (1604380, 0, 50545, 101737197, 'IT022990191209', 
    'AMMISSIBILE');
Insert into A4GT_ESITO_CALCOLO_CAPO
   (ID, VERSIONE, ID_ALLEVAM_DU, CAPO_ID, CODICE_CAPO, 
    ESITO)
 Values
   (1604387, 0, 50546, 101737197, 'IT022990191209', 
    'AMMISSIBILE');

Insert into A4GT_DOMANDA_INTEGRATIVA
   (ID, VERSIONE, ID_RICH_ALLEVAM_ESITO, STATO, DT_ULTIMO_AGGIORNAMENTO, 
    CONTROLLO_SUPERATO, IDENTIFICATIVO)
 Values
   (1910703, 0, 1604374, 'PRESENTATA', TO_DATE('04/08/2019 11:47:58', 'MM/DD/YYYY HH24:MI:SS'), 
    1, 'DI_205_BIS');
Insert into A4GT_DOMANDA_INTEGRATIVA
   (ID, VERSIONE, ID_RICH_ALLEVAM_ESITO, STATO, DT_ULTIMO_AGGIORNAMENTO, 
    CONTROLLO_SUPERATO, IDENTIFICATIVO)
 Values
   (1910704, 0, 1604381, 'PRESENTATA', TO_DATE('04/08/2019 11:47:58', 'MM/DD/YYYY HH24:MI:SS'), 
    1, 'DI_205_BIS');
Insert into A4GT_DOMANDA_INTEGRATIVA
   (ID, VERSIONE, ID_RICH_ALLEVAM_ESITO, STATO, DT_ULTIMO_AGGIORNAMENTO, 
    CONTROLLO_SUPERATO, IDENTIFICATIVO)
 Values
   (1910705, 0, 1604375, 'PRESENTATA', TO_DATE('04/08/2019 11:47:58', 'MM/DD/YYYY HH24:MI:SS'), 
    1, 'DI_205_BIS');
Insert into A4GT_DOMANDA_INTEGRATIVA
   (ID, VERSIONE, ID_RICH_ALLEVAM_ESITO, STATO, DT_ULTIMO_AGGIORNAMENTO, 
    CONTROLLO_SUPERATO, IDENTIFICATIVO)
 Values
   (1910706, 0, 1604382, 'PRESENTATA', TO_DATE('04/08/2019 11:47:58', 'MM/DD/YYYY HH24:MI:SS'), 
    1, 'DI_205_BIS');
Insert into A4GT_DOMANDA_INTEGRATIVA
   (ID, VERSIONE, ID_RICH_ALLEVAM_ESITO, STATO, DT_ULTIMO_AGGIORNAMENTO, 
    CONTROLLO_SUPERATO, IDENTIFICATIVO)
 Values
   (1910707, 0, 1604376, 'PRESENTATA', TO_DATE('04/08/2019 11:47:58', 'MM/DD/YYYY HH24:MI:SS'), 
    1, 'DI_205_BIS');
Insert into A4GT_DOMANDA_INTEGRATIVA
   (ID, VERSIONE, ID_RICH_ALLEVAM_ESITO, STATO, DT_ULTIMO_AGGIORNAMENTO, 
    CONTROLLO_SUPERATO, IDENTIFICATIVO)
 Values
   (1910708, 0, 1604383, 'PRESENTATA', TO_DATE('04/08/2019 11:47:58', 'MM/DD/YYYY HH24:MI:SS'), 
    1, 'DI_205_BIS');
Insert into A4GT_DOMANDA_INTEGRATIVA
   (ID, VERSIONE, ID_RICH_ALLEVAM_ESITO, STATO, DT_ULTIMO_AGGIORNAMENTO, 
    CONTROLLO_SUPERATO, IDENTIFICATIVO)
 Values
   (1910709, 0, 1604377, 'PRESENTATA', TO_DATE('04/08/2019 11:47:58', 'MM/DD/YYYY HH24:MI:SS'), 
    1, 'DI_205_BIS');
Insert into A4GT_DOMANDA_INTEGRATIVA
   (ID, VERSIONE, ID_RICH_ALLEVAM_ESITO, STATO, DT_ULTIMO_AGGIORNAMENTO, 
    CONTROLLO_SUPERATO, IDENTIFICATIVO)
 Values
   (1910710, 0, 1604384, 'PRESENTATA', TO_DATE('04/08/2019 11:47:58', 'MM/DD/YYYY HH24:MI:SS'), 
    1, 'DI_205_BIS');
Insert into A4GT_DOMANDA_INTEGRATIVA
   (ID, VERSIONE, ID_RICH_ALLEVAM_ESITO, STATO, DT_ULTIMO_AGGIORNAMENTO, 
    CONTROLLO_SUPERATO, IDENTIFICATIVO)
 Values
   (1910711, 0, 1604392, 'PRESENTATA', TO_DATE('04/08/2019 11:47:58', 'MM/DD/YYYY HH24:MI:SS'), 
    1, 'DI_205_BIS');
Insert into A4GT_DOMANDA_INTEGRATIVA
   (ID, VERSIONE, ID_RICH_ALLEVAM_ESITO, STATO, DT_ULTIMO_AGGIORNAMENTO, 
    CONTROLLO_SUPERATO, IDENTIFICATIVO)
 Values
   (1910712, 0, 1604379, 'PRESENTATA', TO_DATE('04/08/2019 11:47:58', 'MM/DD/YYYY HH24:MI:SS'), 
    1, 'DI_205_BIS');
Insert into A4GT_DOMANDA_INTEGRATIVA
   (ID, VERSIONE, ID_RICH_ALLEVAM_ESITO, STATO, DT_ULTIMO_AGGIORNAMENTO, 
    CONTROLLO_SUPERATO, IDENTIFICATIVO)
 Values
   (1910713, 0, 1604386, 'PRESENTATA', TO_DATE('04/08/2019 11:47:58', 'MM/DD/YYYY HH24:MI:SS'), 
    1, 'DI_205_BIS');
Insert into A4GT_DOMANDA_INTEGRATIVA
   (ID, VERSIONE, ID_RICH_ALLEVAM_ESITO, STATO, DT_ULTIMO_AGGIORNAMENTO, 
    CONTROLLO_SUPERATO, IDENTIFICATIVO)
 Values
   (1910714, 0, 1604380, 'PRESENTATA', TO_DATE('04/08/2019 11:47:58', 'MM/DD/YYYY HH24:MI:SS'), 
    1, 'DI_205_BIS');
Insert into A4GT_DOMANDA_INTEGRATIVA
   (ID, VERSIONE, ID_RICH_ALLEVAM_ESITO, STATO, DT_ULTIMO_AGGIORNAMENTO, 
    CONTROLLO_SUPERATO, IDENTIFICATIVO)
 Values
   (1910715, 0, 1604387, 'PRESENTATA', TO_DATE('04/08/2019 11:47:58', 'MM/DD/YYYY HH24:MI:SS'), 
    1, 'DI_205_BIS');


Insert into A4GT_ISTRUTTORIA(ID,VERSIONE,ID_DOMANDA,SOSTEGNO,ID_STATO_LAVORAZIONE, TIPOLOGIA)
values(4449871234,0,(SELECT ID FROM A4GT_DOMANDA WHERE CUAA_INTESTATARIO = 'FLMWFG75M12C794-'),'ZOOTECNIA',(select id from a4gd_stato_lav_sostegno where identificativo = 'RICHIESTO'), 'SALDO');

INSERT INTO A4GT_CAMPIONE (ID, VERSIONE, ANNO_CAMPAGNA, CUAA, TIPO_CAMPIONE, TIPO, BOVINI, OVINI) VALUES (NXTNBR.nextval, 0, 2018, 'FLMWFG75M12C794-', 'ZOOTECNIA', 'RISCHIO', 1, 0);

COMMIT;

