--Domanda
INSERT INTO A4GT_DOMANDA
(ID, VERSIONE, NUMERO_DOMANDA, COD_MODULO_DOMANDA, DESC_MODULO_DOMANDA, CUAA_INTESTATARIO, DT_PROTOCOLLAZIONE, NUM_DOMANDA_RETTIFICATA, COD_ENTE_COMPILATORE, DESC_ENTE_COMPILATORE, RAGIONE_SOCIALE, DT_PRESENTAZIONE, DT_PRESENTAZ_ORIGINARIA, DT_PROTOCOLLAZ_ORIGINARIA, ANNULLO_RIDUZIONE, IBAN, ANNO_CAMPAGNA, STATO)
VALUES(8655681, 2, 213209, 'BPS_2017', 'PAGAMENTI DIRETTI', 'PRSSRN98R66L378R', TIMESTAMP '2019-06-11 18:36:18.000000', NULL, 3, 'CAA COLDIRETTI DEL TRENTINO - 001', 'PARIS SERENA', TIMESTAMP '2019-06-11 18:35:49.000000', NULL, NULL, NULL, NULL, 2017, 'IN_ISTRUTTORIA');
--Istruttoria
INSERT INTO A4GT_ISTRUTTORIA
(ID, VERSIONE, ID_DOMANDA, ID_STATO_LAVORAZIONE, BLOCCATA_BOOL, ERRORE_CALCOLO, DATA_ULTIMO_CALCOLO, TIPOLOGIA, ID_ELENCO_LIQUIDAZIONE, SOSTEGNO)
VALUES(8853773, 4, 8655681, (SELECT ID FROM A4GD_STATO_LAV_SOSTEGNO WHERE IDENTIFICATIVO='CONTROLLI_CALCOLO_KO'), 0, 0, TIMESTAMP '2019-11-26 08:09:15.000000', 'ANTICIPO', NULL, 'DISACCOPPIATO');
INSERT INTO A4GT_ISTRUTTORIA
(ID, VERSIONE, ID_DOMANDA, ID_STATO_LAVORAZIONE, BLOCCATA_BOOL, ERRORE_CALCOLO, DATA_ULTIMO_CALCOLO, TIPOLOGIA, ID_ELENCO_LIQUIDAZIONE, SOSTEGNO)
VALUES(8853774, 10, 8655681, (SELECT ID FROM A4GD_STATO_LAV_SOSTEGNO WHERE IDENTIFICATIVO='CONTROLLI_LIQUIDABILE_KO'), 0, 0, TIMESTAMP '2020-06-10 09:12:49.000000', 'SALDO', NULL, 'ZOOTECNIA');
INSERT INTO A4GT_ISTRUTTORIA
(ID, VERSIONE, ID_DOMANDA, ID_STATO_LAVORAZIONE, BLOCCATA_BOOL, ERRORE_CALCOLO, DATA_ULTIMO_CALCOLO, TIPOLOGIA, ID_ELENCO_LIQUIDAZIONE, SOSTEGNO)
VALUES(12004599, 4, 8655681, (SELECT ID FROM A4GD_STATO_LAV_SOSTEGNO WHERE IDENTIFICATIVO='CONTROLLI_CALCOLO_KO'), 0, 0, TIMESTAMP '2020-06-24 08:39:37.000000', 'SALDO', NULL, 'DISACCOPPIATO');
--Transizione
INSERT INTO A4GT_TRANSIZIONE_ISTRUTTORIA
(ID, VERSIONE, ID_STATO_INIZIALE, ID_STATO_FINALE, DATA_ESECUZIONE, ID_ISTRUTTORIA)
VALUES(11928004, 1, (SELECT ID FROM A4GD_STATO_LAV_SOSTEGNO WHERE IDENTIFICATIVO='CONTROLLI_CALCOLO_KO'), (SELECT ID FROM A4GD_STATO_LAV_SOSTEGNO WHERE IDENTIFICATIVO='CONTROLLI_CALCOLO_KO'), TIMESTAMP '2019-11-26 08:09:14.000000', 8853773);

INSERT INTO A4GT_TRANSIZIONE_ISTRUTTORIA
(ID, VERSIONE, ID_STATO_INIZIALE, ID_STATO_FINALE, DATA_ESECUZIONE, ID_ISTRUTTORIA)
VALUES(14528854, 1, (SELECT ID FROM A4GD_STATO_LAV_SOSTEGNO WHERE IDENTIFICATIVO='CONTROLLI_LIQUIDABILE_KO'), (SELECT ID FROM A4GD_STATO_LAV_SOSTEGNO WHERE IDENTIFICATIVO='CONTROLLI_LIQUIDABILE_KO'), TIMESTAMP '2020-06-10 09:12:49.000000', 8853774);
INSERT INTO A4GT_TRANSIZIONE_ISTRUTTORIA
(ID, VERSIONE, ID_STATO_INIZIALE, ID_STATO_FINALE, DATA_ESECUZIONE, ID_ISTRUTTORIA)
VALUES(13936431, 1, (SELECT ID FROM A4GD_STATO_LAV_SOSTEGNO WHERE IDENTIFICATIVO='INTEGRATO'), (SELECT ID FROM A4GD_STATO_LAV_SOSTEGNO WHERE IDENTIFICATIVO='CONTROLLI_CALCOLO_OK'), TIMESTAMP '2020-06-04 00:29:35.000000', 8853774);
INSERT INTO A4GT_TRANSIZIONE_ISTRUTTORIA
(ID, VERSIONE, ID_STATO_INIZIALE, ID_STATO_FINALE, DATA_ESECUZIONE, ID_ISTRUTTORIA)
VALUES(13540237, 1, (SELECT ID FROM A4GD_STATO_LAV_SOSTEGNO WHERE IDENTIFICATIVO='INTEGRATO'), (SELECT ID FROM A4GD_STATO_LAV_SOSTEGNO WHERE IDENTIFICATIVO='INTEGRATO'), TIMESTAMP '2020-05-22 12:08:40.000000', 8853774);
INSERT INTO A4GT_TRANSIZIONE_ISTRUTTORIA
(ID, VERSIONE, ID_STATO_INIZIALE, ID_STATO_FINALE, DATA_ESECUZIONE, ID_ISTRUTTORIA)
VALUES(13402291, 1, (SELECT ID FROM A4GD_STATO_LAV_SOSTEGNO WHERE IDENTIFICATIVO='RICHIESTO'), (SELECT ID FROM A4GD_STATO_LAV_SOSTEGNO WHERE IDENTIFICATIVO='INTEGRATO'), TIMESTAMP '2020-05-22 11:25:28.000000', 8853774);

INSERT INTO A4GT_TRANSIZIONE_ISTRUTTORIA
(ID, VERSIONE, ID_STATO_INIZIALE, ID_STATO_FINALE, DATA_ESECUZIONE, ID_ISTRUTTORIA)
VALUES(16525790, 1, (SELECT ID FROM A4GD_STATO_LAV_SOSTEGNO WHERE IDENTIFICATIVO='CONTROLLI_CALCOLO_KO'), (SELECT ID FROM A4GD_STATO_LAV_SOSTEGNO WHERE IDENTIFICATIVO='CONTROLLI_CALCOLO_KO'), TIMESTAMP '2020-06-24 08:39:33.000000', 12004599);
--Passo Transizione
INSERT INTO A4GT_PASSO_TRANSIZIONE
(ID, VERSIONE, ID_TRANSIZ_SOSTEGNO, CODICE_PASSO, ESITO, CODICE_ESITO, DATI_INPUT, DATI_OUTPUT, DATI_SINTESI_LAVORAZIONE)
VALUES(11928009, 0, 11928004, 'AMMISSIBILITA', 'OK', 'DUT_001', '{"variabiliCalcolo":[{"tipoVariabile":"GREPERC","valNumber":0.5192},{"tipoVariabile":"PERCRIDLINTIT","valNumber":0.0000},{"tipoVariabile":"BPSSUPIMP200","valNumber":0.0016},{"tipoVariabile":"BPSSUPIMP","valNumber":2.9473},{"tipoVariabile":"GRERIC","valBoolean":true},{"tipoVariabile":"GIORIC","valBoolean":true},{"tipoVariabile":"GIOPERC","valNumber":0.0000},{"tipoVariabile":"GIOLIMITE","valNumber":90.0000},{"tipoVariabile":"TITONUM","valNumber":56},{"tipoVariabile":"TITSUP","valNumber":55.8400},{"tipoVariabile":"TITVAL","valNumber":210.53},{"tipoVariabile":"TITVALGIO","valNumber":210.53},{"tipoVariabile":"AGRATT","valBoolean":true}],"variabiliCalcoloDaStampare":[{"tipoVariabile":"GREPERC","valNumber":0.5192},{"tipoVariabile":"PERCRIDLINTIT","valNumber":0.0000},{"tipoVariabile":"BPSSUPIMP200","valNumber":0.0016},{"tipoVariabile":"BPSSUPIMP","valNumber":2.9473},{"tipoVariabile":"GRERIC","valBoolean":true},{"tipoVariabile":"GIORIC","valBoolean":true},{"tipoVariabile":"GIOPERC","valNumber":0.0000},{"tipoVariabile":"GIOLIMITE","valNumber":90.0000},{"tipoVariabile":"TITONUM","valNumber":56},{"tipoVariabile":"TITSUP","valNumber":55.8400},{"tipoVariabile":"TITVAL","valNumber":210.53},{"tipoVariabile":"TITVALGIO","valNumber":210.53},{"tipoVariabile":"AGRATT","valBoolean":true}]}', '{"variabiliCalcolo":[{"tipoVariabile":"BPSSUPRIC","valNumber":2.9473},{"tipoVariabile":"BPSIMPRIC","valNumber":620.50},{"tipoVariabile":"GRESUPRIC","valNumber":2.9473},{"tipoVariabile":"GREIMPRIC","valNumber":322.16},{"tipoVariabile":"GIOSUPRIC","valNumber":2.9473},{"tipoVariabile":"GIOIMPRIC","valNumber":0.00},{"tipoVariabile":"TITVALGIORID","valNumber":210.53},{"tipoVariabile":"TITVALRID","valNumber":210.53}],"variabiliCalcoloDaStampare":[{"tipoVariabile":"BPSSUPRIC","valNumber":2.9473},{"tipoVariabile":"BPSIMPRIC","valNumber":620.50},{"tipoVariabile":"GRESUPRIC","valNumber":2.9473},{"tipoVariabile":"GREIMPRIC","valNumber":322.16},{"tipoVariabile":"GIOSUPRIC","valNumber":2.9473},{"tipoVariabile":"GIOIMPRIC","valNumber":0.00},{"tipoVariabile":"TITVALGIORID","valNumber":210.53},{"tipoVariabile":"TITVALRID","valNumber":210.53}]}', '{"variabiliCalcolo":[],"esitiControlli":[{"tipoControllo":"BRIDUSDC009_infoAgricoltoreAttivo","esito":true,"livelloControllo":"SUCCESS"},{"tipoControllo":"BRIDUSDC010_agricoltoreAttivo","esito":true,"livelloControllo":"SUCCESS"},{"tipoControllo":"BRIDUSDC012_superficieMinima","esito":true,"livelloControllo":"SUCCESS"},{"tipoControllo":"BRIDUSDC011_impegnoTitoli","esito":true,"livelloControllo":"SUCCESS"}],"variabiliParticellaColtura":null,"variabiliCalcoloDaStampare":[]}');
INSERT INTO A4GT_PASSO_TRANSIZIONE
(ID, VERSIONE, ID_TRANSIZ_SOSTEGNO, CODICE_PASSO, ESITO, CODICE_ESITO, DATI_INPUT, DATI_OUTPUT, DATI_SINTESI_LAVORAZIONE)
VALUES(11928010, 0, 11928004, 'ANOMALIE_MANTENIMENTO', 'OK', 'DUT_002', '{"variabiliCalcolo":[{"tipoVariabile":"PFSUPELE","valList":[{"particella":{"idParticella":1454737,"comune":"MADRUZZO - CALAVINO (TN)","codNazionale":"B386","foglio":9999,"particella":"00844","sub":" "},"coltura":"080-336-052","descColtura":null,"livello":null,"valNum":0.1578,"valBool":false,"valString":"0","descMantenimento":null},{"particella":{"idParticella":1454769,"comune":"MADRUZZO - CALAVINO (TN)","codNazionale":"B386","foglio":9999,"particella":"00846","sub":"1"},"coltura":"080-336-052","descColtura":null,"livello":null,"valNum":0.4997,"valBool":false,"valString":"0","descMantenimento":null},{"particella":{"idParticella":1454771,"comune":"MADRUZZO - CALAVINO (TN)","codNazionale":"B386","foglio":9999,"particella":"00842","sub":" "},"coltura":"080-336-052","descColtura":null,"livello":null,"valNum":0.3928,"valBool":false,"valString":"0","descMantenimento":null},{"particella":{"idParticella":2674713,"comune":"TRENTO - SOPRAMONTE (TN)","codNazionale":"P630","foglio":9999,"particella":"02561","sub":" "},"coltura":"080-336-052","descColtura":null,"livello":null,"valNum":0.1715,"valBool":false,"valString":"0","descMantenimento":null},{"particella":{"idParticella":1454770,"comune":"MADRUZZO - CALAVINO (TN)","codNazionale":"B386","foglio":9999,"particella":"00845","sub":" "},"coltura":"080-336-052","descColtura":null,"livello":null,"valNum":1.7255,"valBool":false,"valString":"0","descMantenimento":null}]},{"tipoVariabile":"PFSUPSIGECO","valList":[{"particella":{"idParticella":1454737,"comune":"MADRUZZO - CALAVINO (TN)","codNazionale":"B386","foglio":9999,"particella":"00844","sub":" "},"coltura":"080-336-052","descColtura":null,"livello":null,"valNum":0.0,"valBool":false,"valString":"0","descMantenimento":null},{"particella":{"idParticella":1454769,"comune":"MADRUZZO - CALAVINO (TN)","codNazionale":"B386","foglio":9999,"particella":"00846","sub":"1"},"coltura":"080-336-052","descColtura":null,"livello":null,"valNum":0.0,"valBool":false,"valString":"0","descMantenimento":null},{"particella":{"idParticella":1454771,"comune":"MADRUZZO - CALAVINO (TN)","codNazionale":"B386","foglio":9999,"particella":"00842","sub":" "},"coltura":"080-336-052","descColtura":null,"livello":null,"valNum":0.0,"valBool":false,"valString":"0","descMantenimento":null},{"particella":{"idParticella":2674713,"comune":"TRENTO - SOPRAMONTE (TN)","codNazionale":"P630","foglio":9999,"particella":"02561","sub":" "},"coltura":"080-336-052","descColtura":null,"livello":null,"valNum":0.0,"valBool":false,"valString":"0","descMantenimento":null},{"particella":{"idParticella":1454770,"comune":"MADRUZZO - CALAVINO (TN)","codNazionale":"B386","foglio":9999,"particella":"00845","sub":" "},"coltura":"080-336-052","descColtura":null,"livello":null,"valNum":0.0,"valBool":false,"valString":"0","descMantenimento":null}]},{"tipoVariabile":"ISCAMP","valBoolean":false}],"variabiliCalcoloDaStampare":[{"tipoVariabile":"ISCAMP","valBoolean":false}]}', '{"variabiliCalcolo":[],"variabiliCalcoloDaStampare":[]}', '{"variabiliCalcolo":[],"esitiControlli":[],"variabiliParticellaColtura":null,"variabiliCalcoloDaStampare":[]}');
INSERT INTO A4GT_PASSO_TRANSIZIONE
(ID, VERSIONE, ID_TRANSIZ_SOSTEGNO, CODICE_PASSO, ESITO, CODICE_ESITO, DATI_INPUT, DATI_OUTPUT, DATI_SINTESI_LAVORAZIONE)
VALUES(11928017, 0, 11928004, 'SANZIONI_BPS', 'KO', 'DUF_027', '{"variabiliCalcolo":[{"tipoVariabile":"TITVALRID","valNumber":210.53},{"tipoVariabile":"BPSIMPAMM","valNumber":620.50},{"tipoVariabile":"BPSIMPRIC","valNumber":620.50},{"tipoVariabile":"BPSSUPSCOST","valNumber":0.0000},{"tipoVariabile":"BPSPERCSCOST","valNumber":0.0000},{"tipoVariabile":"BPSDOMLIQANNOPREC","valBoolean":false}],"variabiliCalcoloDaStampare":[{"tipoVariabile":"TITVALRID","valNumber":210.53},{"tipoVariabile":"BPSIMPAMM","valNumber":620.50},{"tipoVariabile":"BPSIMPRIC","valNumber":620.50},{"tipoVariabile":"BPSSUPSCOST","valNumber":0.0000},{"tipoVariabile":"BPSPERCSCOST","valNumber":0.0000}]}', '{"variabiliCalcolo":[],"variabiliCalcoloDaStampare":[]}', '{"variabiliCalcolo":[],"esitiControlli":[{"tipoControllo":"BRIDUSDC109_isDomandaLiqAnnoPrec","esito":false,"livelloControllo":"ERROR"}],"variabiliParticellaColtura":null,"variabiliCalcoloDaStampare":[]}');
INSERT INTO A4GT_PASSO_TRANSIZIONE
(ID, VERSIONE, ID_TRANSIZ_SOSTEGNO, CODICE_PASSO, ESITO, CODICE_ESITO, DATI_INPUT, DATI_OUTPUT, DATI_SINTESI_LAVORAZIONE)
VALUES(11928015, 0, 11928004, 'RIDUZIONI_BPS', 'OK', 'DUT_005', '{"variabiliCalcolo":[{"tipoVariabile":"PFSUPIMP","valList":[{"particella":{"idParticella":1454737,"comune":"MADRUZZO - CALAVINO (TN)","codNazionale":"B386","foglio":9999,"particella":"00844","sub":" "},"coltura":"080-336-052","descColtura":null,"livello":"131","valNum":0.1578,"valBool":null,"valString":null,"descMantenimento":null},{"particella":{"idParticella":1454769,"comune":"MADRUZZO - CALAVINO (TN)","codNazionale":"B386","foglio":9999,"particella":"00846","sub":"1"},"coltura":"080-336-052","descColtura":null,"livello":"131","valNum":0.4997,"valBool":null,"valString":null,"descMantenimento":null},{"particella":{"idParticella":1454771,"comune":"MADRUZZO - CALAVINO (TN)","codNazionale":"B386","foglio":9999,"particella":"00842","sub":" "},"coltura":"080-336-052","descColtura":null,"livello":"131","valNum":0.3928,"valBool":null,"valString":null,"descMantenimento":null},{"particella":{"idParticella":2674713,"comune":"TRENTO - SOPRAMONTE (TN)","codNazionale":"P630","foglio":9999,"particella":"02561","sub":" "},"coltura":"080-336-052","descColtura":null,"livello":"131","valNum":0.1715,"valBool":null,"valString":null,"descMantenimento":null},{"particella":{"idParticella":1454770,"comune":"MADRUZZO - CALAVINO (TN)","codNazionale":"B386","foglio":9999,"particella":"00845","sub":" "},"coltura":"080-336-052","descColtura":null,"livello":"131","valNum":1.7255,"valBool":null,"valString":null,"descMantenimento":null}]},{"tipoVariabile":"PFSUPELE","valList":[{"particella":{"idParticella":1454737,"comune":"MADRUZZO - CALAVINO (TN)","codNazionale":"B386","foglio":9999,"particella":"00844","sub":" "},"coltura":"080-336-052","descColtura":null,"livello":null,"valNum":0.1578,"valBool":false,"valString":"0","descMantenimento":null},{"particella":{"idParticella":1454769,"comune":"MADRUZZO - CALAVINO (TN)","codNazionale":"B386","foglio":9999,"particella":"00846","sub":"1"},"coltura":"080-336-052","descColtura":null,"livello":null,"valNum":0.4997,"valBool":false,"valString":"0","descMantenimento":null},{"particella":{"idParticella":1454771,"comune":"MADRUZZO - CALAVINO (TN)","codNazionale":"B386","foglio":9999,"particella":"00842","sub":" "},"coltura":"080-336-052","descColtura":null,"livello":null,"valNum":0.3928,"valBool":false,"valString":"0","descMantenimento":null},{"particella":{"idParticella":2674713,"comune":"TRENTO - SOPRAMONTE (TN)","codNazionale":"P630","foglio":9999,"particella":"02561","sub":" "},"coltura":"080-336-052","descColtura":null,"livello":null,"valNum":0.1715,"valBool":false,"valString":"0","descMantenimento":null},{"particella":{"idParticella":1454770,"comune":"MADRUZZO - CALAVINO (TN)","codNazionale":"B386","foglio":9999,"particella":"00845","sub":" "},"coltura":"080-336-052","descColtura":null,"livello":null,"valNum":1.7255,"valBool":false,"valString":"0","descMantenimento":null}]},{"tipoVariabile":"PFSUPSIGECO","valList":[{"particella":{"idParticella":1454737,"comune":"MADRUZZO - CALAVINO (TN)","codNazionale":"B386","foglio":9999,"particella":"00844","sub":" "},"coltura":"080-336-052","descColtura":null,"livello":null,"valNum":0.0,"valBool":false,"valString":"0","descMantenimento":null},{"particella":{"idParticella":1454769,"comune":"MADRUZZO - CALAVINO (TN)","codNazionale":"B386","foglio":9999,"particella":"00846","sub":"1"},"coltura":"080-336-052","descColtura":null,"livello":null,"valNum":0.0,"valBool":false,"valString":"0","descMantenimento":null},{"particella":{"idParticella":1454771,"comune":"MADRUZZO - CALAVINO (TN)","codNazionale":"B386","foglio":9999,"particella":"00842","sub":" "},"coltura":"080-336-052","descColtura":null,"livello":null,"valNum":0.0,"valBool":false,"valString":"0","descMantenimento":null},{"particella":{"idParticella":2674713,"comune":"TRENTO - SOPRAMONTE (TN)","codNazionale":"P630","foglio":9999,"particella":"02561","sub":" "},"coltura":"080-336-052","descColtura":null,"livello":null,"valNum":0.0,"valBool":false,"valString":"0","descMantenimento":null},{"particella":{"idParticella":1454770,"comune":"MADRUZZO - CALAVINO (TN)","codNazionale":"B386","foglio":9999,"particella":"00845","sub":" "},"coltura":"080-336-052","descColtura":null,"livello":null,"valNum":0.0,"valBool":false,"valString":"0","descMantenimento":null}]},{"tipoVariabile":"PFANOMMAN","valList":[{"particella":{"idParticella":1454737,"comune":"MADRUZZO - CALAVINO (TN)","codNazionale":"B386","foglio":9999,"particella":"00844","sub":" "},"coltura":"080-336-052","descColtura":null,"livello":"131","valNum":null,"valBool":false,"valString":null,"descMantenimento":null},{"particella":{"idParticella":1454769,"comune":"MADRUZZO - CALAVINO (TN)","codNazionale":"B386","foglio":9999,"particella":"00846","sub":"1"},"coltura":"080-336-052","descColtura":null,"livello":"131","valNum":null,"valBool":false,"valString":null,"descMantenimento":null},{"particella":{"idParticella":1454771,"comune":"MADRUZZO - CALAVINO (TN)","codNazionale":"B386","foglio":9999,"particella":"00842","sub":" "},"coltura":"080-336-052","descColtura":null,"livello":"131","valNum":null,"valBool":false,"valString":null,"descMantenimento":null},{"particella":{"idParticella":2674713,"comune":"TRENTO - SOPRAMONTE (TN)","codNazionale":"P630","foglio":9999,"particella":"02561","sub":" "},"coltura":"080-336-052","descColtura":null,"livello":"131","valNum":null,"valBool":false,"valString":null,"descMantenimento":null},{"particella":{"idParticella":1454770,"comune":"MADRUZZO - CALAVINO (TN)","codNazionale":"B386","foglio":9999,"particella":"00845","sub":" "},"coltura":"080-336-052","descColtura":null,"livello":"131","valNum":null,"valBool":false,"valString":null,"descMantenimento":null}]},{"tipoVariabile":"BPSSUPSCOSTMAN","valNumber":0.0000},{"tipoVariabile":"PFANOMCOORD","valList":[{"particella":{"idParticella":1454737,"comune":"MADRUZZO - CALAVINO (TN)","codNazionale":"B386","foglio":9999,"particella":"00844","sub":" "},"coltura":"080-336-052","descColtura":null,"livello":"131","valNum":null,"valBool":false,"valString":null,"descMantenimento":null},{"particella":{"idParticella":1454769,"comune":"MADRUZZO - CALAVINO (TN)","codNazionale":"B386","foglio":9999,"particella":"00846","sub":"1"},"coltura":"080-336-052","descColtura":null,"livello":"131","valNum":null,"valBool":false,"valString":null,"descMantenimento":null},{"particella":{"idParticella":1454771,"comune":"MADRUZZO - CALAVINO (TN)","codNazionale":"B386","foglio":9999,"particella":"00842","sub":" "},"coltura":"080-336-052","descColtura":null,"livello":"131","valNum":null,"valBool":false,"valString":null,"descMantenimento":null},{"particella":{"idParticella":2674713,"comune":"TRENTO - SOPRAMONTE (TN)","codNazionale":"P630","foglio":9999,"particella":"02561","sub":" "},"coltura":"080-336-052","descColtura":null,"livello":"131","valNum":null,"valBool":false,"valString":null,"descMantenimento":null},{"particella":{"idParticella":1454770,"comune":"MADRUZZO - CALAVINO (TN)","codNazionale":"B386","foglio":9999,"particella":"00845","sub":" "},"coltura":"080-336-052","descColtura":null,"livello":"131","valNum":null,"valBool":false,"valString":null,"descMantenimento":null}]},{"tipoVariabile":"BPSSUPSCOSTCOO","valNumber":0.0000},{"tipoVariabile":"TITVALRID","valNumber":210.53},{"tipoVariabile":"BPSSUPRIC","valNumber":2.9473},{"tipoVariabile":"BPSSUPELE","valNumber":2.9473},{"tipoVariabile":"BPSSUPSIGECO","valNumber":0.0000},{"tipoVariabile":"ISCAMP","valBoolean":false},{"tipoVariabile":"DOMSIGECOCHIUSA","valBoolean":false}],"variabiliCalcoloDaStampare":[{"tipoVariabile":"BPSSUPSCOSTMAN","valNumber":0.0000},{"tipoVariabile":"BPSSUPSCOSTCOO","valNumber":0.0000},{"tipoVariabile":"TITVALRID","valNumber":210.53},{"tipoVariabile":"BPSSUPRIC","valNumber":2.9473},{"tipoVariabile":"BPSSUPELE","valNumber":2.9473},{"tipoVariabile":"BPSSUPSIGECO","valNumber":0.0000},{"tipoVariabile":"ISCAMP","valBoolean":false},{"tipoVariabile":"DOMSIGECOCHIUSA","valBoolean":false}]}', '{"variabiliCalcolo":[{"tipoVariabile":"BPSSUPDET","valNumber":2.9473},{"tipoVariabile":"BPSSUPAMM","valNumber":2.9473},{"tipoVariabile":"BPSIMPAMM","valNumber":620.50},{"tipoVariabile":"BPSSUPSCOST","valNumber":0.0000},{"tipoVariabile":"BPSPERCSCOST","valNumber":0.0000},{"tipoVariabile":"BPSIMPRID","valNumber":0.00}],"variabiliCalcoloDaStampare":[{"tipoVariabile":"BPSSUPDET","valNumber":2.9473},{"tipoVariabile":"BPSSUPAMM","valNumber":2.9473},{"tipoVariabile":"BPSIMPAMM","valNumber":620.50},{"tipoVariabile":"BPSSUPSCOST","valNumber":0.0000},{"tipoVariabile":"BPSPERCSCOST","valNumber":0.0000},{"tipoVariabile":"BPSIMPRID","valNumber":0.00}]}', '{"variabiliCalcolo":[{"tipoVariabile":"PFSUPDET","valList":[{"particella":{"idParticella":1454737,"comune":"MADRUZZO - CALAVINO (TN)","codNazionale":"B386","foglio":9999,"particella":"00844","sub":" "},"coltura":"080-336-052","descColtura":null,"livello":"131","valNum":0.1578,"valBool":false,"valString":"0","descMantenimento":null},{"particella":{"idParticella":1454769,"comune":"MADRUZZO - CALAVINO (TN)","codNazionale":"B386","foglio":9999,"particella":"00846","sub":"1"},"coltura":"080-336-052","descColtura":null,"livello":"131","valNum":0.4997,"valBool":false,"valString":"0","descMantenimento":null},{"particella":{"idParticella":1454771,"comune":"MADRUZZO - CALAVINO (TN)","codNazionale":"B386","foglio":9999,"particella":"00842","sub":" "},"coltura":"080-336-052","descColtura":null,"livello":"131","valNum":0.3928,"valBool":false,"valString":"0","descMantenimento":null},{"particella":{"idParticella":2674713,"comune":"TRENTO - SOPRAMONTE (TN)","codNazionale":"P630","foglio":9999,"particella":"02561","sub":" "},"coltura":"080-336-052","descColtura":null,"livello":"131","valNum":0.1715,"valBool":false,"valString":"0","descMantenimento":null},{"particella":{"idParticella":1454770,"comune":"MADRUZZO - CALAVINO (TN)","codNazionale":"B386","foglio":9999,"particella":"00845","sub":" "},"coltura":"080-336-052","descColtura":null,"livello":"131","valNum":1.7255,"valBool":false,"valString":"0","descMantenimento":null}]}],"esitiControlli":[{"tipoControllo":"BRIDUSDC022_idDomandaCampione","esito":false,"livelloControllo":"NULL"},{"tipoControllo":"BRIDUSDC021_idDomandaSanzioni","esito":false,"valString":"false","livelloControllo":"NULL"},{"tipoControllo":"BRIDUSDC020_idDomandaRiduzione","esito":false,"livelloControllo":"NULL"},{"tipoControllo":"BRIDUSDC035_supMinimaAmmessa","esito":true,"livelloControllo":"NULL"}],"variabiliParticellaColtura":[{"tipoVariabile":"PFSUPDET","valList":[{"particella":{"idParticella":1454737,"comune":"MADRUZZO - CALAVINO (TN)","codNazionale":"B386","foglio":9999,"particella":"00844","sub":" "},"coltura":"080-336-052","descColtura":null,"livello":"131","valNum":0.1578,"valBool":false,"valString":"0","descMantenimento":null},{"particella":{"idParticella":1454769,"comune":"MADRUZZO - CALAVINO (TN)","codNazionale":"B386","foglio":9999,"particella":"00846","sub":"1"},"coltura":"080-336-052","descColtura":null,"livello":"131","valNum":0.4997,"valBool":false,"valString":"0","descMantenimento":null},{"particella":{"idParticella":1454771,"comune":"MADRUZZO - CALAVINO (TN)","codNazionale":"B386","foglio":9999,"particella":"00842","sub":" "},"coltura":"080-336-052","descColtura":null,"livello":"131","valNum":0.3928,"valBool":false,"valString":"0","descMantenimento":null},{"particella":{"idParticella":2674713,"comune":"TRENTO - SOPRAMONTE (TN)","codNazionale":"P630","foglio":9999,"particella":"02561","sub":" "},"coltura":"080-336-052","descColtura":null,"livello":"131","valNum":0.1715,"valBool":false,"valString":"0","descMantenimento":null},{"particella":{"idParticella":1454770,"comune":"MADRUZZO - CALAVINO (TN)","codNazionale":"B386","foglio":9999,"particella":"00845","sub":" "},"coltura":"080-336-052","descColtura":null,"livello":"131","valNum":1.7255,"valBool":false,"valString":"0","descMantenimento":null}]}],"variabiliCalcoloDaStampare":[]}');

INSERT INTO A4GT_PASSO_TRANSIZIONE
(ID, VERSIONE, ID_TRANSIZ_SOSTEGNO, CODICE_PASSO, ESITO, CODICE_ESITO, DATI_INPUT, DATI_OUTPUT, DATI_SINTESI_LAVORAZIONE)
VALUES(14528855, 0, 14528854, 'LIQUIDABILITA', 'KO', 'DUF_020', '{}', '{"variabiliCalcolo":[],"variabiliCalcoloDaStampare":[]}', '{"variabiliCalcolo":[],"esitiControlli":[{"tipoControllo":"BRIDUSDL037_iban","esito":true,"livelloControllo":"INFO"},{"tipoControllo":"BRIDUSDL039_agea","esito":true,"livelloControllo":"ERROR"},{"tipoControllo":"BRIDUNVL129_erede","esito":false,"livelloControllo":"NULL"},{"tipoControllo":"BRIDUSDL038_titolare","esito":false,"livelloControllo":"INFO"},{"tipoControllo":"BRIDUSDL133_importoErogabilePositivo","esito":true,"livelloControllo":"NULL"}],"variabiliParticellaColtura":null,"variabiliCalcoloDaStampare":[]}');

INSERT INTO A4GT_PASSO_TRANSIZIONE
(ID, VERSIONE, ID_TRANSIZ_SOSTEGNO, CODICE_PASSO, ESITO, CODICE_ESITO, DATI_INPUT, DATI_OUTPUT, DATI_SINTESI_LAVORAZIONE)
VALUES(13936432, 0, 13936431, 'CALCOLO_ACZ', 'OK', 'DUF_010', '{"variabiliCalcolo":[{"tipoVariabile":"ACZVAL_318","valNumber":60.26},{"tipoVariabile":"PERCSANZDET_313","valNumber":0.0000},{"tipoVariabile":"ACZCAPISANZTOT","valNumber":0},{"tipoVariabile":"ACZCAPIACC_313","valNumber":3},{"tipoVariabile":"ACZIMPACCTOT","valNumber":365.61},{"tipoVariabile":"ACZVAL_315","valNumber":40.72},{"tipoVariabile":"PERCSANZ_313","valNumber":0.0000},{"tipoVariabile":"AZCMPOVI","valBoolean":false},{"tipoVariabile":"ACZVAL_321","valNumber":0.00},{"tipoVariabile":"ACZVAL_316","valNumber":60.26},{"tipoVariabile":"ACZCONTROLLILOCO","valBoolean":false},{"tipoVariabile":"ACZVAL_313","valNumber":121.87},{"tipoVariabile":"ACZUBA_OVI","valNumber":0.00},{"tipoVariabile":"ACZCAPIDUPTOT","valNumber":0},{"tipoVariabile":"AZCMPBOV","valBoolean":false},{"tipoVariabile":"ACZIMPRICNETTOT","valNumber":365.61},{"tipoVariabile":"ACZIMPEROTOT","valNumber":0.00},{"tipoVariabile":"ACZCAPIRICNET_313","valNumber":3},{"tipoVariabile":"ACZVAL_320","valNumber":23.41},{"tipoVariabile":"AGRATT","valBoolean":true},{"tipoVariabile":"ACZUBA_MAC","valNumber":0.00},{"tipoVariabile":"ACZCAPIDEBTOT","valNumber":0},{"tipoVariabile":"ACZVAL_322","valNumber":63.37},{"tipoVariabile":"PERCRIT","valNumber":0.0000},{"tipoVariabile":"ACZUBA_LAT","valNumber":3.00},{"tipoVariabile":"ACZUBATOT","valNumber":3.00},{"tipoVariabile":"INFOAGRATT","valBoolean":true},{"tipoVariabile":"ACZCAPIRICTOT","valNumber":3},{"tipoVariabile":"ACZCAPIACCTOT","valNumber":0},{"tipoVariabile":"ACZCAPIRIC_313","valNumber":3},{"tipoVariabile":"ACZCAPIRICNETTOT","valNumber":3},{"tipoVariabile":"ACZVAL_311","valNumber":162.44},{"tipoVariabile":"ACZVAL_310","valNumber":71.81}],"variabiliCalcoloDaStampare":[{"tipoVariabile":"ACZVAL_318","valNumber":60.26},{"tipoVariabile":"PERCSANZDET_313","valNumber":0.0000},{"tipoVariabile":"ACZCAPISANZTOT","valNumber":0},{"tipoVariabile":"ACZCAPIACC_313","valNumber":3},{"tipoVariabile":"ACZIMPACCTOT","valNumber":365.61},{"tipoVariabile":"ACZVAL_315","valNumber":40.72},{"tipoVariabile":"PERCSANZ_313","valNumber":0.0000},{"tipoVariabile":"AZCMPOVI","valBoolean":false},{"tipoVariabile":"ACZVAL_321","valNumber":0.00},{"tipoVariabile":"ACZVAL_316","valNumber":60.26},{"tipoVariabile":"ACZCONTROLLILOCO","valBoolean":false},{"tipoVariabile":"ACZVAL_313","valNumber":121.87},{"tipoVariabile":"ACZUBA_OVI","valNumber":0.00},{"tipoVariabile":"ACZCAPIDUPTOT","valNumber":0},{"tipoVariabile":"AZCMPBOV","valBoolean":false},{"tipoVariabile":"ACZIMPRICNETTOT","valNumber":365.61},{"tipoVariabile":"ACZIMPEROTOT","valNumber":0.00},{"tipoVariabile":"ACZCAPIRICNET_313","valNumber":3},{"tipoVariabile":"ACZVAL_320","valNumber":23.41},{"tipoVariabile":"AGRATT","valBoolean":true},{"tipoVariabile":"ACZUBA_MAC","valNumber":0.00},{"tipoVariabile":"ACZCAPIDEBTOT","valNumber":0},{"tipoVariabile":"ACZVAL_322","valNumber":63.37},{"tipoVariabile":"PERCRIT","valNumber":0.0000},{"tipoVariabile":"ACZUBA_LAT","valNumber":3.00},{"tipoVariabile":"ACZUBATOT","valNumber":3.00},{"tipoVariabile":"INFOAGRATT","valBoolean":true},{"tipoVariabile":"ACZCAPIRICTOT","valNumber":3},{"tipoVariabile":"ACZCAPIACCTOT","valNumber":0},{"tipoVariabile":"ACZCAPIRIC_313","valNumber":3},{"tipoVariabile":"ACZCAPIRICNETTOT","valNumber":3},{"tipoVariabile":"ACZVAL_311","valNumber":162.44},{"tipoVariabile":"ACZVAL_310","valNumber":71.81}]}', '{"variabiliCalcolo":[{"tipoVariabile":"ACZIMPRICNET_321","valNumber":0.00},{"tipoVariabile":"ACZIMPRIDSANZ_313","valNumber":0.00},{"tipoVariabile":"ACZIMPRIDSANZ_311","valNumber":0.00},{"tipoVariabile":"ACZIMPACC_310","valNumber":0.00},{"tipoVariabile":"ACZIMPRIDRITTOT","valNumber":0.00},{"tipoVariabile":"ACZIMPRID_311","valNumber":0.00},{"tipoVariabile":"ACZIMPACC_318","valNumber":0.00},{"tipoVariabile":"ACZIMPRICNET_318","valNumber":0.00},{"tipoVariabile":"ACZIMPRID_316","valNumber":0.00},{"tipoVariabile":"ACZIMPRIDRIT_310","valNumber":0.00},{"tipoVariabile":"ACZIMPRID_320","valNumber":0.00},{"tipoVariabile":"ACZIMPCALC_311","valNumber":0.00},{"tipoVariabile":"ACZIMPDEBCTOT","valNumber":0.00},{"tipoVariabile":"ACZIMPACC_311","valNumber":0.00},{"tipoVariabile":"ACZIMPACC_316","valNumber":0.00},{"tipoVariabile":"ACZIMPRIDRIT_322","valNumber":0.00},{"tipoVariabile":"ACZIMPRICNET_310","valNumber":0.00},{"tipoVariabile":"ACZIMPRIDSANZ_310","valNumber":0.00},{"tipoVariabile":"ACZIMPCALCLORDO_310","valNumber":0.00},{"tipoVariabile":"ACZIMPCALC_320","valNumber":0.00},{"tipoVariabile":"ACZIMPRIDRIT_316","valNumber":0.00},{"tipoVariabile":"ACZIMPCALCLORDO_313","valNumber":365.61},{"tipoVariabile":"ACZIMPRIDRIT_320","valNumber":0.00},{"tipoVariabile":"ACZIMPCALC_316","valNumber":0.00},{"tipoVariabile":"ACZIMPRIDSANZ_315","valNumber":0.00},{"tipoVariabile":"ACZIMPRIDSANZTOT","valNumber":0.00},{"tipoVariabile":"ACZIMPRIDRIT_321","valNumber":0.00},{"tipoVariabile":"ACZIMPCALCLORDOTOT","valNumber":365.61},{"tipoVariabile":"ACZIMPCALCLORDO_320","valNumber":0.00},{"tipoVariabile":"ACZIMPCALCLORDO_315","valNumber":0.00},{"tipoVariabile":"ACZIMPACC_313","valNumber":365.61},{"tipoVariabile":"ACZIMPCALCLORDO_322","valNumber":0.00},{"tipoVariabile":"ACZIMPCALCTOT","valNumber":365.61},{"tipoVariabile":"ACZIMPCALC_322","valNumber":0.00},{"tipoVariabile":"ACZIMPCALCLORDO_311","valNumber":0.00},{"tipoVariabile":"ACZIMPRID_321","valNumber":0.00},{"tipoVariabile":"ACZIMPACC_321","valNumber":0.00},{"tipoVariabile":"ACZIMPRIDTOT","valNumber":0.00},{"tipoVariabile":"ACZIMPCALCLORDO_316","valNumber":0.00},{"tipoVariabile":"ACZIMPCALC_310","valNumber":0.00},{"tipoVariabile":"ACZIMPRIDRIT_315","valNumber":0.00},{"tipoVariabile":"ACZIMPCALCLORDO_321","valNumber":0.00},{"tipoVariabile":"ACZIMPCALC_318","valNumber":0.00},{"tipoVariabile":"ACZIMPCALC_315","valNumber":0.00},{"tipoVariabile":"ACZIMPRID_318","valNumber":0.00},{"tipoVariabile":"ACZIMPRIDRIT_311","valNumber":0.00},{"tipoVariabile":"ACZIMPRIDRIT_313","valNumber":0.00},{"tipoVariabile":"ACZIMPCALC_313","valNumber":365.61},{"tipoVariabile":"ACZIMPRICNET_311","valNumber":0.00},{"tipoVariabile":"ACZIMPRIDSANZ_322","valNumber":0.00},{"tipoVariabile":"ACZIMPCALCLORDO_318","valNumber":0.00},{"tipoVariabile":"ACZIMPACC_315","valNumber":0.00},{"tipoVariabile":"ACZIMPRICNET_316","valNumber":0.00},{"tipoVariabile":"ACZIMPACC_320","valNumber":0.00},{"tipoVariabile":"ACZIMPRIDSANZ_320","valNumber":0.00},{"tipoVariabile":"ACZIMPRICNET_322","valNumber":0.00},{"tipoVariabile":"ACZIMPRICNET_315","valNumber":0.00},{"tipoVariabile":"ACZIMPRIDSANZ_321","valNumber":0.00},{"tipoVariabile":"ACZIMPRID_313","valNumber":0.00},{"tipoVariabile":"ACZIMPRICNET_320","valNumber":0.00},{"tipoVariabile":"ACZIMPRID_322","valNumber":0.00},{"tipoVariabile":"ACZIMPRIDSANZ_316","valNumber":0.00},{"tipoVariabile":"ACZIMPRID_310","valNumber":0.00},{"tipoVariabile":"ACZIMPRICNET_313","valNumber":365.61},{"tipoVariabile":"ACZIMPACC_322","valNumber":0.00},{"tipoVariabile":"ACZIMPRIDSANZ_318","valNumber":0.00},{"tipoVariabile":"ACZIMPRIDRIT_318","valNumber":0.00},{"tipoVariabile":"ACZIMPCALC_321","valNumber":0.00},{"tipoVariabile":"ACZIMPRID_315","valNumber":0.00}],"variabiliCalcoloDaStampare":[{"tipoVariabile":"ACZIMPRICNET_321","valNumber":0.00},{"tipoVariabile":"ACZIMPRIDSANZ_313","valNumber":0.00},{"tipoVariabile":"ACZIMPRIDSANZ_311","valNumber":0.00},{"tipoVariabile":"ACZIMPACC_310","valNumber":0.00},{"tipoVariabile":"ACZIMPRIDRITTOT","valNumber":0.00},{"tipoVariabile":"ACZIMPRID_311","valNumber":0.00},{"tipoVariabile":"ACZIMPACC_318","valNumber":0.00},{"tipoVariabile":"ACZIMPRICNET_318","valNumber":0.00},{"tipoVariabile":"ACZIMPRID_316","valNumber":0.00},{"tipoVariabile":"ACZIMPRIDRIT_310","valNumber":0.00},{"tipoVariabile":"ACZIMPRID_320","valNumber":0.00},{"tipoVariabile":"ACZIMPCALC_311","valNumber":0.00},{"tipoVariabile":"ACZIMPDEBCTOT","valNumber":0.00},{"tipoVariabile":"ACZIMPACC_311","valNumber":0.00},{"tipoVariabile":"ACZIMPACC_316","valNumber":0.00},{"tipoVariabile":"ACZIMPRIDRIT_322","valNumber":0.00},{"tipoVariabile":"ACZIMPRICNET_310","valNumber":0.00},{"tipoVariabile":"ACZIMPRIDSANZ_310","valNumber":0.00},{"tipoVariabile":"ACZIMPCALCLORDO_310","valNumber":0.00},{"tipoVariabile":"ACZIMPCALC_320","valNumber":0.00},{"tipoVariabile":"ACZIMPRIDRIT_316","valNumber":0.00},{"tipoVariabile":"ACZIMPCALCLORDO_313","valNumber":365.61},{"tipoVariabile":"ACZIMPRIDRIT_320","valNumber":0.00},{"tipoVariabile":"ACZIMPCALC_316","valNumber":0.00},{"tipoVariabile":"ACZIMPRIDSANZ_315","valNumber":0.00},{"tipoVariabile":"ACZIMPRIDSANZTOT","valNumber":0.00},{"tipoVariabile":"ACZIMPRIDRIT_321","valNumber":0.00},{"tipoVariabile":"ACZIMPCALCLORDOTOT","valNumber":365.61},{"tipoVariabile":"ACZIMPCALCLORDO_320","valNumber":0.00},{"tipoVariabile":"ACZIMPCALCLORDO_315","valNumber":0.00},{"tipoVariabile":"ACZIMPACC_313","valNumber":365.61},{"tipoVariabile":"ACZIMPCALCLORDO_322","valNumber":0.00},{"tipoVariabile":"ACZIMPCALCTOT","valNumber":365.61},{"tipoVariabile":"ACZIMPCALC_322","valNumber":0.00},{"tipoVariabile":"ACZIMPCALCLORDO_311","valNumber":0.00},{"tipoVariabile":"ACZIMPRID_321","valNumber":0.00},{"tipoVariabile":"ACZIMPACC_321","valNumber":0.00},{"tipoVariabile":"ACZIMPRIDTOT","valNumber":0.00},{"tipoVariabile":"ACZIMPCALCLORDO_316","valNumber":0.00},{"tipoVariabile":"ACZIMPCALC_310","valNumber":0.00},{"tipoVariabile":"ACZIMPRIDRIT_315","valNumber":0.00},{"tipoVariabile":"ACZIMPCALCLORDO_321","valNumber":0.00},{"tipoVariabile":"ACZIMPCALC_318","valNumber":0.00},{"tipoVariabile":"ACZIMPCALC_315","valNumber":0.00},{"tipoVariabile":"ACZIMPRID_318","valNumber":0.00},{"tipoVariabile":"ACZIMPRIDRIT_311","valNumber":0.00},{"tipoVariabile":"ACZIMPRIDRIT_313","valNumber":0.00},{"tipoVariabile":"ACZIMPCALC_313","valNumber":365.61},{"tipoVariabile":"ACZIMPRICNET_311","valNumber":0.00},{"tipoVariabile":"ACZIMPRIDSANZ_322","valNumber":0.00},{"tipoVariabile":"ACZIMPCALCLORDO_318","valNumber":0.00},{"tipoVariabile":"ACZIMPACC_315","valNumber":0.00},{"tipoVariabile":"ACZIMPRICNET_316","valNumber":0.00},{"tipoVariabile":"ACZIMPACC_320","valNumber":0.00},{"tipoVariabile":"ACZIMPRIDSANZ_320","valNumber":0.00},{"tipoVariabile":"ACZIMPRICNET_322","valNumber":0.00},{"tipoVariabile":"ACZIMPRICNET_315","valNumber":0.00},{"tipoVariabile":"ACZIMPRIDSANZ_321","valNumber":0.00},{"tipoVariabile":"ACZIMPRID_313","valNumber":0.00},{"tipoVariabile":"ACZIMPRICNET_320","valNumber":0.00},{"tipoVariabile":"ACZIMPRID_322","valNumber":0.00},{"tipoVariabile":"ACZIMPRIDSANZ_316","valNumber":0.00},{"tipoVariabile":"ACZIMPRID_310","valNumber":0.00},{"tipoVariabile":"ACZIMPRICNET_313","valNumber":365.61},{"tipoVariabile":"ACZIMPACC_322","valNumber":0.00},{"tipoVariabile":"ACZIMPRIDSANZ_318","valNumber":0.00},{"tipoVariabile":"ACZIMPRIDRIT_318","valNumber":0.00},{"tipoVariabile":"ACZIMPCALC_321","valNumber":0.00},{"tipoVariabile":"ACZIMPRID_315","valNumber":0.00}]}', '{"variabiliCalcolo":[],"esitiControlli":[{"tipoControllo":"BRIDUSDC009_infoAgricoltoreAttivo","esito":true,"livelloControllo":"SUCCESS"},{"tipoControllo":"BRIDUSDC010_agricoltoreAttivo","esito":true,"livelloControllo":"SUCCESS"},{"tipoControllo":"BRIDUSDC022_idDomandaCampione","esito":false,"livelloControllo":"NULL"},{"tipoControllo":"BRIDUACZ107_UbaAmmessi","esito":true,"livelloControllo":"INFO"},{"tipoControllo":"BRIDUACZ123_VerificaControlliInLoco"},{"tipoControllo":"BRIDUACZ126_VerificaSanzioni","esito":true,"valString":"NESSUNA_SANZIONE","livelloControllo":"INFO"},{"tipoControllo":"BRIDUACZ127_Riduzioni","esito":false,"livelloControllo":"WARNING"}],"variabiliParticellaColtura":null,"variabiliCalcoloDaStampare":[]}');

INSERT INTO A4GT_PASSO_TRANSIZIONE
(ID, VERSIONE, ID_TRANSIZ_SOSTEGNO, CODICE_PASSO, ESITO, CODICE_ESITO, DATI_INPUT, DATI_OUTPUT, DATI_SINTESI_LAVORAZIONE)
VALUES(16525791, 0, 16525790, 'AMMISSIBILITA', 'OK', 'DUT_001', '{"variabiliCalcolo":[{"tipoVariabile":"GREPERC","valNumber":0.5175},{"tipoVariabile":"PERCRIDLINTIT","valNumber":0.0000},{"tipoVariabile":"BPSSUPIMP200","valNumber":0.0016},{"tipoVariabile":"BPSSUPIMP","valNumber":2.9473},{"tipoVariabile":"GRERIC","valBoolean":true},{"tipoVariabile":"GIORIC","valBoolean":true},{"tipoVariabile":"GIOPERC","valNumber":0.5000},{"tipoVariabile":"GIOLIMITE","valNumber":90.0000},{"tipoVariabile":"TITONUM","valNumber":56},{"tipoVariabile":"TITSUP","valNumber":55.8400},{"tipoVariabile":"TITVAL","valNumber":208.28},{"tipoVariabile":"TITVALGIO","valNumber":208.28},{"tipoVariabile":"AGRATT","valBoolean":true}],"variabiliCalcoloDaStampare":[{"tipoVariabile":"GREPERC","valNumber":0.5175},{"tipoVariabile":"PERCRIDLINTIT","valNumber":0.0000},{"tipoVariabile":"BPSSUPIMP200","valNumber":0.0016},{"tipoVariabile":"BPSSUPIMP","valNumber":2.9473},{"tipoVariabile":"GRERIC","valBoolean":true},{"tipoVariabile":"GIORIC","valBoolean":true},{"tipoVariabile":"GIOPERC","valNumber":0.5000},{"tipoVariabile":"GIOLIMITE","valNumber":90.0000},{"tipoVariabile":"TITONUM","valNumber":56},{"tipoVariabile":"TITSUP","valNumber":55.8400},{"tipoVariabile":"TITVAL","valNumber":208.28},{"tipoVariabile":"TITVALGIO","valNumber":208.28},{"tipoVariabile":"AGRATT","valBoolean":true}]}', '{"variabiliCalcolo":[{"tipoVariabile":"BPSSUPRIC","valNumber":2.9473},{"tipoVariabile":"BPSIMPRIC","valNumber":613.86},{"tipoVariabile":"GRESUPRIC","valNumber":2.9473},{"tipoVariabile":"GREIMPRIC","valNumber":317.67},{"tipoVariabile":"GIOSUPRIC","valNumber":2.9473},{"tipoVariabile":"GIOIMPRIC","valNumber":306.93},{"tipoVariabile":"TITVALGIORID","valNumber":208.28},{"tipoVariabile":"TITVALRID","valNumber":208.28}],"variabiliCalcoloDaStampare":[{"tipoVariabile":"BPSSUPRIC","valNumber":2.9473},{"tipoVariabile":"BPSIMPRIC","valNumber":613.86},{"tipoVariabile":"GRESUPRIC","valNumber":2.9473},{"tipoVariabile":"GREIMPRIC","valNumber":317.67},{"tipoVariabile":"GIOSUPRIC","valNumber":2.9473},{"tipoVariabile":"GIOIMPRIC","valNumber":306.93},{"tipoVariabile":"TITVALGIORID","valNumber":208.28},{"tipoVariabile":"TITVALRID","valNumber":208.28}]}', '{"variabiliCalcolo":[],"esitiControlli":[{"tipoControllo":"BRIDUSDC010_agricoltoreAttivo","esito":true,"livelloControllo":"SUCCESS"},{"tipoControllo":"BRIDUSDC009_infoAgricoltoreAttivo","esito":true,"livelloControllo":"SUCCESS"},{"tipoControllo":"BRIDUSDC011_impegnoTitoli","esito":true,"livelloControllo":"SUCCESS"},{"tipoControllo":"BRIDUSDC012_superficieMinima","esito":true,"livelloControllo":"SUCCESS"}],"variabiliParticellaColtura":null,"variabiliCalcoloDaStampare":[]}');
INSERT INTO A4GT_PASSO_TRANSIZIONE
(ID, VERSIONE, ID_TRANSIZ_SOSTEGNO, CODICE_PASSO, ESITO, CODICE_ESITO, DATI_INPUT, DATI_OUTPUT, DATI_SINTESI_LAVORAZIONE)
VALUES(16525796, 0, 16525790, 'ANOMALIE_MANTENIMENTO', 'OK', 'DUT_002', '{"variabiliCalcolo":[{"tipoVariabile":"PFSUPELE","valList":[{"particella":{"idParticella":1454737,"comune":"MADRUZZO - CALAVINO (TN)","codNazionale":"B386","foglio":9999,"particella":"00844","sub":" "},"coltura":"080-336-052","descColtura":null,"livello":null,"valNum":0.1578,"valBool":false,"valString":"0","descMantenimento":null},{"particella":{"idParticella":1454769,"comune":"MADRUZZO - CALAVINO (TN)","codNazionale":"B386","foglio":9999,"particella":"00846","sub":"1"},"coltura":"080-336-052","descColtura":null,"livello":null,"valNum":0.4997,"valBool":false,"valString":"0","descMantenimento":null},{"particella":{"idParticella":1454771,"comune":"MADRUZZO - CALAVINO (TN)","codNazionale":"B386","foglio":9999,"particella":"00842","sub":" "},"coltura":"080-336-052","descColtura":null,"livello":null,"valNum":0.3928,"valBool":false,"valString":"0","descMantenimento":null},{"particella":{"idParticella":2674713,"comune":"TRENTO - SOPRAMONTE (TN)","codNazionale":"P630","foglio":9999,"particella":"02561","sub":" "},"coltura":"080-336-052","descColtura":null,"livello":null,"valNum":0.1715,"valBool":false,"valString":"0","descMantenimento":null},{"particella":{"idParticella":1454770,"comune":"MADRUZZO - CALAVINO (TN)","codNazionale":"B386","foglio":9999,"particella":"00845","sub":" "},"coltura":"080-336-052","descColtura":null,"livello":null,"valNum":1.7255,"valBool":false,"valString":"0","descMantenimento":null}]},{"tipoVariabile":"PFSUPSIGECO","valList":[{"particella":{"idParticella":1454737,"comune":"MADRUZZO - CALAVINO (TN)","codNazionale":"B386","foglio":9999,"particella":"00844","sub":" "},"coltura":"080-336-052","descColtura":null,"livello":null,"valNum":0.0,"valBool":false,"valString":"0","descMantenimento":null},{"particella":{"idParticella":1454769,"comune":"MADRUZZO - CALAVINO (TN)","codNazionale":"B386","foglio":9999,"particella":"00846","sub":"1"},"coltura":"080-336-052","descColtura":null,"livello":null,"valNum":0.0,"valBool":false,"valString":"0","descMantenimento":null},{"particella":{"idParticella":1454771,"comune":"MADRUZZO - CALAVINO (TN)","codNazionale":"B386","foglio":9999,"particella":"00842","sub":" "},"coltura":"080-336-052","descColtura":null,"livello":null,"valNum":0.0,"valBool":false,"valString":"0","descMantenimento":null},{"particella":{"idParticella":2674713,"comune":"TRENTO - SOPRAMONTE (TN)","codNazionale":"P630","foglio":9999,"particella":"02561","sub":" "},"coltura":"080-336-052","descColtura":null,"livello":null,"valNum":0.0,"valBool":false,"valString":"0","descMantenimento":null},{"particella":{"idParticella":1454770,"comune":"MADRUZZO - CALAVINO (TN)","codNazionale":"B386","foglio":9999,"particella":"00845","sub":" "},"coltura":"080-336-052","descColtura":null,"livello":null,"valNum":0.0,"valBool":false,"valString":"0","descMantenimento":null}]},{"tipoVariabile":"ISCAMP","valBoolean":false}],"variabiliCalcoloDaStampare":[{"tipoVariabile":"ISCAMP","valBoolean":false}]}', '{"variabiliCalcolo":[],"variabiliCalcoloDaStampare":[]}', '{"variabiliCalcolo":[],"esitiControlli":[],"variabiliParticellaColtura":null,"variabiliCalcoloDaStampare":[]}');
INSERT INTO A4GT_PASSO_TRANSIZIONE
(ID, VERSIONE, ID_TRANSIZ_SOSTEGNO, CODICE_PASSO, ESITO, CODICE_ESITO, DATI_INPUT, DATI_OUTPUT, DATI_SINTESI_LAVORAZIONE)
VALUES(16525801, 0, 16525790, 'SANZIONI_BPS', 'KO', 'DUF_027', '{"variabiliCalcolo":[{"tipoVariabile":"TITVALRID","valNumber":208.28},{"tipoVariabile":"BPSIMPAMM","valNumber":613.86},{"tipoVariabile":"BPSIMPRIC","valNumber":613.86},{"tipoVariabile":"BPSSUPSCOST","valNumber":0.0000},{"tipoVariabile":"BPSPERCSCOST","valNumber":0.0000},{"tipoVariabile":"BPSDOMLIQANNOPREC","valBoolean":false}],"variabiliCalcoloDaStampare":[{"tipoVariabile":"TITVALRID","valNumber":208.28},{"tipoVariabile":"BPSIMPAMM","valNumber":613.86},{"tipoVariabile":"BPSIMPRIC","valNumber":613.86},{"tipoVariabile":"BPSSUPSCOST","valNumber":0.0000},{"tipoVariabile":"BPSPERCSCOST","valNumber":0.0000}]}', '{"variabiliCalcolo":[],"variabiliCalcoloDaStampare":[]}', '{"variabiliCalcolo":[],"esitiControlli":[{"tipoControllo":"BRIDUSDC109_isDomandaLiqAnnoPrec","esito":false,"livelloControllo":"ERROR"}],"variabiliParticellaColtura":null,"variabiliCalcoloDaStampare":[]}');
INSERT INTO A4GT_PASSO_TRANSIZIONE
(ID, VERSIONE, ID_TRANSIZ_SOSTEGNO, CODICE_PASSO, ESITO, CODICE_ESITO, DATI_INPUT, DATI_OUTPUT, DATI_SINTESI_LAVORAZIONE)
VALUES(16525797, 0, 16525790, 'RIDUZIONI_BPS', 'OK', 'DUT_005', '{"variabiliCalcolo":[{"tipoVariabile":"PFSUPIMP","valList":[{"particella":{"idParticella":1454737,"comune":"MADRUZZO - CALAVINO (TN)","codNazionale":"B386","foglio":9999,"particella":"00844","sub":" "},"coltura":"080-336-052","descColtura":null,"livello":"131","valNum":0.1578,"valBool":null,"valString":null,"descMantenimento":null},{"particella":{"idParticella":1454769,"comune":"MADRUZZO - CALAVINO (TN)","codNazionale":"B386","foglio":9999,"particella":"00846","sub":"1"},"coltura":"080-336-052","descColtura":null,"livello":"131","valNum":0.4997,"valBool":null,"valString":null,"descMantenimento":null},{"particella":{"idParticella":1454771,"comune":"MADRUZZO - CALAVINO (TN)","codNazionale":"B386","foglio":9999,"particella":"00842","sub":" "},"coltura":"080-336-052","descColtura":null,"livello":"131","valNum":0.3928,"valBool":null,"valString":null,"descMantenimento":null},{"particella":{"idParticella":2674713,"comune":"TRENTO - SOPRAMONTE (TN)","codNazionale":"P630","foglio":9999,"particella":"02561","sub":" "},"coltura":"080-336-052","descColtura":null,"livello":"131","valNum":0.1715,"valBool":null,"valString":null,"descMantenimento":null},{"particella":{"idParticella":1454770,"comune":"MADRUZZO - CALAVINO (TN)","codNazionale":"B386","foglio":9999,"particella":"00845","sub":" "},"coltura":"080-336-052","descColtura":null,"livello":"131","valNum":1.7255,"valBool":null,"valString":null,"descMantenimento":null}]},{"tipoVariabile":"PFSUPELE","valList":[{"particella":{"idParticella":1454737,"comune":"MADRUZZO - CALAVINO (TN)","codNazionale":"B386","foglio":9999,"particella":"00844","sub":" "},"coltura":"080-336-052","descColtura":null,"livello":null,"valNum":0.1578,"valBool":false,"valString":"0","descMantenimento":null},{"particella":{"idParticella":1454769,"comune":"MADRUZZO - CALAVINO (TN)","codNazionale":"B386","foglio":9999,"particella":"00846","sub":"1"},"coltura":"080-336-052","descColtura":null,"livello":null,"valNum":0.4997,"valBool":false,"valString":"0","descMantenimento":null},{"particella":{"idParticella":1454771,"comune":"MADRUZZO - CALAVINO (TN)","codNazionale":"B386","foglio":9999,"particella":"00842","sub":" "},"coltura":"080-336-052","descColtura":null,"livello":null,"valNum":0.3928,"valBool":false,"valString":"0","descMantenimento":null},{"particella":{"idParticella":2674713,"comune":"TRENTO - SOPRAMONTE (TN)","codNazionale":"P630","foglio":9999,"particella":"02561","sub":" "},"coltura":"080-336-052","descColtura":null,"livello":null,"valNum":0.1715,"valBool":false,"valString":"0","descMantenimento":null},{"particella":{"idParticella":1454770,"comune":"MADRUZZO - CALAVINO (TN)","codNazionale":"B386","foglio":9999,"particella":"00845","sub":" "},"coltura":"080-336-052","descColtura":null,"livello":null,"valNum":1.7255,"valBool":false,"valString":"0","descMantenimento":null}]},{"tipoVariabile":"PFSUPSIGECO","valList":[{"particella":{"idParticella":1454737,"comune":"MADRUZZO - CALAVINO (TN)","codNazionale":"B386","foglio":9999,"particella":"00844","sub":" "},"coltura":"080-336-052","descColtura":null,"livello":null,"valNum":0.0,"valBool":false,"valString":"0","descMantenimento":null},{"particella":{"idParticella":1454769,"comune":"MADRUZZO - CALAVINO (TN)","codNazionale":"B386","foglio":9999,"particella":"00846","sub":"1"},"coltura":"080-336-052","descColtura":null,"livello":null,"valNum":0.0,"valBool":false,"valString":"0","descMantenimento":null},{"particella":{"idParticella":1454771,"comune":"MADRUZZO - CALAVINO (TN)","codNazionale":"B386","foglio":9999,"particella":"00842","sub":" "},"coltura":"080-336-052","descColtura":null,"livello":null,"valNum":0.0,"valBool":false,"valString":"0","descMantenimento":null},{"particella":{"idParticella":2674713,"comune":"TRENTO - SOPRAMONTE (TN)","codNazionale":"P630","foglio":9999,"particella":"02561","sub":" "},"coltura":"080-336-052","descColtura":null,"livello":null,"valNum":0.0,"valBool":false,"valString":"0","descMantenimento":null},{"particella":{"idParticella":1454770,"comune":"MADRUZZO - CALAVINO (TN)","codNazionale":"B386","foglio":9999,"particella":"00845","sub":" "},"coltura":"080-336-052","descColtura":null,"livello":null,"valNum":0.0,"valBool":false,"valString":"0","descMantenimento":null}]},{"tipoVariabile":"PFANOMMAN","valList":[{"particella":{"idParticella":1454737,"comune":"MADRUZZO - CALAVINO (TN)","codNazionale":"B386","foglio":9999,"particella":"00844","sub":" "},"coltura":"080-336-052","descColtura":null,"livello":"131","valNum":null,"valBool":false,"valString":null,"descMantenimento":null},{"particella":{"idParticella":1454769,"comune":"MADRUZZO - CALAVINO (TN)","codNazionale":"B386","foglio":9999,"particella":"00846","sub":"1"},"coltura":"080-336-052","descColtura":null,"livello":"131","valNum":null,"valBool":false,"valString":null,"descMantenimento":null},{"particella":{"idParticella":1454771,"comune":"MADRUZZO - CALAVINO (TN)","codNazionale":"B386","foglio":9999,"particella":"00842","sub":" "},"coltura":"080-336-052","descColtura":null,"livello":"131","valNum":null,"valBool":false,"valString":null,"descMantenimento":null},{"particella":{"idParticella":2674713,"comune":"TRENTO - SOPRAMONTE (TN)","codNazionale":"P630","foglio":9999,"particella":"02561","sub":" "},"coltura":"080-336-052","descColtura":null,"livello":"131","valNum":null,"valBool":false,"valString":null,"descMantenimento":null},{"particella":{"idParticella":1454770,"comune":"MADRUZZO - CALAVINO (TN)","codNazionale":"B386","foglio":9999,"particella":"00845","sub":" "},"coltura":"080-336-052","descColtura":null,"livello":"131","valNum":null,"valBool":false,"valString":null,"descMantenimento":null}]},{"tipoVariabile":"BPSSUPSCOSTMAN","valNumber":0.0000},{"tipoVariabile":"PFANOMCOORD","valList":[{"particella":{"idParticella":1454737,"comune":"MADRUZZO - CALAVINO (TN)","codNazionale":"B386","foglio":9999,"particella":"00844","sub":" "},"coltura":"080-336-052","descColtura":null,"livello":"131","valNum":null,"valBool":false,"valString":null,"descMantenimento":null},{"particella":{"idParticella":1454769,"comune":"MADRUZZO - CALAVINO (TN)","codNazionale":"B386","foglio":9999,"particella":"00846","sub":"1"},"coltura":"080-336-052","descColtura":null,"livello":"131","valNum":null,"valBool":false,"valString":null,"descMantenimento":null},{"particella":{"idParticella":1454771,"comune":"MADRUZZO - CALAVINO (TN)","codNazionale":"B386","foglio":9999,"particella":"00842","sub":" "},"coltura":"080-336-052","descColtura":null,"livello":"131","valNum":null,"valBool":false,"valString":null,"descMantenimento":null},{"particella":{"idParticella":2674713,"comune":"TRENTO - SOPRAMONTE (TN)","codNazionale":"P630","foglio":9999,"particella":"02561","sub":" "},"coltura":"080-336-052","descColtura":null,"livello":"131","valNum":null,"valBool":false,"valString":null,"descMantenimento":null},{"particella":{"idParticella":1454770,"comune":"MADRUZZO - CALAVINO (TN)","codNazionale":"B386","foglio":9999,"particella":"00845","sub":" "},"coltura":"080-336-052","descColtura":null,"livello":"131","valNum":null,"valBool":false,"valString":null,"descMantenimento":null}]},{"tipoVariabile":"BPSSUPSCOSTCOO","valNumber":0.0000},{"tipoVariabile":"TITVALRID","valNumber":208.28},{"tipoVariabile":"BPSSUPRIC","valNumber":2.9473},{"tipoVariabile":"BPSSUPELE","valNumber":2.9473},{"tipoVariabile":"BPSSUPSIGECO","valNumber":0.0000},{"tipoVariabile":"ISCAMP","valBoolean":false},{"tipoVariabile":"DOMSIGECOCHIUSA","valBoolean":false}],"variabiliCalcoloDaStampare":[{"tipoVariabile":"BPSSUPSCOSTMAN","valNumber":0.0000},{"tipoVariabile":"BPSSUPSCOSTCOO","valNumber":0.0000},{"tipoVariabile":"TITVALRID","valNumber":208.28},{"tipoVariabile":"BPSSUPRIC","valNumber":2.9473},{"tipoVariabile":"BPSSUPELE","valNumber":2.9473},{"tipoVariabile":"BPSSUPSIGECO","valNumber":0.0000},{"tipoVariabile":"ISCAMP","valBoolean":false},{"tipoVariabile":"DOMSIGECOCHIUSA","valBoolean":false}]}', '{"variabiliCalcolo":[{"tipoVariabile":"BPSSUPDET","valNumber":2.9473},{"tipoVariabile":"BPSSUPAMM","valNumber":2.9473},{"tipoVariabile":"BPSIMPAMM","valNumber":613.86},{"tipoVariabile":"BPSSUPSCOST","valNumber":0.0000},{"tipoVariabile":"BPSPERCSCOST","valNumber":0.0000},{"tipoVariabile":"BPSIMPRID","valNumber":0.00}],"variabiliCalcoloDaStampare":[{"tipoVariabile":"BPSSUPDET","valNumber":2.9473},{"tipoVariabile":"BPSSUPAMM","valNumber":2.9473},{"tipoVariabile":"BPSIMPAMM","valNumber":613.86},{"tipoVariabile":"BPSSUPSCOST","valNumber":0.0000},{"tipoVariabile":"BPSPERCSCOST","valNumber":0.0000},{"tipoVariabile":"BPSIMPRID","valNumber":0.00}]}', '{"variabiliCalcolo":[{"tipoVariabile":"PFSUPDET","valList":[{"particella":{"idParticella":1454737,"comune":"MADRUZZO - CALAVINO (TN)","codNazionale":"B386","foglio":9999,"particella":"00844","sub":" "},"coltura":"080-336-052","descColtura":null,"livello":"131","valNum":0.1578,"valBool":false,"valString":"0","descMantenimento":null},{"particella":{"idParticella":1454769,"comune":"MADRUZZO - CALAVINO (TN)","codNazionale":"B386","foglio":9999,"particella":"00846","sub":"1"},"coltura":"080-336-052","descColtura":null,"livello":"131","valNum":0.4997,"valBool":false,"valString":"0","descMantenimento":null},{"particella":{"idParticella":1454771,"comune":"MADRUZZO - CALAVINO (TN)","codNazionale":"B386","foglio":9999,"particella":"00842","sub":" "},"coltura":"080-336-052","descColtura":null,"livello":"131","valNum":0.3928,"valBool":false,"valString":"0","descMantenimento":null},{"particella":{"idParticella":2674713,"comune":"TRENTO - SOPRAMONTE (TN)","codNazionale":"P630","foglio":9999,"particella":"02561","sub":" "},"coltura":"080-336-052","descColtura":null,"livello":"131","valNum":0.1715,"valBool":false,"valString":"0","descMantenimento":null},{"particella":{"idParticella":1454770,"comune":"MADRUZZO - CALAVINO (TN)","codNazionale":"B386","foglio":9999,"particella":"00845","sub":" "},"coltura":"080-336-052","descColtura":null,"livello":"131","valNum":1.7255,"valBool":false,"valString":"0","descMantenimento":null}]}],"esitiControlli":[{"tipoControllo":"BRIDUSDC020_idDomandaRiduzione","esito":false,"livelloControllo":"NULL"},{"tipoControllo":"BRIDUSDC022_idDomandaCampione","esito":false,"livelloControllo":"NULL"},{"tipoControllo":"BRIDUSDC035_supMinimaAmmessa","esito":true,"livelloControllo":"NULL"}],"variabiliParticellaColtura":[{"tipoVariabile":"PFSUPDET","valList":[{"particella":{"idParticella":1454737,"comune":"MADRUZZO - CALAVINO (TN)","codNazionale":"B386","foglio":9999,"particella":"00844","sub":" "},"coltura":"080-336-052","descColtura":null,"livello":"131","valNum":0.1578,"valBool":false,"valString":"0","descMantenimento":null},{"particella":{"idParticella":1454769,"comune":"MADRUZZO - CALAVINO (TN)","codNazionale":"B386","foglio":9999,"particella":"00846","sub":"1"},"coltura":"080-336-052","descColtura":null,"livello":"131","valNum":0.4997,"valBool":false,"valString":"0","descMantenimento":null},{"particella":{"idParticella":1454771,"comune":"MADRUZZO - CALAVINO (TN)","codNazionale":"B386","foglio":9999,"particella":"00842","sub":" "},"coltura":"080-336-052","descColtura":null,"livello":"131","valNum":0.3928,"valBool":false,"valString":"0","descMantenimento":null},{"particella":{"idParticella":2674713,"comune":"TRENTO - SOPRAMONTE (TN)","codNazionale":"P630","foglio":9999,"particella":"02561","sub":" "},"coltura":"080-336-052","descColtura":null,"livello":"131","valNum":0.1715,"valBool":false,"valString":"0","descMantenimento":null},{"particella":{"idParticella":1454770,"comune":"MADRUZZO - CALAVINO (TN)","codNazionale":"B386","foglio":9999,"particella":"00845","sub":" "},"coltura":"080-336-052","descColtura":null,"livello":"131","valNum":1.7255,"valBool":false,"valString":"0","descMantenimento":null}]}],"variabiliCalcoloDaStampare":[]}');
--Allevamento impegnato
INSERT INTO A4GT_ALLEVAMENTO_IMPEGNATO
(ID, VERSIONE, ID_DOMANDA, CODICE_SPECIE, DATI_ALLEVAMENTO, DATI_PROPRIETARIO, DATI_DETENTORE, ID_INTERVENTO)
VALUES(8853742, 0, 8655681, 'BOVINI', '{"idAllevamento":15318,"codiceAllevamento":"243TN005","codiceAllevamentoBdn":"6337812","descrizioneAllevamento":"AZ. AGRICOLA PARIS SERENA","comune":null,"indirizzo":null}', '{"codFiscaleProprietario":null,"denominazioneProprietario":null}', '{"codFiscaleDetentore":null,"denominazioneDetentore":null}', (SELECT ID FROM A4GD_INTERVENTO WHERE CODICE_AGEA = '313'));

COMMIT;