-- Caa 1
INSERT INTO A4GT_CAA
(ID, VERSIONE, CODICE_FISCALE, DENOMINAZIONE, PARTITA_IVA, FORMA_GIURIDICA, ATTO_RICONOSCIMENTO, SOCIETA_SERVIZI, CF_SOCIETA_SERVIZI, DESCRIZIONE_ESTESA, CODICE_ISTAT, FRAZIONE, TOPONIMO, VIA, NUMERO_CIVICO, CAP, PROVINCIA, COMUNE, EMAIL)
VALUES(10, 0, '01896970223', 'CAA COOPTRENTO SRL', '01896970223', 'SOCIETA A RESPONSABILITA LIMITATA', 'determinazione del Dirigente del Servizio Vigilanza e Promozione delle Attività Agricole n. 282 del 23 agosto 2011', NULL, NULL, NULL, NULL, NULL, 'VIA BRENNERO 322', 'VIA BRENNERO', '322', '38121', 'TN', 'TRENTO', 'a4g-test@tndigit.it');

insert into A4GT_SPORTELLO (ID,VERSIONE,IDENTIFICATIVO,DENOMINAZIONE,ID_CAA) values (11,0,11,'SPORTELLO - CORRENTE', 10);
insert into A4GT_SPORTELLO (ID,VERSIONE,IDENTIFICATIVO,DENOMINAZIONE,ID_CAA) values (13,0,13,'SPORTELLO - PROGRAMMATO', 10);
insert into A4GT_SPORTELLO (ID,VERSIONE,IDENTIFICATIVO,DENOMINAZIONE,ID_CAA) values (15,0,15,'SPORTELLO - NEW', 10);
--------
-- caa 2
INSERT INTO A4GT_CAA (ID, VERSIONE, CODICE_FISCALE, DENOMINAZIONE, PARTITA_IVA, FORMA_GIURIDICA, ATTO_RICONOSCIMENTO, SOCIETA_SERVIZI, CF_SOCIETA_SERVIZI, DESCRIZIONE_ESTESA, CODICE_ISTAT, FRAZIONE, TOPONIMO, VIA, NUMERO_CIVICO, CAP, PROVINCIA, COMUNE, EMAIL)
VALUES(696, 0, '05804771003', 'CAA - CIA S.R.L.', '05804771003', 'SOCIETA A RESPONSABILITA LIMITATA', 'determinazione della Regione Lazio n. A02140 del 20 marzo 2012 con oggetto “Approvazione del verbale relativo alla valutazione della richiesta di adeguamento ai requisiti del Decreto del Ministro delle politiche agricole alimentari e forestali del 27 marzo 2008', 'AGRIVERDE - CIA S.R.L.', '01393750227', NULL, NULL, NULL, 'LUNGOTEVERE MICHELANGELO 9', 'LUNGOTEVERE MICHELANGELO', '9', '00192', 'RM', 'ROMA', 'a4g-test@tndigit.it');

INSERT INTO A4GT_SPORTELLO (ID, VERSIONE, IDENTIFICATIVO, DENOMINAZIONE, COMUNE, ID_CAA)
VALUES(712, 0, 18, 'CAA CIA - TRENTO - 001', 'TRENTO', 696);
INSERT INTO A4GT_SPORTELLO
(ID, VERSIONE, IDENTIFICATIVO, DENOMINAZIONE, COMUNE, ID_CAA)
VALUES(713, 0, 19, 'CAA CIA - CLES - 002', 'CLES', 696);
--------
--------------------------------XPDNDR77B03L378X - mandato corrente
insert into A4GT_PERSONA (ID, ID_VALIDAZIONE, VERSIONE, CODICE_FISCALE) values (5, 0, 0, 'XPDNDR77B03L378X');
insert into A4GT_PERSONA (ID, ID_VALIDAZIONE, VERSIONE, CODICE_FISCALE) values (6, 0, 0, 'XPDNDR77B03L378Y');
insert into A4GT_PERSONA (ID, ID_VALIDAZIONE, VERSIONE, CODICE_FISCALE) values (7, 0, 0, 'XPDNDR77B03L378W');
insert into A4GT_PERSONA_FISICA (ID, ID_VALIDAZIONE,VERSIONE,NOME,COGNOME,SESSO,DATA_NASCITA,COMUNE_NASCITA,PROVINCIA_NASCITA,DECEDUTO) values (5,0,0,'ANDREA','DEPEDRI','MASCHIO',SYSDATE,'TRENTO','TRENTINO',0);
insert into A4GT_PERSONA_FISICA (ID, ID_VALIDAZIONE,VERSIONE,NOME,COGNOME,SESSO,DATA_NASCITA,COMUNE_NASCITA,PROVINCIA_NASCITA,DECEDUTO) values (6,0,0,'A','DEPEDRI','MASCHIO',SYSDATE,'TRENTO','TRENTINO',0);
insert into A4GT_PERSONA_FISICA (ID, ID_VALIDAZIONE,VERSIONE,NOME,COGNOME,SESSO,DATA_NASCITA,COMUNE_NASCITA,PROVINCIA_NASCITA,DECEDUTO) values (7,0,0,'A','DEPEDRI','MASCHIO',SYSDATE,'TRENTO','TRENTINO',0);

INSERT INTO A4GT_FASCICOLO (ID, ID_VALIDAZIONE, VERSIONE, CUAA, STATO, DENOMINAZIONE, ID_PERSONA, ORGANISMO_PAGATORE, UTENTE_MODIFICA)
VALUES (1, 0, 0, 'XPDNDR77B03L378X', 'IN_AGGIORNAMENTO', 'DEPEDRI ANDREA', 5, 'APPAG', 'UTENTE MODIFICA');

INSERT INTO A4GT_FASCICOLO (ID, ID_VALIDAZIONE, VERSIONE, CUAA, STATO, DENOMINAZIONE, ID_PERSONA, ORGANISMO_PAGATORE, UTENTE_MODIFICA)
VALUES (2, 0, 0, 'XPDNDR77B03L378Y', 'IN_AGGIORNAMENTO', 'DEPEDRI A', 6, 'APPAG', 'UTENTE MODIFICA');

INSERT INTO A4GT_FASCICOLO (ID, ID_VALIDAZIONE, VERSIONE, CUAA, STATO, DENOMINAZIONE, ID_PERSONA, ORGANISMO_PAGATORE, UTENTE_MODIFICA)
VALUES (3, 0, 0, 'XPDNDR77B03L378W', 'ALLA_FIRMA_AZIENDA', 'DEPEDRI A', 7, 'APPAG', 'UTENTE MODIFICA');

-- detenzione 1
INSERT INTO A4GT_DETENZIONE (ID, ID_VALIDAZIONE, VERSIONE, DATA_INIZIO, DATA_FINE,  ID_FASCICOLO) 
VALUES(30, 0, 0 , to_date('01/09/2019 22:00:00', 'dd/mm/yyyy HH24:MI:SS'), null, 1);
INSERT INTO A4GT_MANDATO (ID, VERSIONE, IDENTIFICATIVO_SPORTELLO, CONTRATTO , DATA_SOTTOSCRIZIONE) 
VALUES(30, 0 , 11, 'AAAA', to_date('01/06/2020 22:00:00', 'dd/mm/yyyy HH24:MI:SS'));

-- detenzione 2
INSERT INTO A4GT_DETENZIONE (ID, ID_VALIDAZIONE, VERSIONE, DATA_INIZIO, DATA_FINE,  ID_FASCICOLO) 
VALUES(31, 0, 0 , to_date('01/09/2019 22:00:00', 'dd/mm/yyyy HH24:MI:SS'), null, 2);
INSERT INTO A4GT_MANDATO (ID, VERSIONE, IDENTIFICATIVO_SPORTELLO, CONTRATTO , DATA_SOTTOSCRIZIONE) 
VALUES(31, 0 , 13, 'BBBB', to_date('01/06/2020 22:00:00', 'dd/mm/yyyy HH24:MI:SS'));

-- detenzione 3
INSERT INTO A4GT_DETENZIONE (ID, ID_VALIDAZIONE, VERSIONE, DATA_INIZIO, DATA_FINE,  ID_FASCICOLO) 
VALUES(32, 0, 0 , to_date('01/09/2019 22:00:00', 'dd/mm/yyyy HH24:MI:SS'), null, 3);
INSERT INTO A4GT_MANDATO (ID, VERSIONE, IDENTIFICATIVO_SPORTELLO, CONTRATTO , DATA_SOTTOSCRIZIONE) 
VALUES(32, 0 , 11, 'CCCC', to_date('01/06/2020 22:00:00', 'dd/mm/yyyy HH24:MI:SS'));


------- modo pagamento
INSERT INTO A4GT_MODO_PAGAMENTO (ID, VERSIONE, IBAN, BIC, DENOMINAZIONE, ID_FASCICOLO, FASCICOLO_ID_VALIDAZIONE)
VALUES (8375, 0, 'GB82WEST12345698765432', null, 'asdasdsa', 1, 0);

INSERT INTO A4GT_MODO_PAGAMENTO (ID, VERSIONE, IBAN, BIC, DENOMINAZIONE, ID_FASCICOLO, FASCICOLO_ID_VALIDAZIONE)
VALUES (9000, 0, 'GB82WEST12345698765432', null, 'asdasdsa', 2, 0);



--- test riapertura fascicolo chiuso di una persona fisica vivente
INSERT INTO A4GT_PERSONA (ID, ID_VALIDAZIONE,VERSIONE,CODICE_FISCALE) VALUES (9142,0,0,'MSTFBA79L10H612L');

INSERT INTO A4GT_PERSONA_FISICA (ID, ID_VALIDAZIONE,VERSIONE,NOME,COGNOME,SESSO,DATA_NASCITA,COMUNE_NASCITA,PROVINCIA_NASCITA,DECEDUTO) values (9142,0,0,'Maestranzi','Fabio','MASCHIO',SYSDATE,'TRENTO','TRENTINO',0);

INSERT INTO A4GT_PERSONA_FISICA_CON_CARICA (ID, VERSIONE, CODICE_FISCALE, NOME, COGNOME, SESSO, DATA_NASCITA, COMUNE_NASCITA, PROVINCIA_NASCITA, DECEDUTO, DESCRIZIONE_ESTESA, TOPONIMO, VIA, NUMERO_CIVICO, CAP, CODICE_ISTAT, FRAZIONE, PROVINCIA, COMUNE, ID_VALIDAZIONE) VALUES (
	9142, 0, 'MSTFBA79L10H612L', 'Maestranzi', 'Fabio', 'MASCHIO', TIMESTAMP '1950-09-20 00:00:00.000000', 'TRENTO', 'TRENTINO', 0, 'BOMBER', 'BOSS', 'TOPO TEST', 'VIA TEST', 1, 'CAP TEST', 'CODICE ISTAT TEST', 'FRAZ TEST', 'COMUNE TEST', 0
);

INSERT INTO A4GT_FASCICOLO (ID, ID_VALIDAZIONE, VERSIONE, CUAA, STATO, DENOMINAZIONE, ID_PERSONA, PERSONA_ID_VALIDAZIONE, ORGANISMO_PAGATORE, UTENTE_MODIFICA, SCHEDA_VALIDAZIONE_FIRMATA) VALUES (
    9142, 0, 0, 'MSTFBA79L10H612L', 'CHIUSO', 'Maestranzi Fabio', 9142, 0, 'APPAG', 'UTENTE MODIFICA', RAWTOHEX('123')
);

INSERT INTO A4GT_MOVIMENTAZIONE_FASCICOLO (ID, VERSIONE, FASCICOLO_ID, FASCICOLO_ID_VALIDAZIONE, DATA_INIZIO, UTENTE, TIPO) VALUES(
9142, 0 , 9142, 0 , TIMESTAMP '1950-09-20 00:00:00.000000', 'utente', 'CHIUSURA');

INSERT INTO A4GT_DETENZIONE (ID, ID_VALIDAZIONE, VERSIONE, DATA_INIZIO, DATA_FINE,  ID_FASCICOLO) 
VALUES(40, 0, 0 , to_date('01/09/2019 22:00:00', 'dd/mm/yyyy HH24:MI:SS'), null, 9142);
INSERT INTO A4GT_MANDATO (ID, VERSIONE, IDENTIFICATIVO_SPORTELLO, CONTRATTO , DATA_SOTTOSCRIZIONE) 
VALUES(40, 0 , 11, 'AAAA', to_date('01/06/2020 22:00:00', 'dd/mm/yyyy HH24:MI:SS'));

INSERT INTO A4GT_MOVIMENTAZIONE_FASCICOLO (ID, VERSIONE, FASCICOLO_ID, FASCICOLO_ID_VALIDAZIONE, DATA_INIZIO, UTENTE, TIPO, MOTIVAZIONE_INIZIO, MOTIVAZIONE_FINE, DATA_FINE) VALUES(
9143, 0 , 2, 0 , TIMESTAMP '2022-05-10 00:00:00.000000', 'utente1', 'SOSPENSIONE', 'motivazioneInizio1', 'motivazioneFine1', TIMESTAMP '2022-05-10 00:00:00.000000');

INSERT INTO A4GT_MOVIMENTAZIONE_FASCICOLO (ID, VERSIONE, FASCICOLO_ID, FASCICOLO_ID_VALIDAZIONE, DATA_INIZIO, UTENTE, TIPO, MOTIVAZIONE_INIZIO, MOTIVAZIONE_FINE, DATA_FINE) VALUES(
9144, 0 , 2, 0 , TIMESTAMP '2022-05-11 00:00:00.000000', 'utente2', 'SOSPENSIONE', 'motivazioneInizio2', null, null);
