-- Caa 1
INSERT INTO A4GT_CAA
(ID, VERSIONE, CODICE_FISCALE, DENOMINAZIONE, PARTITA_IVA, FORMA_GIURIDICA, ATTO_RICONOSCIMENTO, SOCIETA_SERVIZI, CF_SOCIETA_SERVIZI, DESCRIZIONE_ESTESA, CODICE_ISTAT, FRAZIONE, TOPONIMO, VIA, NUMERO_CIVICO, CAP, PROVINCIA, COMUNE, EMAIL)
VALUES(10, 0, '01896970223', 'CAA COOPTRENTO SRL', '01896970223', 'SOCIETA A RESPONSABILITA LIMITATA', 'determinazione del Dirigente del Servizio Vigilanza e Promozione delle Attività Agricole n. 282 del 23 agosto 2011', NULL, NULL, NULL, NULL, NULL, 'VIA BRENNERO 322', 'VIA BRENNERO', '322', '38121', 'TN', 'TRENTO', 'a4g-test@tndigit.it');

insert into A4GT_SPORTELLO (ID,VERSIONE,IDENTIFICATIVO,DENOMINAZIONE,ID_CAA) values (11,0,11,'SPORTELLO - CORRENTE', 10);
insert into A4GT_SPORTELLO (ID,VERSIONE,IDENTIFICATIVO,DENOMINAZIONE,ID_CAA) values (13,0,13,'SPORTELLO - PROGRAMMATO', 10);
insert into A4GT_SPORTELLO (ID,VERSIONE,IDENTIFICATIVO,DENOMINAZIONE,ID_CAA) values (15,0,15,'SPORTELLO - NEW', 10);
--------
-- caa 2
INSERT INTO A4GT_CAA (ID, VERSIONE, CODICE_FISCALE, DENOMINAZIONE, PARTITA_IVA, FORMA_GIURIDICA, ATTO_RICONOSCIMENTO, SOCIETA_SERVIZI, CF_SOCIETA_SERVIZI, DESCRIZIONE_ESTESA, CODICE_ISTAT, FRAZIONE, TOPONIMO, VIA, NUMERO_CIVICO, CAP, PROVINCIA, COMUNE, EMAIL)
VALUES(696, 0, '05804771003', 'CAA - CIA S.R.L.', '05804771003', 'SOCIETA A RESPONSABILITA LIMITATA', 'determinazione della Regione Lazio n. A02140 del 20 marzo 2012 con oggetto “Approvazione del verbale relativo alla valutazione della richiesta di adeguamento ai requisiti del Decreto del Ministro delle politiche agricole alimentari e forestali del 27 marzo 2008', 'AGRIVERDE - CIA S.R.L.', '01393750227', NULL, NULL, NULL, 'LUNGOTEVERE MICHELANGELO 9', 'LUNGOTEVERE MICHELANGELO', '9', '00192', 'RM', 'ROMA', 'a4g-test@tndigit.it');

INSERT INTO A4GT_SPORTELLO (ID, VERSIONE, IDENTIFICATIVO, DENOMINAZIONE, COMUNE, ID_CAA)
VALUES(712, 0, 18, 'CAA CIA - TRENTO - 001', 'TRENTO', 696);
INSERT INTO A4GT_SPORTELLO
(ID, VERSIONE, IDENTIFICATIVO, DENOMINAZIONE, COMUNE, ID_CAA)
VALUES(713, 0, 19, 'CAA CIA - CLES - 002', 'CLES', 696);
--------
--------------------------------XPDNDR77B03L378X - mandato corrente
INSERT INTO A4GT_PERSONA (ID, ID_VALIDAZIONE,VERSIONE,CODICE_FISCALE) VALUES (5, 0, 0, 'XPDNDR77B03L378X');
INSERT INTO A4GT_PERSONA (ID, ID_VALIDAZIONE,VERSIONE,CODICE_FISCALE) VALUES (6, 0, 0, 'XPDNDR77B03L378Y');
INSERT INTO A4GT_PERSONA (ID, ID_VALIDAZIONE,VERSIONE,CODICE_FISCALE) VALUES (9877, 0, 0,'XPDNDR77B03L378R');
INSERT INTO A4GT_PERSONA (ID, ID_VALIDAZIONE,VERSIONE,CODICE_FISCALE) VALUES (10000, 0, 0, 'XPDNDR77B03L377S');
INSERT INTO A4GT_PERSONA (ID, ID_VALIDAZIONE,VERSIONE,CODICE_FISCALE) VALUES (20000, 0, 0, 'XPDNDR77B03L378K');

INSERT INTO A4GT_PERSONA_FISICA (ID, ID_VALIDAZIONE,VERSIONE,NOME,COGNOME,SESSO,DATA_NASCITA,COMUNE_NASCITA,PROVINCIA_NASCITA,DECEDUTO)
VALUES (5, 0, 0, 'ANDREA', 'DEPEDRI', 'MASCHIO', SYSDATE, 'TRENTO', 'TN', 0);

INSERT INTO A4GT_PERSONA_FISICA (ID, ID_VALIDAZIONE, VERSIONE, NOME, COGNOME, SESSO, DATA_NASCITA, COMUNE_NASCITA, PROVINCIA_NASCITA, DECEDUTO)
VALUES (6, 0, 0, 'A', 'DEPEDRI', 'MASCHIO', SYSDATE, 'TRENTO', 'TN', 0);

INSERT INTO A4GT_PERSONA_FISICA (ID, ID_VALIDAZIONE,VERSIONE,NOME,COGNOME,SESSO,DATA_NASCITA,COMUNE_NASCITA,PROVINCIA_NASCITA,DECEDUTO)
VALUES (9877, 0, 0, 'ANDREA', 'DEPEDRI', 'MASCHIO', SYSDATE, 'TRENTO', 'TN', 0);

INSERT INTO A4GT_PERSONA_FISICA (ID, ID_VALIDAZIONE,VERSIONE,NOME,COGNOME,SESSO,DATA_NASCITA,COMUNE_NASCITA,PROVINCIA_NASCITA,DECEDUTO)
VALUES (10000, 0, 0, 'ANDREA', 'DEPEDRI', 'MASCHIO', SYSDATE, 'TRENTO', 'TN', 0);

INSERT INTO A4GT_PERSONA_FISICA (ID, ID_VALIDAZIONE,VERSIONE,NOME,COGNOME,SESSO,DATA_NASCITA,COMUNE_NASCITA,PROVINCIA_NASCITA,DECEDUTO)
VALUES (20000, 0, 0, 'ANDREA', 'DEPEDRI', 'MASCHIO', SYSDATE, 'TRENTO', 'TN', 0);

INSERT INTO A4GT_FASCICOLO (ID, ID_VALIDAZIONE, VERSIONE, CUAA, STATO, DENOMINAZIONE, ID_PERSONA, PERSONA_ID_VALIDAZIONE, ORGANISMO_PAGATORE, UTENTE_MODIFICA)
VALUES (1, 0, 0, 'XPDNDR77B03L378X', 'ALLA_FIRMA_AZIENDA', 'DEPEDRI ANDREA', 5, 0, 'APPAG', 'UTENTE MODIFICA');

INSERT INTO A4GT_FASCICOLO (ID, ID_VALIDAZIONE, VERSIONE, CUAA, STATO, DENOMINAZIONE, ID_PERSONA, PERSONA_ID_VALIDAZIONE, ORGANISMO_PAGATORE, UTENTE_MODIFICA)
VALUES (2, 0, 0, 'XPDNDR77B03L378Y', 'ALLA_FIRMA_AZIENDA', 'DEPEDRI A', 6, 0, 'APPAG', 'UTENTE MODIFICA');

INSERT INTO A4GT_FASCICOLO (ID, ID_VALIDAZIONE, VERSIONE, CUAA, STATO, DENOMINAZIONE, ID_PERSONA, PERSONA_ID_VALIDAZIONE, ORGANISMO_PAGATORE, UTENTE_MODIFICA)
VALUES (9876, 0, 0, 'XPDNDR77B03L378R', 'IN_VALIDAZIONE', 'DEPEDRI ANDREA', 9877, 0, 'APPAG', 'UTENTE MODIFICA');

INSERT INTO A4GT_FASCICOLO (ID, ID_VALIDAZIONE, VERSIONE, CUAA, STATO, DENOMINAZIONE, ID_PERSONA, PERSONA_ID_VALIDAZIONE, ORGANISMO_PAGATORE, UTENTE_MODIFICA)
VALUES (10001, 0, 0, 'XPDNDR77B03L377S', 'IN_VALIDAZIONE', 'DEPEDRI ANDREA', 10000, 0, 'APPAG', 'UTENTE MODIFICA');

INSERT INTO A4GT_FASCICOLO (ID, ID_VALIDAZIONE, VERSIONE, CUAA, STATO, DENOMINAZIONE, ID_PERSONA, PERSONA_ID_VALIDAZIONE, ORGANISMO_PAGATORE, UTENTE_MODIFICA)
VALUES (20001, 0, 0, 'XPDNDR77B03L378K', 'ALLA_FIRMA_AZIENDA', 'DEPEDRI ANDREA', 20000, 0, 'APPAG', 'UTENTE MODIFICA');

-- detenzione 1
INSERT INTO A4GT_DETENZIONE (ID, ID_VALIDAZIONE, VERSIONE, DATA_INIZIO, DATA_FINE, ID_FASCICOLO, FASCICOLO_ID_VALIDAZIONE)
VALUES(30, 0, 0, to_date('01/09/2019 22:00:00', 'dd/mm/yyyy HH24:MI:SS'), null, 1, 0);

INSERT INTO A4GT_MANDATO (ID, VERSIONE, IDENTIFICATIVO_SPORTELLO, CONTRATTO , DATA_SOTTOSCRIZIONE)
VALUES(30, 0, 11, 'AAAA', to_date('01/06/2020 22:00:00', 'dd/mm/yyyy HH24:MI:SS'));

-- detenzione 2
INSERT INTO A4GT_DETENZIONE (ID, ID_VALIDAZIONE, VERSIONE, DATA_INIZIO, DATA_FINE,  ID_FASCICOLO, FASCICOLO_ID_VALIDAZIONE) 
VALUES(31, 0, 0, to_date('01/09/2019 22:00:00', 'dd/mm/yyyy HH24:MI:SS'), null, 2, 0);

INSERT INTO A4GT_MANDATO (ID, VERSIONE, IDENTIFICATIVO_SPORTELLO, CONTRATTO , DATA_SOTTOSCRIZIONE) 
VALUES(31, 0 , 13, 'BBBB', to_date('01/06/2020 22:00:00', 'dd/mm/yyyy HH24:MI:SS'));

-- detenzione 3
INSERT INTO A4GT_DETENZIONE (ID, ID_VALIDAZIONE, VERSIONE, DATA_INIZIO, DATA_FINE,  ID_FASCICOLO, FASCICOLO_ID_VALIDAZIONE) 
VALUES(10002, 0, 0, to_date('01/09/2019 22:00:00', 'dd/mm/yyyy HH24:MI:SS'), null, 10001, 0);

INSERT INTO A4GT_MANDATO (ID, VERSIONE, IDENTIFICATIVO_SPORTELLO, CONTRATTO , DATA_SOTTOSCRIZIONE) 
VALUES(10002, 0 , 13, 'BBBB', to_date('01/06/2020 22:00:00', 'dd/mm/yyyy HH24:MI:SS'));

--iscrizione sezione
INSERT INTO A4GT_ISCRIZIONE_SEZIONE (ID,VERSIONE,SEZIONE,DATA_ISCRIZIONE,QUALIFICA,COLTIVATORE_DIRETTO,ID_PERSONA,ID_VALIDAZIONE,PERSONA_ID_VALIDAZIONE)
VALUES ('18020','0','SPECIALE',  to_date('04/12/1996', 'dd/mm/yyyy'),'PICCOLO IMPRENDITORE','COLTIVATORE DIRETTO',10000,'0','0');
INSERT INTO A4GT_ISCRIZIONE_SEZIONE (ID,VERSIONE,SEZIONE,DATA_ISCRIZIONE,QUALIFICA,COLTIVATORE_DIRETTO,ID_PERSONA,ID_VALIDAZIONE,PERSONA_ID_VALIDAZIONE)
VALUES ('18021','0','SPECIALE',  to_date('04/12/1996', 'dd/mm/yyyy'),'MEDIO IMPRENDITORE','COLTIVATORE DIRETTO2',10000,'0','0');

------- modo pagamento
INSERT INTO A4GT_MODO_PAGAMENTO (ID, VERSIONE, IBAN, BIC, DENOMINAZIONE, ID_FASCICOLO, FASCICOLO_ID_VALIDAZIONE) VALUES (8375, 0, 'GB82WEST12345698765432', null, 'asdasdsa', 1, 0);
INSERT INTO A4GT_MODO_PAGAMENTO (ID, VERSIONE, IBAN, BIC, DENOMINAZIONE, ID_FASCICOLO, FASCICOLO_ID_VALIDAZIONE) VALUES (9000, 0, 'GB82WEST12345698765432', null, 'asdasdsa', 2, 0);
INSERT INTO A4GT_MODO_PAGAMENTO (ID, VERSIONE, IBAN, BIC, DENOMINAZIONE, ID_FASCICOLO, FASCICOLO_ID_VALIDAZIONE) VALUES (10000, 0, 'GB82WEST12345698765432', null, 'asdasdsa', 9876, 0);
INSERT INTO A4GT_MODO_PAGAMENTO (ID, VERSIONE, IBAN, BIC, DENOMINAZIONE, ID_FASCICOLO, FASCICOLO_ID_VALIDAZIONE) VALUES (10001, 0, 'GB82WEST12345698765432', null, 'asdasdsa', 10001, 0);
INSERT INTO A4GT_MODO_PAGAMENTO (ID, VERSIONE, IBAN, BIC, DENOMINAZIONE, ID_FASCICOLO, FASCICOLO_ID_VALIDAZIONE) VALUES (10002, 0, 'GB82WEST12345698765432', null, 'ffff', 10001, 0);

INSERT INTO A4GT_UNITA_TECNICO_ECONOMICHE (
	ID,VERSIONE,IDENTIFICATIVO_UTE,DATA_APERTURA,DATA_CESSAZIONE,DATA_DENUNCIA_CESSAZIONE,CAUSALE_CESSAZIONE,ATTIVITA,DATA_DENUNCIA_INIZIO_ATTIVITA,SETTORE_MERCEOLOGICO,TELEFONO,INDIRIZZO_PEC,TOPONIMO,VIA,NUMERO_CIVICO,COMUNE,CAP,CODICE_ISTAT_COMUNE,FRAZIONE,PROVINCIA,ID_PERSONA,PERSONA_ID_VALIDAZIONE
) values (
	20000, 0, 2, to_date('17/01/2005', 'dd/mm/yyyy'), to_date('30/11/2010', 'dd/mm/yyyy'), to_date('07/09/2011', 'dd/mm/yyyy'),'CHIUSURA DELL''UNITA'' LOCALE',null,null,null,null,null,'VIA','ANTICOLANA','32','ANAGNI','03012','060006',null,'FROSINONE', 10000, 0
);

INSERT INTO A4GT_ATTIVITA_ATECO (
	ID, VERSIONE, ID_SEDE, SEDE_ID_VALIDAZIONE, CODICE, DESCRIZIONE, IMPORTANZA, FONTE, ID_UNITA_TECNICO_ECONOMICHE, ID_VALIDAZIONE, UNITA_TECNICO_ECONOMICHE_IDVAL
) VALUES (
	10003, 0, 10000, 0, '0124', 'Coltivazione di pomacee e frutta a nocciolo', 'PRIMARIO', 'CAMERA_COMMERCIO', null, 0, 0
);

INSERT INTO A4GT_ATTIVITA_ATECO (
	ID, VERSIONE, ID_SEDE, SEDE_ID_VALIDAZIONE, CODICE, DESCRIZIONE, IMPORTANZA, FONTE, ID_UNITA_TECNICO_ECONOMICHE, ID_VALIDAZIONE, UNITA_TECNICO_ECONOMICHE_IDVAL
) VALUES (
	10004, 0, null, null, '0125', 'Coltivazione', 'SECONDARIO', 'CAMERA_COMMERCIO', 20000, 0, 0
);

INSERT INTO A4GT_ATTIVITA_ATECO (
	ID, VERSIONE, ID_SEDE, SEDE_ID_VALIDAZIONE, CODICE, DESCRIZIONE, IMPORTANZA, FONTE, ID_UNITA_TECNICO_ECONOMICHE, ID_VALIDAZIONE, UNITA_TECNICO_ECONOMICHE_IDVAL
) VALUES (
	10005, 0, null, null, '0126', 'Coltivazione', 'PRIMARIO', 'CAMERA_COMMERCIO', 20000, 0, 0
);

INSERT INTO A4GT_DESTINAZIONE_USO (
	ID, VERSIONE, DESCRIZIONE, ID_VALIDAZIONE, ID_UNITA_TECNICO_ECONOMICHE, UNITA_TECNICO_ECONOMICHE_IDVAL
) VALUES (
	10006, 0, 'MAGAZZINO', 0, 20000, 0
);

INSERT INTO A4GT_DESTINAZIONE_USO (
	ID, VERSIONE, DESCRIZIONE, ID_VALIDAZIONE, ID_UNITA_TECNICO_ECONOMICHE, UNITA_TECNICO_ECONOMICHE_IDVAL
) VALUES (
	10007, 0, 'UFFICIO', 0, 20000, 0
);

INSERT INTO A4GT_DOCUMENTO_IDENTITA (
	ID, VERSIONE, ID_VALIDAZIONE, FASCICOLO_ID, FASCICOLO_ID_VALIDAZIONE, CODICE_FISCALE, NUMERO,
	TIPOLOGIA, DATA_RILASCIO, DATA_SCADENZA, DOCUMENTO
) VALUES (
	1, 1, 0, 10001, 0, 'XPDNDR77B03L377S', 963, 'ALTRO', to_date('30/11/2010', 'dd/mm/yyyy'), to_date('07/09/2030', 'dd/mm/yyyy'), NULL
);