INSERT INTO A4GT_CAA
(ID, VERSIONE, CODICE_FISCALE, DENOMINAZIONE, PARTITA_IVA, FORMA_GIURIDICA, ATTO_RICONOSCIMENTO, SOCIETA_SERVIZI, CF_SOCIETA_SERVIZI, DESCRIZIONE_ESTESA, CODICE_ISTAT, FRAZIONE, TOPONIMO, VIA, NUMERO_CIVICO, CAP, PROVINCIA, COMUNE, EMAIL)
VALUES(10, 0, '01896970223', 'CAA COOPTRENTO SRL', '01896970223', 'SOCIETA A RESPONSABILITA LIMITATA', 'determinazione del Dirigente del Servizio Vigilanza e Promozione delle Attività Agricole n. 282 del 23 agosto 2011', NULL, NULL, NULL, NULL, NULL, 'VIA BRENNERO 322', 'VIA BRENNERO', '322', '38121', 'TN', 'TRENTO', 'a4g-test@tndigit.it');

INSERT INTO A4GT_SPORTELLO (ID, VERSIONE, IDENTIFICATIVO, DENOMINAZIONE, COMUNE, ID_CAA)
VALUES(712, 0, 18, 'CAA CIA - TRENTO - 001', 'TRENTO', 10);

INSERT INTO A4GT_CAA
(ID, VERSIONE, CODICE_FISCALE, DENOMINAZIONE, PARTITA_IVA, FORMA_GIURIDICA, ATTO_RICONOSCIMENTO, SOCIETA_SERVIZI, CF_SOCIETA_SERVIZI, DESCRIZIONE_ESTESA, CODICE_ISTAT, FRAZIONE, TOPONIMO, VIA, NUMERO_CIVICO, CAP, PROVINCIA, COMUNE, EMAIL)
VALUES(11, 0, '01896970220', 'CAA COOPROVERETO SRL', '01896970220', 'SOCIETA A RESPONSABILITA LIMITATA', 'determinazione del Dirigente del Servizio Vigilanza e Promozione delle Attività Agricole n. 282 del 23 agosto 2011', NULL, NULL, NULL, NULL, NULL, 'VIA BRENNERO 322', 'VIA BRENNERO', '322', '38121', 'TN', 'TRENTO', 'nonesistente@tndigit.it');

INSERT INTO A4GT_SPORTELLO (ID, VERSIONE, IDENTIFICATIVO, DENOMINAZIONE, COMUNE, ID_CAA)
VALUES(713, 0, 28, 'CAA CIA - TRENTO - 001', 'TRENTO', 11);

INSERT INTO A4GT_PERSONA (ID, ID_VALIDAZIONE, VERSIONE, CODICE_FISCALE) VALUES (3592,0,0,'00959460221');
INSERT INTO A4GT_PERSONA (ID, ID_VALIDAZIONE, VERSIONE, CODICE_FISCALE) VALUES (3593,0,0,'10959460221');
INSERT INTO A4GT_PERSONA (ID, ID_VALIDAZIONE, VERSIONE, CODICE_FISCALE) VALUES (4000,0,0,'02346040229');

INSERT INTO A4GT_PERSONA_GIURIDICA (
	ID, ID_VALIDAZIONE, VERSIONE, PARTITA_IVA, DENOMINAZIONE, FORMA_GIURIDICA, DATA_COSTITUZIONE, DATA_TERMINE, CAPITALE_SOCIALE_DELIBERATO, CF_RAPPRESENTANTE_LEGALE, DATA_ISCRIZIONE, PROVINCIA_CCIAA, NUMERO_REPERTORIO, CESSATA, NOME_RAPPRESENTANTE_LEGALE, PEC, TELEFONO, SEDE_DESCRIZIONE_ESTESA, SEDE_TOPONIMO, SEDE_VIA, SEDE_NUMERO_CIVICO, SEDE_CAP, SEDE_CODICE_ISTAT, SEDE_PROVINCIA, SEDE_COMUNE, SEDE_FRAZIONE, SEDE_CC_DESCRIZIONE_ESTESA, SEDE_CC_TOPONIMO, SEDE_CC_VIA, SEDE_CC_NUMERO_CIVICO, SEDE_CC_CAP, SEDE_CC_CODICE_ISTAT, SEDE_CC_PROVINCIA, SEDE_CC_COMUNE, SEDE_CC_FRAZIONE, OGGETTO_SOCIALE
) VALUES (
	3592, 0, 0, '00959460221', 'SEVEN S.P.A.', 'SOCIETA'' PER AZIONI', TIMESTAMP '1982-09-20 00:00:00.000000', TIMESTAMP '2025-12-31 00:00:00.000000', 1500000, 'XPDNDR77B03L378X', TIMESTAMP '1982-12-17 00:00:00.000000', 'TN', 106862, 0, 'POLI PAOLO', 'AMMINISTRAZIONE@EXAMPLE.IT', '046197654', 'VIA ALTO ADIGE 242', NULL, NULL, NULL, '38121', NULL, 'TN', 'TRENTO', NULL, NULL, 'VIA', 'ALTO ADIGE', '242', '38121', '022205', 'TRENTO', 'TRENTO', 'GARDOLO', 'OGGETTO SOCIALE'
);

INSERT INTO A4GT_PERSONA_GIURIDICA (
    ID, ID_VALIDAZIONE, VERSIONE, PARTITA_IVA, DENOMINAZIONE, FORMA_GIURIDICA, DATA_COSTITUZIONE, DATA_TERMINE, CAPITALE_SOCIALE_DELIBERATO, CF_RAPPRESENTANTE_LEGALE, DATA_ISCRIZIONE, PROVINCIA_CCIAA, NUMERO_REPERTORIO, CESSATA, NOME_RAPPRESENTANTE_LEGALE, PEC, TELEFONO, SEDE_DESCRIZIONE_ESTESA, SEDE_TOPONIMO, SEDE_VIA, SEDE_NUMERO_CIVICO, SEDE_CAP, SEDE_CODICE_ISTAT, SEDE_PROVINCIA, SEDE_COMUNE, SEDE_FRAZIONE, SEDE_CC_DESCRIZIONE_ESTESA, SEDE_CC_TOPONIMO, SEDE_CC_VIA, SEDE_CC_NUMERO_CIVICO, SEDE_CC_CAP, SEDE_CC_CODICE_ISTAT, SEDE_CC_PROVINCIA, SEDE_CC_COMUNE, SEDE_CC_FRAZIONE, OGGETTO_SOCIALE
) VALUES (
    3593, 0, 0, '10959460221', 'EIGHT S.P.A.', 'SOCIETA'' PER AZIONI', TIMESTAMP '1982-09-20 00:00:00.000000', TIMESTAMP '2025-12-31 00:00:00.000000', 1500000, 'YPDNDR77B03L378X', TIMESTAMP '1982-12-17 00:00:00.000000', 'TN', 106862, 0, 'POLI RENZO', 'AMMINISTRAZIONE2@EXAMPLE.IT', '046199999', 'VIA CAVOUR 22', NULL, NULL, NULL, '38121', NULL, 'TN', 'TRENTO', NULL, NULL, 'VIA', 'ALTO ADIGE', '242', '38121', '022205', 'TRENTO', 'TRENTO', 'GARDOLO', 'OGGETTO SOCIALE'
);

INSERT INTO A4GT_PERSONA_GIURIDICA (
    ID, ID_VALIDAZIONE, VERSIONE, PARTITA_IVA, DENOMINAZIONE, FORMA_GIURIDICA, DATA_COSTITUZIONE, DATA_TERMINE, CAPITALE_SOCIALE_DELIBERATO, CF_RAPPRESENTANTE_LEGALE, DATA_ISCRIZIONE, PROVINCIA_CCIAA, NUMERO_REPERTORIO, CESSATA, NOME_RAPPRESENTANTE_LEGALE, PEC, TELEFONO, SEDE_DESCRIZIONE_ESTESA, SEDE_TOPONIMO, SEDE_VIA, SEDE_NUMERO_CIVICO, SEDE_CAP, SEDE_CODICE_ISTAT, SEDE_PROVINCIA, SEDE_COMUNE, SEDE_FRAZIONE, SEDE_CC_DESCRIZIONE_ESTESA, SEDE_CC_TOPONIMO, SEDE_CC_VIA, SEDE_CC_NUMERO_CIVICO, SEDE_CC_CAP, SEDE_CC_CODICE_ISTAT, SEDE_CC_PROVINCIA, SEDE_CC_COMUNE, SEDE_CC_FRAZIONE, OGGETTO_SOCIALE
) VALUES (
    4000, 0, 0, '02346040229', 'ZUPIT SRL', 'SOCIETA'' A RESPONSABILITA'' LIMITATA', TIMESTAMP '2014-08-13 00:00:00.000000', TIMESTAMP '2050-12-31 00:00:00.000000', 1500000, 'XPDNDR77B03L378X', TIMESTAMP '1982-12-17 00:00:00.000000', 'TN', 106862, 0, 'POLI RENZO', 'AMMINISTRAZIONE2@EXAMPLE.IT', '046199999', 'VIA CAVOUR 22', NULL, NULL, NULL, '38121', NULL, 'TN', 'TRENTO', NULL, NULL, 'VIA', 'ALTO ADIGE', '242', '38121', '022205', 'TRENTO', 'TRENTO', 'GARDOLO', 'OGGETTO SOCIALE'
);

INSERT INTO A4GT_PERSONA (ID, ID_VALIDAZIONE,VERSIONE,CODICE_FISCALE) VALUES (5,0,0,'XPDNDR77B03L378X');
INSERT INTO A4GT_PERSONA (ID, ID_VALIDAZIONE,VERSIONE,CODICE_FISCALE) VALUES (6,0,0,'XPDNDR77B03L378Y');

INSERT INTO A4GT_PERSONA_FISICA_CON_CARICA (
	ID, VERSIONE, CODICE_FISCALE, NOME, COGNOME, SESSO, DATA_NASCITA, COMUNE_NASCITA, PROVINCIA_NASCITA, DECEDUTO, DESCRIZIONE_ESTESA, TOPONIMO, VIA, NUMERO_CIVICO, CAP, CODICE_ISTAT, FRAZIONE, PROVINCIA, COMUNE, ID_VALIDAZIONE
) VALUES (
	5, 0, 'XPDNDR77B03L378X', 'ADNDREX', 'DEPEDRX', 'MASCHIO', TIMESTAMP '1950-09-20 00:00:00.000000', 'TRENTO', 'TRENTINO', 0, 'BOMBER', 'BOSS', 'TOPO TEST', 'VIA TEST', 1, 'CAP TEST', 'CODICE ISTAT TEST', 'FRAZ TEST', 'COMUNE TEST', 0
);

INSERT INTO A4GT_PERSONA_FISICA_CON_CARICA (
	ID, VERSIONE, CODICE_FISCALE, NOME, COGNOME, SESSO, DATA_NASCITA, COMUNE_NASCITA, PROVINCIA_NASCITA, DECEDUTO, DESCRIZIONE_ESTESA, TOPONIMO, VIA, NUMERO_CIVICO, CAP, CODICE_ISTAT, FRAZIONE, PROVINCIA, COMUNE, ID_VALIDAZIONE
) VALUES (
	6, 0, 'XPDNDR77B03L378Y', 'ADNDREY', 'DEPEDRY', 'MASCHIO', TIMESTAMP '1950-09-20 00:00:00.000000', 'TRENTO', 'TRENTINO', 0, 'BOMBER', 'BOSS', 'TOPO TEST', 'VIA TEST', 1, 'CAP TEST', 'CODICE ISTAT TEST', 'FRAZ TEST', 'COMUNE TEST', 0
);

INSERT INTO A4GT_CARICA (
	ID, VERSIONE, DESCRIZIONE, IDENTIFICATIVO, DATA_INIZIO_CARICA, ID_PERSONA_FISICA_CON_CARICA, ID_PERSONA_GIURIDICA, PERS_GIURIDICA_ID_VALIDAZIONE, PERSONA_FISICA_CARICA_IDVAL, ID_VALIDAZIONE, PERSONA_GIURIDICA_CARICA_IDVAL, ID_PERSONA_GIURIDICA_CARICA, FIRMATARIO
) VALUES (
	20, 0, 'SOCIO', 'COM', TIMESTAMP '2010-09-20 00:00:00.000000', 5, 3592, 0, 0, 0, NULL, 0, 0
);

INSERT INTO A4GT_CARICA (
	ID, VERSIONE, DESCRIZIONE, IDENTIFICATIVO, DATA_INIZIO_CARICA, ID_PERSONA_FISICA_CON_CARICA, ID_PERSONA_GIURIDICA, PERS_GIURIDICA_ID_VALIDAZIONE, PERSONA_FISICA_CARICA_IDVAL, ID_VALIDAZIONE, PERSONA_GIURIDICA_CARICA_IDVAL, ID_PERSONA_GIURIDICA_CARICA, FIRMATARIO
) VALUES (
	21, 0, 'RAPPRESENTANTE', 'RAP', TIMESTAMP '2010-10-20 00:00:00.000000', 6, 3592, 0, 0, 0, NULL, 0, 0
);

INSERT INTO A4GT_FASCICOLO (
	ID, ID_VALIDAZIONE, VERSIONE, CUAA, STATO, DENOMINAZIONE, ID_PERSONA, PERSONA_ID_VALIDAZIONE, ORGANISMO_PAGATORE, UTENTE_MODIFICA, DT_AGGIORNAMENTO_FONTI_ESTERNE
) VALUES (
	1, 0, 0, '00959460221', 'IN_VALIDAZIONE', 'DEPEDRI ANDREA', 3592, 0, 'APPAG', 'UTENTE MODIFICA', SYSDATE
);

INSERT INTO A4GT_DETENZIONE (ID, ID_VALIDAZIONE, VERSIONE, DATA_INIZIO, DATA_FINE, ID_FASCICOLO, FASCICOLO_ID_VALIDAZIONE)
VALUES(30, 0, 0, to_date('01/09/2019 22:00:00', 'dd/mm/yyyy HH24:MI:SS'), null, 1, 0);

INSERT INTO A4GT_MANDATO (ID, VERSIONE, IDENTIFICATIVO_SPORTELLO, CONTRATTO , DATA_SOTTOSCRIZIONE)
VALUES(30, 0, 18, 'AAAA', to_date('01/06/2020 22:00:00', 'dd/mm/yyyy HH24:MI:SS'));

INSERT INTO A4GT_DOCUMENTO_IDENTITA(
    ID, ID_VALIDAZIONE, VERSIONE, CODICE_FISCALE, NUMERO, TIPOLOGIA, DATA_RILASCIO,	DATA_SCADENZA, DOCUMENTO, FASCICOLO_ID, FASCICOLO_ID_VALIDAZIONE
) VALUES (
	1, 0, 0, 'XPDNDR77B03L378X', '111111', 'ALTRO',  to_date('01/09/2019 22:00:00', 'dd/mm/yyyy HH24:MI:SS'),  to_date('01/09/2029 22:00:00', 'dd/mm/yyyy HH24:MI:SS'), 'AAAAAA', 1, 0
);

INSERT INTO A4GT_FASCICOLO (
    ID, ID_VALIDAZIONE, VERSIONE, CUAA, STATO, DENOMINAZIONE, ID_PERSONA, PERSONA_ID_VALIDAZIONE, ORGANISMO_PAGATORE, UTENTE_MODIFICA
) VALUES (
    2, 0, 0, '10959460221', 'ALLA_FIRMA_AZIENDA', 'DEPEDRI ANDREA2', 3593, 0, 'APPAG', 'UTENTE MODIFICA'
);

INSERT INTO A4GT_DETENZIONE (ID, ID_VALIDAZIONE, VERSIONE, DATA_INIZIO, DATA_FINE, ID_FASCICOLO, FASCICOLO_ID_VALIDAZIONE)
VALUES(31, 0, 0, to_date('01/09/2020 22:00:00', 'dd/mm/yyyy HH24:MI:SS'), null, 2, 0);

INSERT INTO A4GT_MANDATO (ID, VERSIONE, IDENTIFICATIVO_SPORTELLO, CONTRATTO , DATA_SOTTOSCRIZIONE)
VALUES(31, 0, 28, 'AAAA', to_date('01/09/2020 22:00:00', 'dd/mm/yyyy HH24:MI:SS'));


INSERT INTO A4GT_FASCICOLO (
    ID, ID_VALIDAZIONE, VERSIONE, CUAA, STATO, DENOMINAZIONE, ID_PERSONA, PERSONA_ID_VALIDAZIONE, ORGANISMO_PAGATORE, UTENTE_MODIFICA, SCHEDA_VALIDAZIONE_FIRMATA
) VALUES (
    100, 0, 0, '02346040229', 'ALLA_FIRMA_AZIENDA', 'DEPEDRI ANDREA2', 3593, 0, 'APPAG', 'UTENTE MODIFICA', RAWTOHEX('123')
);

INSERT INTO A4GT_DETENZIONE (ID, ID_VALIDAZIONE, VERSIONE, DATA_INIZIO, DATA_FINE, ID_FASCICOLO, FASCICOLO_ID_VALIDAZIONE)
VALUES(100, 0, 0, to_date('01/09/2020 22:00:00', 'dd/mm/yyyy HH24:MI:SS'), null, 100, 0);

INSERT INTO A4GT_MANDATO (ID, VERSIONE, IDENTIFICATIVO_SPORTELLO, CONTRATTO , DATA_SOTTOSCRIZIONE)
VALUES(100, 0, 28, 'BBBB', to_date('01/09/2020 22:00:00', 'dd/mm/yyyy HH24:MI:SS'));
