--------- Inserimento CAA e sportelli
INSERT INTO A4GT_CAA
(ID, VERSIONE, CODICE_FISCALE, DENOMINAZIONE, PARTITA_IVA, FORMA_GIURIDICA, ATTO_RICONOSCIMENTO, SOCIETA_SERVIZI, CF_SOCIETA_SERVIZI, DESCRIZIONE_ESTESA, CODICE_ISTAT, FRAZIONE, TOPONIMO, VIA, NUMERO_CIVICO, CAP, PROVINCIA, COMUNE, EMAIL)
VALUES(10, 0, '01896970223', 'CAA COOPTRENTO SRL', '01896970223', 'SOCIETA A RESPONSABILITA LIMITATA', 'determinazione del Dirigente del Servizio Vigilanza e Promozione delle Attività Agricole n. 282 del 23 agosto 2011', NULL, NULL, NULL, NULL, NULL, 'VIA BRENNERO 322', 'VIA BRENNERO', '322', '38121', 'TN', 'TRENTO', 'a4g-test@tndigit.it');

insert into A4GT_SPORTELLO (ID,VERSIONE,IDENTIFICATIVO,DENOMINAZIONE,ID_CAA) values (11,0,11,'SPORTELLO - CORRENTE', 10);
insert into A4GT_SPORTELLO (ID,VERSIONE,IDENTIFICATIVO,DENOMINAZIONE,ID_CAA) values (13,0,13,'SPORTELLO - PROGRAMMATO', 10);
insert into A4GT_SPORTELLO (ID,VERSIONE,IDENTIFICATIVO,DENOMINAZIONE,ID_CAA) values (15,0,15,'SPORTELLO - NEW', 10);

-- caa a cui fare le revoche ordinarie
INSERT INTO A4GT_CAA (ID, VERSIONE, CODICE_FISCALE, DENOMINAZIONE, PARTITA_IVA, FORMA_GIURIDICA, ATTO_RICONOSCIMENTO, SOCIETA_SERVIZI, CF_SOCIETA_SERVIZI, DESCRIZIONE_ESTESA, CODICE_ISTAT, FRAZIONE, TOPONIMO, VIA, NUMERO_CIVICO, CAP, PROVINCIA, COMUNE, EMAIL)
VALUES(696, 0, '05804771003', 'CAA - CIA S.R.L.', '05804771003', 'SOCIETA A RESPONSABILITA LIMITATA', 'determinazione della Regione Lazio n. A02140 del 20 marzo 2012 con oggetto “Approvazione del verbale relativo alla valutazione della richiesta di adeguamento ai requisiti del Decreto del Ministro delle politiche agricole alimentari e forestali del 27 marzo 2008', 'AGRIVERDE - CIA S.R.L.', '01393750227', NULL, NULL, NULL, 'LUNGOTEVERE MICHELANGELO 9', 'LUNGOTEVERE MICHELANGELO', '9', '00192', 'RM', 'ROMA', 'a4g-test@tndigit.it');

INSERT INTO A4GT_SPORTELLO (ID, VERSIONE, IDENTIFICATIVO, DENOMINAZIONE, COMUNE, ID_CAA)
VALUES(712, 0, 18, 'CAA CIA - TRENTO - 001', 'TRENTO', 696);
INSERT INTO A4GT_SPORTELLO
(ID, VERSIONE, IDENTIFICATIVO, DENOMINAZIONE, COMUNE, ID_CAA)
VALUES(713, 0, 19, 'CAA CIA - CLES - 002', 'CLES', 696);

--------------------------------XPDNDR77B03L378X - revoca immediata - nessuna revoca presente
insert into A4GT_PERSONA (ID, ID_VALIDAZIONE,VERSIONE,CODICE_FISCALE) values (5,0,0,'XPDNDR77B03L378X');
insert into A4GT_PERSONA_FISICA (ID, ID_VALIDAZIONE,VERSIONE,NOME,COGNOME,SESSO,DATA_NASCITA,COMUNE_NASCITA,PROVINCIA_NASCITA,DECEDUTO) values (5,0,0,'ANDREA','DEPEDRI','MASCHIO',SYSDATE,'TRENTO','TRENTINO',0);


INSERT INTO A4GT_FASCICOLO (ID, ID_VALIDAZIONE, VERSIONE, CUAA, STATO, DENOMINAZIONE, ID_PERSONA, PERSONA_ID_VALIDAZIONE, ORGANISMO_PAGATORE, UTENTE_MODIFICA, DATA_MODIFICA)
VALUES (1, 0, 0, 'XPDNDR77B03L378X', 'IN_AGGIORNAMENTO', 'DEPEDRI ANDREA', 5, 0, 'APPAG', 'Utente Modifica', to_date('01-01-2020', 'dd-mm-yyyy'));

-- sportello corrente
INSERT INTO A4GT_DETENZIONE (ID, ID_VALIDAZIONE, VERSIONE, DATA_INIZIO, DATA_FINE,  ID_FASCICOLO) 
VALUES(30, 0, 0, to_date('01/09/2020 22:00:00', 'dd/mm/yyyy HH24:MI:SS'), to_date('15/10/2020 22:00:00', 'dd/mm/yyyy HH24:MI:SS'), 1);

INSERT INTO A4GT_MANDATO (ID, VERSIONE, IDENTIFICATIVO_SPORTELLO, CONTRATTO , DATA_SOTTOSCRIZIONE) 
VALUES(30, 0 , 11, 'AAAA', to_date('01/06/2020 22:00:00', 'dd/mm/yyyy HH24:MI:SS'));

-- sportello programmato 
INSERT INTO A4GT_DETENZIONE (ID, ID_VALIDAZIONE, VERSIONE, DATA_INIZIO, DATA_FINE,  ID_FASCICOLO) 
VALUES(31, 0, 0 , to_date('16/10/2020 22:00:00', 'dd/mm/yyyy HH24:MI:SS'), NULL, 1);
INSERT INTO A4GT_MANDATO (ID, VERSIONE, IDENTIFICATIVO_SPORTELLO, CONTRATTO , DATA_SOTTOSCRIZIONE) 
VALUES(31, 0 , 13, 'AAAA', to_date('01/06/2020 22:00:00', 'dd/mm/yyyy HH24:MI:SS'));

----------------------------------------------- XPDNDR77B03L378Y presente revoca immediata da valutare

insert into A4GT_PERSONA (ID, ID_VALIDAZIONE,VERSIONE,CODICE_FISCALE) values (6,0,0,'XPDNDR77B03L378Y');
insert into A4GT_PERSONA_FISICA (ID, ID_VALIDAZIONE,VERSIONE,NOME,COGNOME,SESSO,DATA_NASCITA,COMUNE_NASCITA,PROVINCIA_NASCITA,DECEDUTO) values (6,0,0,'ANDREAY','DEPEDRI','MASCHIO',SYSDATE,'TRENTO','TRENTINO',0);

INSERT INTO A4GT_FASCICOLO (ID, ID_VALIDAZIONE, VERSIONE, CUAA, STATO, DENOMINAZIONE, ID_PERSONA, PERSONA_ID_VALIDAZIONE, ORGANISMO_PAGATORE, UTENTE_MODIFICA, DATA_MODIFICA)
VALUES (3, 0, 0, 'XPDNDR77B03L378Y', 'IN_AGGIORNAMENTO', 'DEPEDRI ANDREAY', 6, 0, 'APPAG', 'Utente Modifica', to_date('01-01-2020', 'dd-mm-yyyy'));

-- sportello XPDNDR77B03L378Y
INSERT INTO A4GT_DETENZIONE (ID, ID_VALIDAZIONE, VERSIONE, DATA_INIZIO, DATA_FINE,  ID_FASCICOLO) 
VALUES(35, 0, 0, to_date('01/09/2020 22:00:00', 'dd/mm/yyyy HH24:MI:SS'), null, 3);
INSERT INTO A4GT_MANDATO (ID, VERSIONE, IDENTIFICATIVO_SPORTELLO, CONTRATTO , DATA_SOTTOSCRIZIONE) 
VALUES(35, 0 , 11, 'AAAA', to_date('01/06/2020 22:00:00', 'dd/mm/yyyy HH24:MI:SS'));

-- revoca immediata XPDNDR77B03L378Y
INSERT INTO A4GT_REVOCA_IMMEDIATA
(ID, VERSIONE, DATA_SOTTOSCRIZIONE, STATO, ID_MANDATO, MANDATO_ID_VALIDAZIONE, CODICE_FISCALE, ID_PROTOCOLLO, DT_PROTOCOLLO, DATA_VALUTAZIONE, MOTIVAZIONE_RIFIUTO, CAUSA_RICHIESTA) 
VALUES
(1, 0, to_date('17-NOV-20','DD-MON-RR'), 'DA_VALUTARE', 35, 0, 'XPDNDR77B03L378Y', 'PROTOCOL-001', to_date('17-NOV-20','DD-MON-RR'), null, null, 'qualche motivazione');

--------------------------------------------- DPDNDR77B03L378W rappresentante legale di 00959460221  - nessuna revoca presente

insert into A4GT_PERSONA (ID, ID_VALIDAZIONE,VERSIONE,CODICE_FISCALE) values (7,0,0,'00959460221');
INSERT INTO A4GT_PERSONA_GIURIDICA (ID, ID_VALIDAZIONE, VERSIONE, PARTITA_IVA, DENOMINAZIONE, FORMA_GIURIDICA, OGGETTO_SOCIALE, DATA_COSTITUZIONE, DATA_TERMINE, CAPITALE_SOCIALE_DELIBERATO, CF_RAPPRESENTANTE_LEGALE, NOME_RAPPRESENTANTE_LEGALE, DATA_ISCRIZIONE, PROVINCIA_CCIAA, NUMERO_REPERTORIO, CESSATA, SEDE_DESCRIZIONE_ESTESA, SEDE_TOPONIMO, SEDE_VIA, SEDE_NUMERO_CIVICO, SEDE_CAP, SEDE_CODICE_ISTAT, SEDE_FRAZIONE, SEDE_PROVINCIA, SEDE_COMUNE) 
VALUES(7, 0, 0 , '00959460221', 'denominazione', '', '', NULL , NULL , 0, 'DPDNDR77B03L378W', 'Mario Rossi', NULL , '', 0, 0, '', '', '', '', '', '', '', '', '');
INSERT INTO A4GT_FASCICOLO (ID, ID_VALIDAZIONE, VERSIONE,  CUAA, STATO, DENOMINAZIONE, ORGANISMO_PAGATORE, ID_PERSONA, PERSONA_ID_VALIDAZIONE, UTENTE_MODIFICA, DATA_MODIFICA) 
VALUES(4, 0, 0 ,  '00959460221', 'IN_AGGIORNAMENTO','SEVEN S.P.A.', 'APPAG', 7, 0, 'Utente Modifica', to_date('01-01-2020', 'dd-mm-yyyy'));

-- sportello corrente
INSERT INTO A4GT_DETENZIONE (ID, ID_VALIDAZIONE, VERSIONE, DATA_INIZIO, DATA_FINE,  ID_FASCICOLO) 
VALUES(36, 0, 0, to_date('01/09/2020 22:00:00', 'dd/mm/yyyy HH24:MI:SS'), to_date('15/10/2020 22:00:00', 'dd/mm/yyyy HH24:MI:SS'), 4);
INSERT INTO A4GT_MANDATO (ID, VERSIONE, IDENTIFICATIVO_SPORTELLO, CONTRATTO , DATA_SOTTOSCRIZIONE) 
VALUES(36, 0 , 11, 'AAAA', to_date('01/06/2020 22:00:00', 'dd/mm/yyyy HH24:MI:SS'));

-- sportello programmato 
INSERT INTO A4GT_DETENZIONE (ID, ID_VALIDAZIONE, VERSIONE, DATA_INIZIO, DATA_FINE,  ID_FASCICOLO) 
VALUES(37, 0, 0, to_date('16/10/2020 22:00:00', 'dd/mm/yyyy HH24:MI:SS'), NULL, 4);
INSERT INTO A4GT_MANDATO (ID, VERSIONE, IDENTIFICATIVO_SPORTELLO, CONTRATTO , DATA_SOTTOSCRIZIONE) 
VALUES(37, 0 , 13, 'AAAA', to_date('01/06/2020 22:00:00', 'dd/mm/yyyy HH24:MI:SS'));


--------------------------------------------- DPDNDR77B03L378J rappresentante legale di 00959460222 - revoca presente da valutare

insert into A4GT_PERSONA (ID, ID_VALIDAZIONE,VERSIONE,CODICE_FISCALE) values (8,0,0,'00959460222');
INSERT INTO A4GT_PERSONA_GIURIDICA (ID, ID_VALIDAZIONE, VERSIONE, PARTITA_IVA, DENOMINAZIONE, FORMA_GIURIDICA, OGGETTO_SOCIALE, DATA_COSTITUZIONE, DATA_TERMINE, CAPITALE_SOCIALE_DELIBERATO, CF_RAPPRESENTANTE_LEGALE, NOME_RAPPRESENTANTE_LEGALE, DATA_ISCRIZIONE, PROVINCIA_CCIAA, NUMERO_REPERTORIO, CESSATA, SEDE_DESCRIZIONE_ESTESA, SEDE_TOPONIMO, SEDE_VIA, SEDE_NUMERO_CIVICO, SEDE_CAP, SEDE_CODICE_ISTAT, SEDE_FRAZIONE, SEDE_PROVINCIA, SEDE_COMUNE) 
VALUES(8, 0, 0, '00959460222', 'denominazione', '', '', NULL , NULL , 0, 'DPDNDR77B03L378J', 'Mario Bianchi', NULL , '', 0, 0, '', '', '', '', '', '', '', '', '');
INSERT INTO A4GT_FASCICOLO (ID, ID_VALIDAZIONE, VERSIONE,  CUAA, STATO, DENOMINAZIONE, ORGANISMO_PAGATORE, ID_PERSONA, PERSONA_ID_VALIDAZIONE, UTENTE_MODIFICA, DATA_MODIFICA) 
VALUES(5, 0, 0, '00959460222', 'IN_AGGIORNAMENTO','SEVEN S.P.A.', 'APPAG', 7, 0, 'Utente Modifica', to_date('01-01-2020', 'dd-mm-yyyy'));

-- sportello 
INSERT INTO A4GT_DETENZIONE (ID, ID_VALIDAZIONE, VERSIONE, DATA_INIZIO, DATA_FINE,  ID_FASCICOLO) 
VALUES(38, 0, 0, to_date('01/09/2020 22:00:00', 'dd/mm/yyyy HH24:MI:SS'), null, 5);
INSERT INTO A4GT_MANDATO (ID, VERSIONE, IDENTIFICATIVO_SPORTELLO, CONTRATTO , DATA_SOTTOSCRIZIONE) 
VALUES(38, 0 , 11, 'BBBB', to_date('01/06/2020 22:00:00', 'dd/mm/yyyy HH24:MI:SS'));

-- revoca immediata 
INSERT INTO A4GT_REVOCA_IMMEDIATA
(ID, VERSIONE, DATA_SOTTOSCRIZIONE, STATO, ID_MANDATO, MANDATO_ID_VALIDAZIONE, CODICE_FISCALE, ID_PROTOCOLLO, DT_PROTOCOLLO, DATA_VALUTAZIONE, MOTIVAZIONE_RIFIUTO, CAUSA_RICHIESTA) 
VALUES
(2, 0, to_date('17-NOV-20','DD-MON-RR'), 'DA_VALUTARE', 38, 0, 'DPDNDR77B03L378J', 'PROTOCOL-002', to_date('17-NOV-20','DD-MON-RR'), null, null, 'qualche motivazione');
