-- Richieste
INSERT INTO TAB_AGRI_UMAL_RICHIESTA_CARBURANTE
(ID, VERSIONE, CUAA, CAMPAGNA, DATA_PRESENTAZIONE, CF_RICHIEDENTE, STATO, PROTOCOLLO, DATA_PROTOCOLLAZIONE, GASOLIO, BENZINA, GASOLIO_SERRE, GASOLIO_TERZI, NOTE, DOCUMENTO, DENOMINAZIONE)
VALUES(7728, 2, 'FRLGPP67A01H330V', 2021, TIMESTAMP '2021-02-22 12:22:04.000000', 'CNTBRN95T13F839K', 'AUTORIZZATA', 'PAT_TEST/RFS151-22/02/2021-0000336', TIMESTAMP '2021-02-22 12:29:51.000000', NULL, NULL, NULL, NULL, NULL, NULL, 'NO_DENOM');

INSERT INTO TAB_AGRI_UMAL_RICHIESTA_CARBURANTE
(ID, VERSIONE, CUAA, CAMPAGNA, DATA_PRESENTAZIONE, CF_RICHIEDENTE, STATO, PROTOCOLLO, DATA_PROTOCOLLAZIONE, GASOLIO, BENZINA, GASOLIO_SERRE, GASOLIO_TERZI, NOTE, DOCUMENTO, DENOMINAZIONE)
VALUES(7729, 2, 'FRLGPP67A01H330V', 2020, TIMESTAMP '2020-02-22 12:22:04.000000', 'CNTBRN95T13F839K', 'AUTORIZZATA', 'PAT_TEST/RFS151-22/02/2020-0000336', TIMESTAMP '2020-02-22 12:29:51.000000', NULL, NULL, NULL, NULL, NULL, NULL, 'NO_DENOM');

INSERT INTO TAB_AGRI_UMAL_RICHIESTA_CARBURANTE
(ID, VERSIONE, CUAA, CAMPAGNA, DATA_PRESENTAZIONE, CF_RICHIEDENTE, STATO, PROTOCOLLO, DATA_PROTOCOLLAZIONE, GASOLIO, BENZINA, GASOLIO_SERRE, GASOLIO_TERZI, NOTE, DOCUMENTO, DENOMINAZIONE)
VALUES(7730, 2, 'FRLGPP67A01H330V', 2019, TIMESTAMP '2019-02-22 12:22:04.000000', 'CNTBRN95T13F839K', 'AUTORIZZATA', 'PAT_TEST/RFS151-22/02/2019-0000336', TIMESTAMP '2019-02-22 12:29:51.000000', NULL, NULL, NULL, NULL, NULL, NULL, 'NO_DENOM');

INSERT INTO TAB_AGRI_UMAL_RICHIESTA_CARBURANTE
(ID, VERSIONE, CUAA, CAMPAGNA, DATA_PRESENTAZIONE, CF_RICHIEDENTE, STATO, PROTOCOLLO, DATA_PROTOCOLLAZIONE, GASOLIO, BENZINA, GASOLIO_SERRE, GASOLIO_TERZI, NOTE, DOCUMENTO, DENOMINAZIONE)
VALUES(7731, 2, 'CNTBRN95T13F839K', 2019, TIMESTAMP '2019-02-22 12:22:04.000000', 'FRLGPP67A01H330V', 'AUTORIZZATA', 'PAT_TEST/RFS151-22/02/2019-0000336', TIMESTAMP '2019-02-22 12:29:51.000000', NULL, NULL, NULL, NULL, NULL, NULL, 'NO_DENOM');

INSERT INTO TAB_AGRI_UMAL_RICHIESTA_CARBURANTE
(ID, VERSIONE, CUAA, CAMPAGNA, DATA_PRESENTAZIONE, CF_RICHIEDENTE, STATO, PROTOCOLLO, DATA_PROTOCOLLAZIONE, GASOLIO, BENZINA, GASOLIO_SERRE, GASOLIO_TERZI, NOTE, DOCUMENTO, DENOMINAZIONE)
VALUES(7732, 2, 'ZMBRCR96D11L174G', 2021, TIMESTAMP '2021-02-22 12:22:04.000000', 'FRLGPP67A01H330V', 'AUTORIZZATA', 'PAT_TEST/RFS151-22/02/2021-0000336', TIMESTAMP '2021-02-22 12:29:51.000000', 0, 0, 0, 0, NULL, NULL, 'Denominazione');

INSERT INTO TAB_AGRI_UMAL_RICHIESTA_CARBURANTE
(ID, VERSIONE, CUAA, CAMPAGNA, DATA_PRESENTAZIONE, CF_RICHIEDENTE, STATO, PROTOCOLLO, DATA_PROTOCOLLAZIONE, GASOLIO, BENZINA, GASOLIO_SERRE, GASOLIO_TERZI, NOTE, DOCUMENTO, DENOMINAZIONE)
VALUES(7733, 2, '01464420221', 2021, TIMESTAMP '2021-02-22 12:22:04.000000', 'FRLGPP67A01H330V', 'AUTORIZZATA', 'PAT_TEST/RFS151-22/02/2021-0000336', TIMESTAMP '2021-02-22 12:29:51.000000', NULL, NULL, NULL, NULL, NULL, NULL, 'Denominazione');

INSERT INTO TAB_AGRI_UMAL_RICHIESTA_CARBURANTE
(ID, VERSIONE, CUAA, CAMPAGNA, DATA_PRESENTAZIONE, CF_RICHIEDENTE, STATO, PROTOCOLLO, DATA_PROTOCOLLAZIONE, GASOLIO, BENZINA, GASOLIO_SERRE, GASOLIO_TERZI, NOTE, DOCUMENTO, DENOMINAZIONE)
VALUES(7734, 2, 'MSTFBA79L10H612L', 2019, TIMESTAMP '2019-02-22 12:22:04.000000', 'MSRMRA76S12C372W', 'AUTORIZZATA', 'PAT_TEST/RFS151-22/02/2019-0000336', TIMESTAMP '2019-02-22 12:29:51.000000', 0, 0, 0, 0, NULL, NULL, 'NO_DENOM');

INSERT INTO TAB_AGRI_UMAL_RICHIESTA_CARBURANTE
(ID, VERSIONE, CUAA, CAMPAGNA, DATA_PRESENTAZIONE, CF_RICHIEDENTE, STATO, PROTOCOLLO, DATA_PROTOCOLLAZIONE, GASOLIO, BENZINA, GASOLIO_SERRE, GASOLIO_TERZI, NOTE, DOCUMENTO, DENOMINAZIONE)
VALUES(7735, 2, 'MSTFBA79L10H612L', 2018, TIMESTAMP '2018-02-22 12:22:04.000000', 'MSRMRA76S12C372W', 'AUTORIZZATA', 'PAT_TEST/RFS151-22/02/2018-0000336', TIMESTAMP '2018-02-22 12:29:51.000000', NULL, NULL, NULL, NULL, NULL, NULL, 'NO_DENOM');

INSERT INTO TAB_AGRI_UMAL_RICHIESTA_CARBURANTE
(ID, VERSIONE, CUAA, CAMPAGNA, DATA_PRESENTAZIONE, CF_RICHIEDENTE, STATO, PROTOCOLLO, DATA_PROTOCOLLAZIONE, GASOLIO, BENZINA, GASOLIO_SERRE, GASOLIO_TERZI, NOTE, DOCUMENTO, DENOMINAZIONE)
VALUES(7736, 2, 'MSTFBA79L10H612L', 2020, TIMESTAMP '2018-02-22 12:22:04.000000', 'MSRMRA76S12C372W', 'AUTORIZZATA', 'PAT_TEST/RFS151-22/02/2018-0000336', TIMESTAMP '2018-02-22 12:29:51.000000', NULL, NULL, NULL, NULL, NULL, NULL, 'NO_DENOM');

INSERT INTO TAB_AGRI_UMAL_RICHIESTA_CARBURANTE
(ID, VERSIONE, CUAA, CAMPAGNA, DATA_PRESENTAZIONE, CF_RICHIEDENTE, STATO, PROTOCOLLO, DATA_PROTOCOLLAZIONE, GASOLIO, BENZINA, GASOLIO_SERRE, GASOLIO_TERZI, NOTE, DOCUMENTO, DENOMINAZIONE)
VALUES(8234, 4, 'ASDFAX66E31F187R', 2020, TIMESTAMP '2021-03-04 12:35:22.000000', 'DPDNDR77B03L378L', 'AUTORIZZATA', 'PAT_TEST/RFS151-11/03/2021-0000491', TIMESTAMP '2021-03-11 06:00:37.000000', 1, 3, 4, 2, NULL, NULL, 'NO_DENOM');

INSERT INTO TAB_AGRI_UMAL_RICHIESTA_CARBURANTE
(ID, VERSIONE, CUAA, CAMPAGNA, DATA_PRESENTAZIONE, CF_RICHIEDENTE, STATO, PROTOCOLLO, DATA_PROTOCOLLAZIONE, GASOLIO, BENZINA, GASOLIO_SERRE, GASOLIO_TERZI, NOTE, DOCUMENTO, DENOMINAZIONE)
VALUES(8235, 11, 'ASDFAX66E31F187R', 2021, TIMESTAMP '2021-04-07 12:27:11.000000', 'DPDNDR77B03L378L', 'AUTORIZZATA', 'PAT_TEST/RFS151-07/04/2021-0000692', TIMESTAMP '2021-04-07 12:44:19.000000', 1, 3, 4, 2, NULL, NULL, 'NO_DENOM');

-- richiesta che ha ricevuto carburante
INSERT INTO TAB_AGRI_UMAL_RICHIESTA_CARBURANTE
(ID, VERSIONE, CUAA, CAMPAGNA, DATA_PRESENTAZIONE, CF_RICHIEDENTE, STATO, PROTOCOLLO, DATA_PROTOCOLLAZIONE, GASOLIO, BENZINA, GASOLIO_SERRE, GASOLIO_TERZI, NOTE, DOCUMENTO, DENOMINAZIONE)
VALUES(823511, 11, 'BBBFBA66E31F187R', 2021, TIMESTAMP '2021-04-07 12:27:11.000000', 'BBBFBA66E31F187R', 'AUTORIZZATA', 'PAT_TEST/RFS151-07/04/2021-0000692', TIMESTAMP '2021-04-07 12:44:19.000000', 1, 3, 4, 2, NULL, NULL, 'NO_DENOM');

INSERT INTO TAB_AGRI_UMAL_RICHIESTA_CARBURANTE
(ID, VERSIONE, CUAA, CAMPAGNA, DATA_PRESENTAZIONE, CF_RICHIEDENTE, STATO, PROTOCOLLO, DATA_PROTOCOLLAZIONE, GASOLIO, BENZINA, GASOLIO_SERRE, GASOLIO_TERZI, NOTE, DOCUMENTO, DENOMINAZIONE)
VALUES(7737, 2, 'ZMBRCR96D11L174G', 2020, TIMESTAMP '2021-02-22 12:22:04.000000', 'FRLGPP67A01H330V', 'AUTORIZZATA', 'PAT_TEST/RFS151-22/02/2021-0000336', TIMESTAMP '2021-02-22 12:29:51.000000', 0, 0, 0, 0, NULL, NULL, 'Denominazione');


--Consumi
INSERT INTO TAB_AGRI_UMAL_DICHIARAZIONE_CONSUMI
(ID, VERSIONE, ID_RICHIESTA, DATA_PRESENTAZIONE, CF_RICHIEDENTE, STATO, PROTOCOLLO, DATA_PROTOCOLLAZIONE, DATA_CONDUZIONE, MOTIVAZIONE_ACCISA)
VALUES(7761, 0, 7732, TIMESTAMP '2021-03-02 17:13:29.000000', 'CNTBRN95T13F839K', 'IN_COMPILAZIONE', NULL, NULL, TIMESTAMP '2021-11-01 23:59:59.000000', 'Consumo di carburante agevolato eccedente il massimo ammesso');

INSERT INTO TAB_AGRI_UMAL_DICHIARAZIONE_CONSUMI
(ID, VERSIONE, ID_RICHIESTA, DATA_PRESENTAZIONE, CF_RICHIEDENTE, STATO, PROTOCOLLO, DATA_PROTOCOLLAZIONE, DATA_CONDUZIONE)
VALUES(7762, 0, 7733, TIMESTAMP '2021-03-02 17:13:29.000000', 'CNTBRN95T13F839K', 'PROTOCOLLATA', NULL, NULL, TIMESTAMP '2021-11-01 23:59:59.000000');

INSERT INTO TAB_AGRI_UMAL_DICHIARAZIONE_CONSUMI
(ID, VERSIONE, ID_RICHIESTA, DATA_PRESENTAZIONE, CF_RICHIEDENTE, STATO, PROTOCOLLO, DATA_PROTOCOLLAZIONE, DATA_CONDUZIONE)
VALUES(7763, 0, 7734, TIMESTAMP '2019-03-02 17:13:29.000000', 'MSRMRA76S12C372W', 'PROTOCOLLATA', NULL, NULL, TIMESTAMP '2019-11-01 23:59:59.000000');

INSERT INTO TAB_AGRI_UMAL_DICHIARAZIONE_CONSUMI
(ID, VERSIONE, ID_RICHIESTA, DATA_PRESENTAZIONE, CF_RICHIEDENTE, STATO, PROTOCOLLO, DATA_PROTOCOLLAZIONE, DATA_CONDUZIONE)
VALUES(7764, 0, 7735, TIMESTAMP '2018-03-02 17:13:29.000000', 'MSRMRA76S12C372W', 'PROTOCOLLATA', NULL, NULL, TIMESTAMP '2018-11-01 23:59:59.000000');

INSERT INTO TAB_AGRI_UMAL_DICHIARAZIONE_CONSUMI
(ID, VERSIONE, ID_RICHIESTA, DATA_PRESENTAZIONE, CF_RICHIEDENTE, STATO, PROTOCOLLO, DATA_PROTOCOLLAZIONE, DATA_CONDUZIONE)
VALUES(7765, 0, 7736, TIMESTAMP '2018-03-02 17:13:29.000000', 'MSRMRA76S12C372W', 'IN_COMPILAZIONE', NULL, NULL, TIMESTAMP '2018-11-01 23:59:59.000000');

INSERT INTO TAB_AGRI_UMAL_DICHIARAZIONE_CONSUMI
(ID, VERSIONE, ID_RICHIESTA, DATA_PRESENTAZIONE, CF_RICHIEDENTE, STATO, PROTOCOLLO, DATA_PROTOCOLLAZIONE, DATA_CONDUZIONE, MOTIVAZIONE_ACCISA, DOCUMENTO)
VALUES(9172, 0, 8234, TIMESTAMP '2020-03-10 16:00:53.000000', 'DPDNDR77B03L378L', 'PROTOCOLLATA', NULL, NULL, TIMESTAMP '2020-11-01 23:59:59.000000', NULL, NULL);

INSERT INTO TAB_AGRI_UMAL_DICHIARAZIONE_CONSUMI
(ID, VERSIONE, ID_RICHIESTA, DATA_PRESENTAZIONE, CF_RICHIEDENTE, STATO, PROTOCOLLO, DATA_PROTOCOLLAZIONE, DATA_CONDUZIONE, MOTIVAZIONE_ACCISA, DOCUMENTO)
VALUES(9173, 4, 8235, TIMESTAMP '2021-03-10 16:00:53.000000', 'DPDNDR77B03L378L', 'IN_COMPILAZIONE', NULL, NULL, TIMESTAMP '2020-11-01 23:59:59.000000', 'Consumo di carburante agevolato eccedente il massimo ammesso' , NULL);

INSERT INTO TAB_AGRI_UMAL_DICHIARAZIONE_CONSUMI
(ID, VERSIONE, ID_RICHIESTA, DATA_PRESENTAZIONE, CF_RICHIEDENTE, STATO, PROTOCOLLO, DATA_PROTOCOLLAZIONE, DATA_CONDUZIONE, MOTIVAZIONE_ACCISA)
VALUES(7766, 0, 7737, TIMESTAMP '2021-03-02 17:13:29.000000', 'CNTBRN95T13F839K', 'PROTOCOLLATA', NULL, NULL, TIMESTAMP '2021-11-01 23:59:59.000000', 'Consumo di carburante agevolato eccedente il massimo ammesso');

--PRELIEVI
INSERT INTO TAB_AGRI_UMAL_PRELIEVI
(ID, VERSIONE, ID_DISTRIBUTORE, ID_RICHIESTA, GASOLIO, BENZINA, GASOLIO_SERRE, "DATA", CONSEGNATO)
VALUES(10, 0, 8162, 8235, 100, 200, 300, TIMESTAMP '2021-04-06 10:37:08.000000', 0);
INSERT INTO TAB_AGRI_UMAL_PRELIEVI
(ID, VERSIONE, ID_DISTRIBUTORE, ID_RICHIESTA, GASOLIO, BENZINA, GASOLIO_SERRE, "DATA", CONSEGNATO)
VALUES(11, 0, 8162, 8235, 400, 500, 600, TIMESTAMP '2021-04-07 12:45:56.000000', 0);


INSERT INTO TAB_AGRI_UMAL_PRELIEVI
(ID, VERSIONE, ID_DISTRIBUTORE, ID_RICHIESTA, GASOLIO, BENZINA, GASOLIO_SERRE, "DATA", CONSEGNATO)
VALUES(12, 0, 8162, 7732, 400, 500, 600, TIMESTAMP '2021-04-07 12:45:56.000000', 0);


--TRASFERIMENTI
INSERT INTO TAB_AGRI_UMAL_TRASFERIMENTI
(ID, VERSIONE, ID_RICHIESTA, GASOLIO, BENZINA, GASOLIO_SERRE, "DATA", CUAA_DESTINATARIO, ID_DISTRIBUTORE_DESTINATARIO)
VALUES(5, 0, 8235, 10, 20, 30, TIMESTAMP '2021-04-12 11:15:54.000000', 'ASDFAX66E31F187R', NULL);
INSERT INTO TAB_AGRI_UMAL_TRASFERIMENTI
(ID, VERSIONE, ID_RICHIESTA, GASOLIO, BENZINA, GASOLIO_SERRE, "DATA", CUAA_DESTINATARIO, ID_DISTRIBUTORE_DESTINATARIO)
VALUES(6, 0, 8235, 40, 50, 60, TIMESTAMP '2021-04-12 11:15:54.000000', 'ASDFAX66E31F187R', NULL);
INSERT INTO TAB_AGRI_UMAL_TRASFERIMENTI
(ID, VERSIONE, ID_RICHIESTA, GASOLIO, BENZINA, GASOLIO_SERRE, "DATA", CUAA_DESTINATARIO, ID_DISTRIBUTORE_DESTINATARIO)
VALUES(7, 0, 8235, 70, 80, 90, TIMESTAMP '2021-04-12 11:15:54.000000', 'ASDFAX66E31F187R', NULL);

INSERT INTO TAB_AGRI_UMAL_TRASFERIMENTI
(ID, VERSIONE, ID_RICHIESTA, GASOLIO, BENZINA, GASOLIO_SERRE, "DATA", CUAA_DESTINATARIO, ID_DISTRIBUTORE_DESTINATARIO)
VALUES(8, 0, 8235, 10, 20, 30, TIMESTAMP '2021-04-12 11:15:54.000000', 'BBBFBA66E31F187R', NULL);
INSERT INTO TAB_AGRI_UMAL_TRASFERIMENTI
(ID, VERSIONE, ID_RICHIESTA, GASOLIO, BENZINA, GASOLIO_SERRE, "DATA", CUAA_DESTINATARIO, ID_DISTRIBUTORE_DESTINATARIO)
VALUES(9, 0, 8235, 40, 50, 60, TIMESTAMP '2021-04-12 11:15:54.000000', 'BBBFBA66E31F187R', NULL);
INSERT INTO TAB_AGRI_UMAL_TRASFERIMENTI
(ID, VERSIONE, ID_RICHIESTA, GASOLIO, BENZINA, GASOLIO_SERRE, "DATA", CUAA_DESTINATARIO, ID_DISTRIBUTORE_DESTINATARIO)
VALUES(10, 0, 8235, 70, 80, 90, TIMESTAMP '2021-04-12 11:15:54.000000', 'BBBFBA66E31F187R', NULL);


--CONSUNTIVI
INSERT INTO TAB_AGRI_UMAL_CONSUNTIVI_CONSUMI
(ID, VERSIONE, ID_CONSUMI, TIPO, CARBURANTE, QUANTITA, MOTIVAZIONE)
VALUES(16709, 1, 9173, 'RIMANENZA', 'GASOLIO', 5, NULL);
INSERT INTO TAB_AGRI_UMAL_CONSUNTIVI_CONSUMI
(ID, VERSIONE, ID_CONSUMI, TIPO, CARBURANTE, QUANTITA, MOTIVAZIONE)
VALUES(16710, 1, 9173, 'RIMANENZA', 'GASOLIO_TERZI', 6, NULL);
INSERT INTO TAB_AGRI_UMAL_CONSUNTIVI_CONSUMI
(ID, VERSIONE, ID_CONSUMI, TIPO, CARBURANTE, QUANTITA, MOTIVAZIONE)
VALUES(16711, 1, 9173, 'RIMANENZA', 'GASOLIO_SERRE', 8, NULL);
INSERT INTO TAB_AGRI_UMAL_CONSUNTIVI_CONSUMI
(ID, VERSIONE, ID_CONSUMI, TIPO, CARBURANTE, QUANTITA, MOTIVAZIONE)
VALUES(16222, 1, 9173, 'RIMANENZA', 'BENZINA', 7, NULL);
INSERT INTO TAB_AGRI_UMAL_CONSUNTIVI_CONSUMI
(ID, VERSIONE, ID_CONSUMI, TIPO, CARBURANTE, QUANTITA, MOTIVAZIONE)
VALUES(16739, 0, 9173, 'RECUPERO', 'GASOLIO_TERZI', 10, 'UTILIZZO_IMPROPRIO');
INSERT INTO TAB_AGRI_UMAL_CONSUNTIVI_CONSUMI
(ID, VERSIONE, ID_CONSUMI, TIPO, CARBURANTE, QUANTITA, MOTIVAZIONE)
VALUES(16740, 0, 9173, 'RECUPERO', 'GASOLIO_SERRE', 12, 'UTILIZZO_IMPROPRIO');
INSERT INTO TAB_AGRI_UMAL_CONSUNTIVI_CONSUMI
(ID, VERSIONE, ID_CONSUMI, TIPO, CARBURANTE, QUANTITA, MOTIVAZIONE)
VALUES(16722, 0, 9173, 'RECUPERO', 'GASOLIO', 9, 'UTILIZZO_IMPROPRIO');
INSERT INTO TAB_AGRI_UMAL_CONSUNTIVI_CONSUMI
(ID, VERSIONE, ID_CONSUMI, TIPO, CARBURANTE, QUANTITA, MOTIVAZIONE)
VALUES(16444, 0, 9173, 'RECUPERO', 'BENZINA', 11, 'UTILIZZO_IMPROPRIO');
INSERT INTO TAB_AGRI_UMAL_CONSUNTIVI_CONSUMI
(ID, VERSIONE, ID_CONSUMI, TIPO, CARBURANTE, QUANTITA, MOTIVAZIONE)
VALUES(16706, 3, 9173, 'CONSUMATO', 'GASOLIO', 1, NULL);
INSERT INTO TAB_AGRI_UMAL_CONSUNTIVI_CONSUMI
(ID, VERSIONE, ID_CONSUMI, TIPO, CARBURANTE, QUANTITA, MOTIVAZIONE)
VALUES(16707, 3, 9173, 'CONSUMATO', 'GASOLIO_TERZI', 2, NULL);
INSERT INTO TAB_AGRI_UMAL_CONSUNTIVI_CONSUMI
(ID, VERSIONE, ID_CONSUMI, TIPO, CARBURANTE, QUANTITA, MOTIVAZIONE)
VALUES(16708, 1, 9173, 'CONSUMATO', 'GASOLIO_SERRE', 4, NULL);
INSERT INTO TAB_AGRI_UMAL_CONSUNTIVI_CONSUMI
(ID, VERSIONE, ID_CONSUMI, TIPO, CARBURANTE, QUANTITA, MOTIVAZIONE)
VALUES(16888, 1, 9173, 'CONSUMATO', 'BENZINA', 3, NULL);
INSERT INTO TAB_AGRI_UMAL_CONSUNTIVI_CONSUMI
(ID, VERSIONE, ID_CONSUMI, TIPO, CARBURANTE, QUANTITA, MOTIVAZIONE)
VALUES(16737, 1, 9173, 'AMMISSIBILE', 'GASOLIO_TERZI', 11, 'ASSEGNAZIONE_SVINCOLATA');

INSERT INTO TAB_AGRI_UMAL_CONSUNTIVI_CONSUMI
(ID, VERSIONE, ID_CONSUMI, TIPO, CARBURANTE, QUANTITA, MOTIVAZIONE)
VALUES(16963, 1, 7763, 'CONSUMATO', 'GASOLIO', 0, NULL);

-- inserimento rimanenza dichiarazione consumi 7761
INSERT INTO TAB_AGRI_UMAL_CONSUNTIVI_CONSUMI (ID, VERSIONE, ID_CONSUMI, TIPO, CARBURANTE, QUANTITA)
VALUES(321, 0 , 7761, 'RIMANENZA', 'GASOLIO', 10);
INSERT INTO TAB_AGRI_UMAL_CONSUNTIVI_CONSUMI (ID, VERSIONE, ID_CONSUMI, TIPO, CARBURANTE, QUANTITA)
VALUES(322, 0 , 7761, 'RIMANENZA', 'BENZINA', 20);
INSERT INTO TAB_AGRI_UMAL_CONSUNTIVI_CONSUMI (ID, VERSIONE, ID_CONSUMI, TIPO, CARBURANTE, QUANTITA)
VALUES(323, 0 , 7761, 'RIMANENZA', 'GASOLIO_SERRE', 30);
INSERT INTO TAB_AGRI_UMAL_CONSUNTIVI_CONSUMI (ID, VERSIONE, ID_CONSUMI, TIPO, CARBURANTE, QUANTITA)
VALUES(324, 0 , 7761, 'RIMANENZA', 'GASOLIO_TERZI', 40);
INSERT INTO TAB_AGRI_UMAL_CONSUNTIVI_CONSUMI (ID, VERSIONE, ID_CONSUMI, TIPO, CARBURANTE, QUANTITA)
VALUES(327, 0 , 7761, 'CONSUMATO', 'GASOLIO', 5);
INSERT INTO TAB_AGRI_UMAL_CONSUNTIVI_CONSUMI (ID, VERSIONE, ID_CONSUMI, TIPO, CARBURANTE, QUANTITA, MOTIVAZIONE)
VALUES(3288, 0 , 7761, 'RECUPERO', 'GASOLIO', 5, 'FURTO');

-- inserimento ammissibile dichiarazione consumi 7761
INSERT INTO TAB_AGRI_UMAL_CONSUNTIVI_CONSUMI (ID, VERSIONE, ID_CONSUMI, TIPO, CARBURANTE, QUANTITA, MOTIVAZIONE)
VALUES(325, 0 , 7761, 'AMMISSIBILE', 'GASOLIO_TERZI', 500, 'ASSEGNAZIONE_SVINCOLATA');



-- inserimento allegati relativi alla rimanenza gasolio dichiarazione 7761
INSERT INTO TAB_AGRI_UMAL_ALLEGATI_CONSUNTIVI (ID, VERSIONE, ID_CONSUNTIVO, NOME_FILE, DESCRIZIONE_FILE, TIPO_DOCUMENTO, DOCUMENTO)
VALUES(165, 0 , 321, 'pippo.pdf', NULL, NULL, 'AAAA');
INSERT INTO TAB_AGRI_UMAL_ALLEGATI_CONSUNTIVI (ID, VERSIONE, ID_CONSUNTIVO, NOME_FILE, DESCRIZIONE_FILE, TIPO_DOCUMENTO, DOCUMENTO)
VALUES(166, 0 , 321, 'pippo1.pdf', NULL, NULL, 'AAAB');
INSERT INTO TAB_AGRI_UMAL_ALLEGATI_CONSUNTIVI (ID, VERSIONE, ID_CONSUNTIVO, NOME_FILE, DESCRIZIONE_FILE, TIPO_DOCUMENTO, DOCUMENTO)
VALUES(16684, 0 , 3288, 'pippo12.pdf', NULL, NULL, 'AAAB');

-- inserimento allegati relativi alla AMMISSIBILE GASOLIO_TERZI dichiarazione 7761
INSERT INTO TAB_AGRI_UMAL_ALLEGATI_CONSUNTIVI (ID, VERSIONE, ID_CONSUNTIVO, NOME_FILE, DESCRIZIONE_FILE, TIPO_DOCUMENTO, DOCUMENTO)
VALUES(167, 0 , 325, 'pippo2.pdf', 'descrizione file', 'AUTORIZZAZIONE_UMA', 'AAAC');

INSERT INTO TAB_AGRI_UMAL_ALLEGATI_CONSUNTIVI (ID, VERSIONE, ID_CONSUNTIVO, NOME_FILE, DESCRIZIONE_FILE, TIPO_DOCUMENTO, DOCUMENTO)
VALUES(168, 0 , 325, 'pippo3.pdf', 'descrizione file ammissibile', 'ALTRO', 'AAAC');

-- inserimento rimanenza dichiarazione consumi 7766
INSERT INTO TAB_AGRI_UMAL_CONSUNTIVI_CONSUMI (ID, VERSIONE, ID_CONSUMI, TIPO, CARBURANTE, QUANTITA)
VALUES(331, 0 , 7766, 'RIMANENZA', 'GASOLIO', 10);
INSERT INTO TAB_AGRI_UMAL_CONSUNTIVI_CONSUMI (ID, VERSIONE, ID_CONSUMI, TIPO, CARBURANTE, QUANTITA)
VALUES(332, 0 , 7766, 'RIMANENZA', 'BENZINA', 20);
INSERT INTO TAB_AGRI_UMAL_CONSUNTIVI_CONSUMI (ID, VERSIONE, ID_CONSUMI, TIPO, CARBURANTE, QUANTITA)
VALUES(333, 0 , 7766, 'RIMANENZA', 'GASOLIO_SERRE', 30);
INSERT INTO TAB_AGRI_UMAL_CONSUNTIVI_CONSUMI (ID, VERSIONE, ID_CONSUMI, TIPO, CARBURANTE, QUANTITA)
VALUES(334, 0 , 7766, 'RIMANENZA', 'GASOLIO_TERZI', 40);
INSERT INTO TAB_AGRI_UMAL_CONSUNTIVI_CONSUMI (ID, VERSIONE, ID_CONSUMI, TIPO, CARBURANTE, QUANTITA)
VALUES(337, 0 , 7766, 'CONSUMATO', 'GASOLIO', 5);

-- inserimento allegati consuntivi relativi alla dichiarazione 9173
INSERT INTO TAB_AGRI_UMAL_ALLEGATI_CONSUNTIVI (ID, VERSIONE, ID_CONSUNTIVO, NOME_FILE, DESCRIZIONE_FILE, TIPO_DOCUMENTO, DOCUMENTO)
VALUES(92601, 0 , 16739, 'recupero_gasolio_terzi.pdf', NULL, NULL, 'AAAC');
INSERT INTO TAB_AGRI_UMAL_ALLEGATI_CONSUNTIVI (ID, VERSIONE, ID_CONSUNTIVO, NOME_FILE, DESCRIZIONE_FILE, TIPO_DOCUMENTO, DOCUMENTO)
VALUES(92602, 0 , 16740, 'recupero_GASOLIO_SERRE.pdf', NULL, NULL, 'AAAC');
INSERT INTO TAB_AGRI_UMAL_ALLEGATI_CONSUNTIVI (ID, VERSIONE, ID_CONSUNTIVO, NOME_FILE, DESCRIZIONE_FILE, TIPO_DOCUMENTO, DOCUMENTO)
VALUES(92603, 0 , 16722, 'recupero_GASOLIO.pdf', NULL, NULL, 'AAAC');
INSERT INTO TAB_AGRI_UMAL_ALLEGATI_CONSUNTIVI (ID, VERSIONE, ID_CONSUNTIVO, NOME_FILE, DESCRIZIONE_FILE, TIPO_DOCUMENTO, DOCUMENTO)
VALUES(92604, 0 , 16444, 'recupero_BENZINA.pdf', NULL, NULL, 'AAAC');
INSERT INTO TAB_AGRI_UMAL_ALLEGATI_CONSUNTIVI (ID, VERSIONE, ID_CONSUNTIVO, NOME_FILE, DESCRIZIONE_FILE, TIPO_DOCUMENTO, DOCUMENTO)
VALUES(92605, 0 , 16737, 'ammissibile_GASOLIO_TERZI.pdf', 'ammissibile_GASOLIO_TERZI', 'ALTRO', 'AAAC');

-- inserimento clienti e fatture alla dichiarazione consumi 7761
INSERT INTO TAB_AGRI_UMAL_CLIENTE
(ID, VERSIONE, ID_CONSUMI, CUAA, DENOMINAZIONE, ID_FASCICOLO)
VALUES(10, 0 , 7761, 'BBBDNL95R14L378T', 'BBBDNL95R14L378T', 1);

INSERT INTO TAB_AGRI_UMAL_FATTURE_CLIENTI
(ID, VERSIONE, ID_CLIENTE, DOCUMENTO, NOME_FILE)
VALUES(11, 0 , 10, '', '');

---- postValidaEsisteRichiestaRettificataInCompilazione
--- ESISTE UNA RETTIFICA IN COMPILAZIONE DURANTE LA VALIDAZIONE DELLA DICHIARAZIONE CONSUMI 
INSERT INTO TAB_AGRI_UMAL_RICHIESTA_CARBURANTE
(ID, VERSIONE, CUAA, CAMPAGNA, DATA_PRESENTAZIONE, CF_RICHIEDENTE, STATO, PROTOCOLLO, DATA_PROTOCOLLAZIONE, GASOLIO, BENZINA, GASOLIO_SERRE, GASOLIO_TERZI, NOTE, DOCUMENTO, DENOMINAZIONE)
VALUES(7845, 2, 'FRLGPP67A01H330V', 2020, TIMESTAMP '2020-02-22 12:22:04.000000', 'CNTBRN95T13F839K', 'AUTORIZZATA', 'PAT_TEST/RFS151-22/02/2020-0000336', TIMESTAMP '2020-02-22 12:29:51.000000', NULL, NULL, NULL, NULL, NULL, NULL, 'NO_DENOM');

INSERT INTO TAB_AGRI_UMAL_RICHIESTA_CARBURANTE
(ID, VERSIONE, CUAA, CAMPAGNA, DATA_PRESENTAZIONE, CF_RICHIEDENTE, STATO, PROTOCOLLO, DATA_PROTOCOLLAZIONE, GASOLIO, BENZINA, GASOLIO_SERRE, GASOLIO_TERZI, NOTE, DOCUMENTO, DENOMINAZIONE)
VALUES(7846, 2, 'FRLGPP67A01H330V', 2020, TIMESTAMP '2020-03-22 12:22:04.000000', 'CNTBRN95T13F839K', 'IN_COMPILAZIONE', NULL, TIMESTAMP '2020-02-22 12:29:51.000000', NULL, NULL, NULL, NULL, NULL, NULL, 'NO_DENOM');

INSERT INTO TAB_AGRI_UMAL_DICHIARAZIONE_CONSUMI
(ID, VERSIONE, ID_RICHIESTA, DATA_PRESENTAZIONE, CF_RICHIEDENTE, STATO, PROTOCOLLO, DATA_PROTOCOLLAZIONE, DATA_CONDUZIONE)
VALUES(7847, 0, 7845, TIMESTAMP '2021-03-02 17:13:29.000000', 'CNTBRN95T13F839K', 'IN_COMPILAZIONE', NULL, NULL, TIMESTAMP '2021-11-01 23:59:59.000000');

--- postValidaDichiarazioneLegataARettifica
--- esiste una richiesta che è stata rettificata a cui è legata la dichiarazione consumi che si vuole validare
INSERT INTO TAB_AGRI_UMAL_RICHIESTA_CARBURANTE
(ID, VERSIONE, CUAA, CAMPAGNA, DATA_PRESENTAZIONE, CF_RICHIEDENTE, STATO, PROTOCOLLO, DATA_PROTOCOLLAZIONE, GASOLIO, BENZINA, GASOLIO_SERRE, GASOLIO_TERZI, NOTE, DOCUMENTO, DENOMINAZIONE)
VALUES(7848, 2, '00000000001', 2020, TIMESTAMP '2020-02-22 12:22:04.000000', '00000000001', 'RETTIFICATA', 'PAT_TEST/RFS151-22/02/2020-0000336', TIMESTAMP '2020-02-22 12:29:51.000000', NULL, NULL, NULL, NULL, NULL, NULL, 'NO_DENOM');

INSERT INTO TAB_AGRI_UMAL_DICHIARAZIONE_CONSUMI
(ID, VERSIONE, ID_RICHIESTA, DATA_PRESENTAZIONE, CF_RICHIEDENTE, STATO, PROTOCOLLO, DATA_PROTOCOLLAZIONE, DATA_CONDUZIONE)
VALUES(7849, 0, 7848, TIMESTAMP '2021-03-02 17:13:29.000000', 'CNTBRN95T13F839K', 'IN_COMPILAZIONE', NULL, NULL, TIMESTAMP '2021-11-01 23:59:59.000000');

COMMIT;