-- 0. Creazione Griglia suolo
Insert into A4ST_GRIGLIA_SUOLO (ID,VERSIONE,AREA,INTERSECA_SUOLO,CONFINE,SHAPE) 
values ('210','0','24999097','1','0','POLYGON ((652918.205417096 5098965.69322289, 652857.172983852 5098967.64767319, 652865.647383948 5098966.05787474, 652879.537132659 5098966.02776322, 652910.472570486 5098965.65052044, 652918.205417096 5098965.69322289))');

-- 1. Creazione lavorazione di test 2022 ADL
Insert into A4ST_LAVORAZIONE_SUOLO (ID,VERSIONE,UTENTE,STATO,DATA_INIZIO_LAVORAZIONE,DATA_FINE_LAVORAZIONE,TITOLO,SOPRALLUOGO,NOTE,DATA_ULTIMA_MODIFICA,UTENTE_AGS,X_ULTIMO_ZOOM,Y_ULTIMO_ZOOM,SCALA_ULTIMO_ZOOM,CAMPAGNA,MODALITA_ADL) 
values (99299990,1,'BACKOFFICE','IN_CREAZIONE',to_date('26/07/2022 09:41','DD/MM/YYYY HH24:MI'),null,null,null,null,to_date('26/07/2022 09:47','DD/MM/YYYY HH24:MI'),null,null,null,null,'2022','DISEGNO_ADL');

--  Creazione lavorazione di test 2022 Poligoni interi
Insert into A4ST_LAVORAZIONE_SUOLO (ID,VERSIONE,UTENTE,STATO,DATA_INIZIO_LAVORAZIONE,DATA_FINE_LAVORAZIONE,TITOLO,SOPRALLUOGO,NOTE,DATA_ULTIMA_MODIFICA,UTENTE_AGS,X_ULTIMO_ZOOM,Y_ULTIMO_ZOOM,SCALA_ULTIMO_ZOOM,CAMPAGNA,MODALITA_ADL) 
values (99229990,1,'BACKOFFICE','IN_CREAZIONE',to_date('26/07/2022 09:41','DD/MM/YYYY HH24:MI'),null,null,null,null,to_date('26/07/2022 09:47','DD/MM/YYYY HH24:MI'),null,null,null,null,'2022','POLIGONI_INTERI');

-- Creazione lavorazione di test 2023 Poligoni interi
Insert into A4ST_LAVORAZIONE_SUOLO (ID,VERSIONE,UTENTE,STATO,DATA_INIZIO_LAVORAZIONE,DATA_FINE_LAVORAZIONE,TITOLO,SOPRALLUOGO,NOTE,DATA_ULTIMA_MODIFICA,UTENTE_AGS,X_ULTIMO_ZOOM,Y_ULTIMO_ZOOM,SCALA_ULTIMO_ZOOM,CAMPAGNA,MODALITA_ADL) 
values (99239990,1,'BACKOFFICE','IN_MODIFICA',to_date('26/07/2022 09:41','DD/MM/YYYY HH24:MI'),null,null,null,null,to_date('26/07/2022 09:47','DD/MM/YYYY HH24:MI'),null,null,null,null,'2023','POLIGONI_INTERI');

--  Creazione lavorazione di test 2023 Poligoni interi IN_CORSO
Insert into A4ST_LAVORAZIONE_SUOLO (ID,VERSIONE,UTENTE,STATO,DATA_INIZIO_LAVORAZIONE,DATA_FINE_LAVORAZIONE,TITOLO,SOPRALLUOGO,NOTE,DATA_ULTIMA_MODIFICA,UTENTE_AGS,X_ULTIMO_ZOOM,Y_ULTIMO_ZOOM,SCALA_ULTIMO_ZOOM,CAMPAGNA,MODALITA_ADL) 
values (99249990,1,'BACKOFFICE','IN_CORSO',to_date('26/07/2022 09:41','DD/MM/YYYY HH24:MI'),null,null,null,null,to_date('26/07/2022 09:47','DD/MM/YYYY HH24:MI'),null,null,null,null,'2023','POLIGONI_INTERI');

-- 2. Associazione di record di suolo alla lavorazione
-- N.B. I suoli referenziano la lavorazione_inizio 142080 definita nel file data.sql
Insert into A4ST_SUOLO (ID,VERSIONE,ID_GRID,ISTATP,SHAPE,AREA_COLT,COD_USO_SUOLO,STATO_COLT,SORGENTE,ID_LAVORAZIONE_INIZIO,ID_LAVORAZIONE_FINE,DATA_INIZIO_VALIDITA,DATA_FINE_VALIDITA,NOTE,CAMPAGNA,ID_LAVORAZIONE_IN_CORSO) 
values (99299991,1,'210','022','POLYGON ((652918.205417096 5098965.69322289, 652857.172983852 5098967.64767319, 652865.647383948 5098966.05787474, 652879.537132659 5098966.02776322, 652910.472570486 5098965.65052044, 652918.205417096 5098965.69322289))','19981.6683','410','0','CARICAMENTO_INIZIALE',142080,null,to_date('14/01/2022 14:48','DD/MM/YYYY HH24:MI'),to_date('31/12/9999 00:00','DD/MM/YYYY HH24:MI'),null,'2022',99299990);
Insert into A4ST_SUOLO (ID,VERSIONE,ID_GRID,ISTATP,SHAPE,AREA_COLT,COD_USO_SUOLO,STATO_COLT,SORGENTE,ID_LAVORAZIONE_INIZIO,ID_LAVORAZIONE_FINE,DATA_INIZIO_VALIDITA,DATA_FINE_VALIDITA,NOTE,CAMPAGNA,ID_LAVORAZIONE_IN_CORSO) 
values (99299992,1,'210','022','POLYGON ((652918.205417096 5098965.69322289, 652857.172983852 5098967.64767319, 652865.647383948 5098966.05787474, 652879.537132659 5098966.02776322, 652910.472570486 5098965.65052044, 652918.205417096 5098965.69322289))','19981.6683','410','0','CARICAMENTO_INIZIALE',142080,null,to_date('14/01/2022 14:48','DD/MM/YYYY HH24:MI'),to_date('31/12/9999 00:00','DD/MM/YYYY HH24:MI'),null,'2022',99299990);
Insert into A4ST_SUOLO (ID,VERSIONE,ID_GRID,ISTATP,SHAPE,AREA_COLT,COD_USO_SUOLO,STATO_COLT,SORGENTE,ID_LAVORAZIONE_INIZIO,ID_LAVORAZIONE_FINE,DATA_INIZIO_VALIDITA,DATA_FINE_VALIDITA,NOTE,CAMPAGNA,ID_LAVORAZIONE_IN_CORSO) 
values (99299993,1,'210','022','POLYGON ((652918.205417096 5098965.69322289, 652857.172983852 5098967.64767319, 652865.647383948 5098966.05787474, 652879.537132659 5098966.02776322, 652910.472570486 5098965.65052044, 652918.205417096 5098965.69322289))','19981.6683','410','0','CARICAMENTO_INIZIALE',142080,null,to_date('14/01/2022 14:48','DD/MM/YYYY HH24:MI'),to_date('31/12/9999 00:00','DD/MM/YYYY HH24:MI'),null,'2022',99299990);

Insert into A4ST_SUOLO (ID,VERSIONE,ID_GRID,ISTATP,SHAPE,AREA_COLT,COD_USO_SUOLO,STATO_COLT,SORGENTE,ID_LAVORAZIONE_INIZIO,ID_LAVORAZIONE_FINE,DATA_INIZIO_VALIDITA,DATA_FINE_VALIDITA,NOTE,CAMPAGNA,ID_LAVORAZIONE_IN_CORSO) 
values (99229991,1,'210','022','POLYGON ((652918.205417096 5098965.69322289, 652857.172983852 5098967.64767319, 652865.647383948 5098966.05787474, 652879.537132659 5098966.02776322, 652910.472570486 5098965.65052044, 652918.205417096 5098965.69322289))','19981.6683','410','0','CARICAMENTO_INIZIALE',142080,null,to_date('14/01/2022 14:48','DD/MM/YYYY HH24:MI'),to_date('31/12/9999 00:00','DD/MM/YYYY HH24:MI'),null,'2022',99229990);
Insert into A4ST_SUOLO (ID,VERSIONE,ID_GRID,ISTATP,SHAPE,AREA_COLT,COD_USO_SUOLO,STATO_COLT,SORGENTE,ID_LAVORAZIONE_INIZIO,ID_LAVORAZIONE_FINE,DATA_INIZIO_VALIDITA,DATA_FINE_VALIDITA,NOTE,CAMPAGNA,ID_LAVORAZIONE_IN_CORSO) 
values (99229992,1,'210','022','POLYGON ((652918.205417096 5098965.69322289, 652857.172983852 5098967.64767319, 652865.647383948 5098966.05787474, 652879.537132659 5098966.02776322, 652910.472570486 5098965.65052044, 652918.205417096 5098965.69322289))','19981.6683','410','0','CARICAMENTO_INIZIALE',142080,null,to_date('14/01/2022 14:48','DD/MM/YYYY HH24:MI'),to_date('31/12/9999 00:00','DD/MM/YYYY HH24:MI'),null,'2022',99229990);
Insert into A4ST_SUOLO (ID,VERSIONE,ID_GRID,ISTATP,SHAPE,AREA_COLT,COD_USO_SUOLO,STATO_COLT,SORGENTE,ID_LAVORAZIONE_INIZIO,ID_LAVORAZIONE_FINE,DATA_INIZIO_VALIDITA,DATA_FINE_VALIDITA,NOTE,CAMPAGNA,ID_LAVORAZIONE_IN_CORSO) 
values (99229993,1,'210','022','POLYGON ((652918.205417096 5098965.69322289, 652857.172983852 5098967.64767319, 652865.647383948 5098966.05787474, 652879.537132659 5098966.02776322, 652910.472570486 5098965.65052044, 652918.205417096 5098965.69322289))','19981.6683','410','0','CARICAMENTO_INIZIALE',142080,null,to_date('14/01/2022 14:48','DD/MM/YYYY HH24:MI'),to_date('31/12/9999 00:00','DD/MM/YYYY HH24:MI'),null,'2022',99229990);


Insert into A4ST_SUOLO (ID,VERSIONE,ID_GRID,ISTATP,SHAPE,AREA_COLT,COD_USO_SUOLO,STATO_COLT,SORGENTE,ID_LAVORAZIONE_INIZIO,ID_LAVORAZIONE_FINE,DATA_INIZIO_VALIDITA,DATA_FINE_VALIDITA,NOTE,CAMPAGNA,ID_LAVORAZIONE_IN_CORSO) 
values (99239991,1,'210','022','POLYGON ((652918.205417096 5098965.69322289, 652857.172983852 5098967.64767319, 652865.647383948 5098966.05787474, 652879.537132659 5098966.02776322, 652910.472570486 5098965.65052044, 652918.205417096 5098965.69322289))','19981.6683','410','0','CARICAMENTO_INIZIALE',142080,null,to_date('14/01/2022 14:48','DD/MM/YYYY HH24:MI'),to_date('31/12/9999 00:00','DD/MM/YYYY HH24:MI'),null,'2023',99239990);
Insert into A4ST_SUOLO (ID,VERSIONE,ID_GRID,ISTATP,SHAPE,AREA_COLT,COD_USO_SUOLO,STATO_COLT,SORGENTE,ID_LAVORAZIONE_INIZIO,ID_LAVORAZIONE_FINE,DATA_INIZIO_VALIDITA,DATA_FINE_VALIDITA,NOTE,CAMPAGNA,ID_LAVORAZIONE_IN_CORSO) 
values (99239992,1,'210','022','POLYGON ((652918.205417096 5098965.69322289, 652857.172983852 5098967.64767319, 652865.647383948 5098966.05787474, 652879.537132659 5098966.02776322, 652910.472570486 5098965.65052044, 652918.205417096 5098965.69322289))','19981.6683','410','0','CARICAMENTO_INIZIALE',142080,null,to_date('14/01/2022 14:48','DD/MM/YYYY HH24:MI'),to_date('31/12/9999 00:00','DD/MM/YYYY HH24:MI'),null,'2023',99239990);
Insert into A4ST_SUOLO (ID,VERSIONE,ID_GRID,ISTATP,SHAPE,AREA_COLT,COD_USO_SUOLO,STATO_COLT,SORGENTE,ID_LAVORAZIONE_INIZIO,ID_LAVORAZIONE_FINE,DATA_INIZIO_VALIDITA,DATA_FINE_VALIDITA,NOTE,CAMPAGNA,ID_LAVORAZIONE_IN_CORSO) 
values (99239993,1,'210','022','POLYGON ((652918.205417096 5098965.69322289, 652857.172983852 5098967.64767319, 652865.647383948 5098966.05787474, 652879.537132659 5098966.02776322, 652910.472570486 5098965.65052044, 652918.205417096 5098965.69322289))','19981.6683','410','0','CARICAMENTO_INIZIALE',142080,null,to_date('14/01/2022 14:48','DD/MM/YYYY HH24:MI'),to_date('31/12/9999 00:00','DD/MM/YYYY HH24:MI'),null,'2023',99239990);

-- 3. Associazione alla lavorazione di un'area di lavoro
Insert into A4ST_AREA_DI_LAVORO (ID,VERSIONE,ID_LAVORAZIONE,SHAPE) 
values (99219994,0,99299990,'POLYGON ((652918.205417096 5098965.69322289, 652857.172983852 5098967.64767319, 652865.647383948 5098966.05787474, 652879.537132659 5098966.02776322, 652910.472570486 5098965.65052044, 652918.205417096 5098965.69322289))');

Insert into A4ST_AREA_DI_LAVORO (ID,VERSIONE,ID_LAVORAZIONE,SHAPE) 
values (99229994,0,99229990,'POLYGON ((652918.205417096 5098965.69322289, 652857.172983852 5098967.64767319, 652865.647383948 5098966.05787474, 652879.537132659 5098966.02776322, 652910.472570486 5098965.65052044, 652918.205417096 5098965.69322289))');

Insert into A4ST_AREA_DI_LAVORO (ID,VERSIONE,ID_LAVORAZIONE,SHAPE) 
values (99239994,0,99239990,'POLYGON ((652918.205417096 5098965.69322289, 652857.172983852 5098967.64767319, 652865.647383948 5098966.05787474, 652879.537132659 5098966.02776322, 652910.472570486 5098965.65052044, 652918.205417096 5098965.69322289))');

-- 4. Associazione di record di suolo clippati nella A4ST_TEMP_CLIP_WORKSPACE
Insert into A4ST_TEMP_CLIP_SU_ADL (ID,VERSIONE,ID_GRID,ISTATP,COD_USO_SUOLO,STATO_COLT,SORGENTE,NOTE,CAMPAGNA,UTENTE,DATA_INIZIO_VALIDITA,AREA,SHAPE,ESITO_VALIDAZIONE,POSIZIONE_POLIGONO,POLIGONO_INTERO,ID_SUOLO_ORIGINALE,ID_LAVORAZIONE) 
values (99299995,0,'210','022','638','0','CARICAMENTO_INIZIALE',null,'2022','CARICAMENTO_INIZIALE',to_date('14/01/2022 14:48','DD/MM/YYYY HH24:MI'),'101.715999','POLYGON ((652918.205417096 5098965.69322289, 652857.172983852 5098967.64767319, 652865.647383948 5098966.05787474, 652879.537132659 5098966.02776322, 652910.472570486 5098965.65052044, 652918.205417096 5098965.69322289))','TRUE','OUT','0',99999991,99299990);
Insert into A4ST_TEMP_CLIP_SU_ADL (ID,VERSIONE,ID_GRID,ISTATP,COD_USO_SUOLO,STATO_COLT,SORGENTE,NOTE,CAMPAGNA,UTENTE,DATA_INIZIO_VALIDITA,AREA,SHAPE,ESITO_VALIDAZIONE,POSIZIONE_POLIGONO,POLIGONO_INTERO,ID_SUOLO_ORIGINALE,ID_LAVORAZIONE) 
values (99299996,0,'210','022','638','0','CARICAMENTO_INIZIALE',null,'2022','CARICAMENTO_INIZIALE',to_date('14/01/2022 14:48','DD/MM/YYYY HH24:MI'),'101.715999','POLYGON ((652918.205417096 5098965.69322289, 652857.172983852 5098967.64767319, 652865.647383948 5098966.05787474, 652879.537132659 5098966.02776322, 652910.472570486 5098965.65052044, 652918.205417096 5098965.69322289))','TRUE','OUT','0',99999992,99299990);
Insert into A4ST_TEMP_CLIP_SU_ADL (ID,VERSIONE,ID_GRID,ISTATP,COD_USO_SUOLO,STATO_COLT,SORGENTE,NOTE,CAMPAGNA,UTENTE,DATA_INIZIO_VALIDITA,AREA,SHAPE,ESITO_VALIDAZIONE,POSIZIONE_POLIGONO,POLIGONO_INTERO,ID_SUOLO_ORIGINALE,ID_LAVORAZIONE) 
values (99299997,0,'210','022','638','0','CARICAMENTO_INIZIALE',null,'2022','CARICAMENTO_INIZIALE',to_date('14/01/2022 14:48','DD/MM/YYYY HH24:MI'),'101.715999','POLYGON ((652918.205417096 5098965.69322289, 652857.172983852 5098967.64767319, 652865.647383948 5098966.05787474, 652879.537132659 5098966.02776322, 652910.472570486 5098965.65052044, 652918.205417096 5098965.69322289))','TRUE','OUT','0',99999993,99299990);

-- 5. Associazione di record nella A4ST_WORKSPACE_LAV_SUOLO

Insert into a4st_workspace_lav_suolo (ID,VERSIONE,ID_LAVORAZIONE,SHAPE,COD_USO_SUOLO,STATO_COLT,NOTE,DATA_ULTIMA_MODIFICA,AREA,ID_GRID,ISTATP,ID_LAVORAZIONE_ORIG,SORGENTE) values ('1627222','1','99299990'
,'POLYGON ((652918.205417096 5098965.69322289, 652857.172983852 5098967.64767319, 652865.647383948 5098966.05787474, 652879.537132659 5098966.02776322, 652910.472570486 5098965.65052044, 652918.205417096 5098965.69322289))'
,'660','0',null,to_date('25-05-2022','DD-MM-YYYY'),'10','210',null,'142080',null);
Insert into a4st_workspace_lav_suolo (ID,VERSIONE,ID_LAVORAZIONE,SHAPE,COD_USO_SUOLO,STATO_COLT,NOTE,DATA_ULTIMA_MODIFICA,AREA,ID_GRID,ISTATP,ID_LAVORAZIONE_ORIG,SORGENTE) values ('1625160','1','99299990'
,'POLYGON ((652918.205417096 5098965.69322289, 652857.172983852 5098967.64767319, 652865.647383948 5098966.05787474, 652879.537132659 5098966.02776322, 652910.472570486 5098965.65052044, 652918.205417096 5098965.69322289))'
,'666','0',null,to_date('25-05-2022','DD-MM-YYYY'),'10','210',null,'142080',null);
Insert into a4st_workspace_lav_suolo (ID,VERSIONE,ID_LAVORAZIONE,SHAPE,COD_USO_SUOLO,STATO_COLT,NOTE,DATA_ULTIMA_MODIFICA,AREA,ID_GRID,ISTATP,ID_LAVORAZIONE_ORIG,SORGENTE) values ('1625770','1','99229990'
,'POLYGON ((652918.205417096 5098965.69322289, 652857.172983852 5098967.64767319, 652865.647383948 5098966.05787474, 652879.537132659 5098966.02776322, 652910.472570486 5098965.65052044, 652918.205417096 5098965.69322289))'
,'666','1',null,to_date('25-05-2022','DD-MM-YYYY'),'10','210',null,'142080',null);
Insert into a4st_workspace_lav_suolo (ID,VERSIONE,ID_LAVORAZIONE,SHAPE,COD_USO_SUOLO,STATO_COLT,NOTE,DATA_ULTIMA_MODIFICA,AREA,ID_GRID,ISTATP,ID_LAVORAZIONE_ORIG,SORGENTE) values ('1624929','1','99229990'
,'POLYGON ((652918.205417096 5098965.69322289, 652857.172983852 5098967.64767319, 652865.647383948 5098966.05787474, 652879.537132659 5098966.02776322, 652910.472570486 5098965.65052044, 652918.205417096 5098965.69322289))'
,'666','0',null,to_date('25-05-2022','DD-MM-YYYY'),'10','210',null,'142080',null);
Insert into a4st_workspace_lav_suolo (ID,VERSIONE,ID_LAVORAZIONE,SHAPE,COD_USO_SUOLO,STATO_COLT,NOTE,DATA_ULTIMA_MODIFICA,AREA,ID_GRID,ISTATP,ID_LAVORAZIONE_ORIG,SORGENTE) values ('1624740','1','99239990'
,'POLYGON ((652918.205417096 5098965.69322289, 652857.172983852 5098967.64767319, 652865.647383948 5098966.05787474, 652879.537132659 5098966.02776322, 652910.472570486 5098965.65052044, 652918.205417096 5098965.69322289))'
,'780','0',null,to_date('25-05-2022','DD-MM-YYYY'),'10','210',null,'142080',null);
Insert into a4st_workspace_lav_suolo (ID,VERSIONE,ID_LAVORAZIONE,SHAPE,COD_USO_SUOLO,STATO_COLT,NOTE,DATA_ULTIMA_MODIFICA,AREA,ID_GRID,ISTATP,ID_LAVORAZIONE_ORIG,SORGENTE) values ('1627175','1','99239990'
,'POLYGON ((652918.205417096 5098965.69322289, 652857.172983852 5098967.64767319, 652865.647383948 5098966.05787474, 652879.537132659 5098966.02776322, 652910.472570486 5098965.65052044, 652918.205417096 5098965.69322289))'
,'666','0',null,to_date('25-05-2022','DD-MM-YYYY'),'10','210',null,'142080',null);

commit;