insert into A4ST_LAVORAZIONE_SUOLO (ID,VERSIONE, UTENTE, STATO, DATA_INIZIO_LAVORAZIONE, DATA_FINE_LAVORAZIONE, TITOLO, data_ultima_modifica)
values (14072021, 1,'BACKOFFICE', 'IN_CORSO', to_date('29/03/2021 00:00','DD/MM/YYYY HH24:MI'), null, null, to_date('30/03/2021 00:00','DD/MM/YYYY HH24:MI'));
/*
Insert into A4ST_ANOMALIA_VALIDAZIONE (ID,VERSIONE,ID_LAVORAZIONE,TIPO_ANOMALIA,DETTAGLIO_ANOMALIA,AREA,SHAPE) 
values ('1466991','0','14072021','SOVRAPPOSIZIONE_POLIGONI_WORKSPACE','DETTA','4.906802','POLYGON ((682206.165009174 5098628.54816248, 682205.8249 5098629.4438, 			682203.4171 	5098626.004, 	682207.1148			5098626.047,	  682206.933124326 5098626.52542153, 682206.1015 5098626.37, 682205.7031 5098628.4624, 682206.165009174 5098628.54816248))');
Insert into A4ST_ANOMALIA_VALIDAZIONE (ID,VERSIONE,ID_LAVORAZIONE,TIPO_ANOMALIA,DETTAGLIO_ANOMALIA,AREA,SHAPE) 
values ('1466994','0','14072021','SOVRAPPOSIZIONE_POLIGONI_WORKSPACE','DETTA','1.401104','POLYGON ((682206.165009174 5098628.54816248, 682205.7031 5098628.4624, 			682206.1015 	5098626.37, 	682206.933124326 	5098626.52542153, 682206.165009174 5098628.54816248))');
Insert into A4ST_ANOMALIA_VALIDAZIONE (ID,VERSIONE,ID_LAVORAZIONE,TIPO_ANOMALIA,DETTAGLIO_ANOMALIA,AREA,SHAPE) 
values ('1466997','0','14072021','SOVRAPPOSIZIONE_POLIGONI_WORKSPACE','DETTA','2.723679','POLYGON ((682241.414513248 5098630.42557326, 682241.036591909 5098631.57733848, 682239.143959068 5098631.41962208,682239.123317873 	5098630.01583891, 682241.414513248 5098630.42557326))');
Insert into A4ST_ANOMALIA_VALIDAZIONE (ID,VERSIONE,ID_LAVORAZIONE,TIPO_ANOMALIA,DETTAGLIO_ANOMALIA,AREA,SHAPE) 
values ('1467000','0','14072021','SOVRAPPOSIZIONE_POLIGONI_WORKSPACE','DETTA','5.073187','POLYGON ((682241.414513248 5098630.42557326, 682239.123317873 5098630.01583891, 682239.094568837 5098628.0606511, 682242.016344805 	5098628.59141205, 682241.414513248 5098630.42557326))');
Insert into A4ST_ANOMALIA_VALIDAZIONE (ID,VERSIONE,ID_LAVORAZIONE,TIPO_ANOMALIA,DETTAGLIO_ANOMALIA,AREA,SHAPE) 
values ('1467003','0','14072021','SOVRAPPOSIZIONE_POLIGONI_WORKSPACE','DETTA','6.817315','POLYGON ((682242.016344805 5098628.59141205, 682239.094568837 5098628.0606511, 682239.065109895 5098626.05718342, 682242.692632108 	5098626.53033712, 682242.016344805 5098628.59141205))');
*/
Insert into A4ST_WORKSPACE_LAV_SUOLO (ID,VERSIONE,ID_LAVORAZIONE,SHAPE,COD_USO_SUOLO,STATO_COLT,DATA_ULTIMA_MODIFICA,AREA,ID_LAVORAZIONE_ORIG,SORGENTE) values ('1466243','0','14072021', 'POLYGON ((682205.8249 5098629.4438, 682203.4171 5098626.004, 682207.1148 5098626.047, 682205.8249 5098629.4438))','999','0',to_date('13/07/2021 10:16:35','dd/mm/yyyy HH24:MI:SS'),'6.307907',null,null);
Insert into A4ST_WORKSPACE_LAV_SUOLO (ID,VERSIONE,ID_LAVORAZIONE,SHAPE,COD_USO_SUOLO,STATO_COLT,DATA_ULTIMA_MODIFICA,AREA,ID_LAVORAZIONE_ORIG,SORGENTE) values ('1466244','0','14072021', 'POLYGON ((682239.8422 5098646.94, 682240.4418 5098642.9432, 682244.1817 5098643.4285, 682243.6107 5098646.9971, 682239.8422 5098646.94))','999','0',to_date('13/07/2021 10:16:36','dd/mm/yyyy HH24:MI:SS'),'14.359746',null,null);
Insert into A4ST_WORKSPACE_LAV_SUOLO (ID,VERSIONE,ID_LAVORAZIONE,SHAPE,COD_USO_SUOLO,STATO_COLT,DATA_ULTIMA_MODIFICA,AREA,ID_LAVORAZIONE_ORIG,SORGENTE) values ('1466245','0','14072021', 'POLYGON ((682243.4503 5098628.8519, 682205.1055 5098621.8863, 682204.8067 5098623.879, 682242.7981 5098630.673, 682241.9404 5098633.0679, 682206.1015 5098626.37, 682205.7031 5098628.4624, 682241.2275 5098635.0582, 682235.9358 5098649.8342, 682235.7884 5098649.807, 682233.2025 5098658.3038, 682226.8833 5098670.9425, 682223.6288 5098674.1113, 682221.0942 5098676.5793, 682214.8491 5098682.6601, 682203.2579 5098689.7437, 682203.2771 5098689.7752, 682203.1235 5098689.8778, 682202.8866 5098690.0361, 682202.7817 5098690.1931, 682202.76 5098690.1752, 682199.9286 5098693.5963, 682198.7586 5098691.758, 682197.6113 5098689.9554, 682197.9126 5098673.9767, 682198.2317 5098670.5644, 682199.3217 5098658.9818, 682202.5235 5098644.9214, 682203.2368 5098638.7555, 682203.4057 5098637.2951, 682203.0625 5098633.8623, 682201.667 5098629.3388, 682200.1287 5098625.3613, 682198.8346 5098622.9815, 682198.5973 5098622.5433, 682195.6703 5098612.4255, 682195.5728 5098610.0034, 682198.2948 5098610.2978, 682198.3072 5098610.9065, 682201.3753 5098623.0413, 682202.409 5098624.7952, 682203.7112 5098616.8047, 682244.9993 5098624.5269, 682243.4503 5098628.8519), (682204.2219 5098632.5886, 682204.1997 5098632.7885, 682204.146 5098633.2722, 682204.146 5098637.4224, 682205.6459 5098641.3219, 682206.1453 5098638.9149, 682205.8048 5098632.9083, 682205.6572 5098630.3061, 682204.4918 5098628.3288, 682204.4918 5098630.1595, 682204.2219 5098632.5886))','666','0',to_date('13/07/2021 10:16:36','dd/mm/yyyy HH24:MI:SS'),'2045.353498',null,null);
Insert into A4ST_WORKSPACE_LAV_SUOLO (ID,VERSIONE,ID_LAVORAZIONE,SHAPE,COD_USO_SUOLO,STATO_COLT,DATA_ULTIMA_MODIFICA,AREA,ID_LAVORAZIONE_ORIG,SORGENTE) values ('1466246','0','14072021', 'POLYGON ((682241.2275 5098635.0582, 682205.7031 5098628.4624, 682206.1015 5098626.37, 682241.9404 5098633.0679, 682241.2275 5098635.0582))','651','0',to_date('13/07/2021 10:16:36','dd/mm/yyyy HH24:MI:SS'),'76.532058',null,null);
Insert into A4ST_WORKSPACE_LAV_SUOLO (ID,VERSIONE,ID_LAVORAZIONE,SHAPE,COD_USO_SUOLO,STATO_COLT,DATA_ULTIMA_MODIFICA,AREA,ID_LAVORAZIONE_ORIG,SORGENTE) values ('1466247','0','14072021', 'POLYGON ((682243.4503 5098628.8519, 682242.7981 5098630.673, 682204.8067 5098623.879, 682205.1055 5098621.8863, 682243.4503 5098628.8519))','651','0',to_date('13/07/2021 10:16:36','dd/mm/yyyy HH24:MI:SS'),'76.054095',null,null);
Insert into A4ST_WORKSPACE_LAV_SUOLO (ID,VERSIONE,ID_LAVORAZIONE,SHAPE,COD_USO_SUOLO,STATO_COLT,DATA_ULTIMA_MODIFICA,AREA,ID_LAVORAZIONE_ORIG,SORGENTE) values ('1466248','0','14072021', 'POLYGON ((682239.143959068 5098631.4196220795, 682239.0651098951 5098626.05718342, 682242.6926321079 5098626.530337119, 682241.036591909 5098631.577338475, 682239.143959068 5098631.4196220795))','999','0',to_date('13/07/2021 10:16:36','dd/mm/yyyy HH24:MI:SS'),'14.614181',null,null);


/*ANOMALIA DEBORDA*/
Insert into A4ST_WORKSPACE_LAV_SUOLO (ID,VERSIONE,ID_LAVORAZIONE,SHAPE,COD_USO_SUOLO,STATO_COLT,NOTE,DATA_ULTIMA_MODIFICA,AREA,ID_LAVORAZIONE_ORIG,SORGENTE) values ('1475632','0','14072021','POLYGON ((643625.8673 5086835.7508, 643639.6602 5086828.4677, 643635.1994 5086834.9456, 643633.9843707281 5086834.323091452, 643633.3804 5086833.4676, 643626.6735 5086836.6396, 643625.8673 5086835.7508))','780','0','1187372',to_date('30/07/2021 15:39:56','dd/mm/yyyy HH24:MI:SS'),'25.392451',null,null);



/*

Insert into A4SR_ANOMALIA_WORKSPACE (ID,VERSIONE,ID_WORKSPACE,ID_ANOMALIA) values ('1466995','0','1466243','1466994');
Insert into A4SR_ANOMALIA_WORKSPACE (ID,VERSIONE,ID_WORKSPACE,ID_ANOMALIA) values ('1466996','0','1466246','1466994');
Insert into A4SR_ANOMALIA_WORKSPACE (ID,VERSIONE,ID_WORKSPACE,ID_ANOMALIA) values ('1466998','0','1466245','1466997');
Insert into A4SR_ANOMALIA_WORKSPACE (ID,VERSIONE,ID_WORKSPACE,ID_ANOMALIA) values ('1466999','0','1466248','1466997');
Insert into A4SR_ANOMALIA_WORKSPACE (ID,VERSIONE,ID_WORKSPACE,ID_ANOMALIA) values ('1467001','0','1466247','1467000');
Insert into A4SR_ANOMALIA_WORKSPACE (ID,VERSIONE,ID_WORKSPACE,ID_ANOMALIA) values ('1467002','0','1466248','1467000');
Insert into A4SR_ANOMALIA_WORKSPACE (ID,VERSIONE,ID_WORKSPACE,ID_ANOMALIA) values ('1467004','0','1466245','1467003');
Insert into A4SR_ANOMALIA_WORKSPACE (ID,VERSIONE,ID_WORKSPACE,ID_ANOMALIA) values ('1467005','0','1466248','1467003');
Insert into A4SR_ANOMALIA_WORKSPACE (ID,VERSIONE,ID_WORKSPACE,ID_ANOMALIA) values ('1466992','0','1466243','1466991');
Insert into A4SR_ANOMALIA_WORKSPACE (ID,VERSIONE,ID_WORKSPACE,ID_ANOMALIA) values ('1466993','0','1466245','1466991');

*/
