--Domanda
INSERT INTO A4GT_DOMANDA
(ID, VERSIONE, NUMERO_DOMANDA, COD_MODULO_DOMANDA, DESC_MODULO_DOMANDA, CUAA_INTESTATARIO, DT_PROTOCOLLAZIONE, NUM_DOMANDA_RETTIFICATA, COD_ENTE_COMPILATORE, DESC_ENTE_COMPILATORE, RAGIONE_SOCIALE, DT_PRESENTAZIONE, DT_PRESENTAZ_ORIGINARIA, DT_PROTOCOLLAZ_ORIGINARIA, ANNULLO_RIDUZIONE, IBAN, ANNO_CAMPAGNA, STATO)
VALUES(844019, 2, 185341, 'BPS_2018', 'PAGAMENTI DIRETTI', 'DSSRRT64B19H330K', TIMESTAMP '2018-05-09 08:45:22.000000', NULL, 7, 'CAA COLDIRETTI DEL TRENTINO - 006', 'DASSATTI ROBERTO', TIMESTAMP '2018-05-09 08:45:00.000000', NULL, NULL, NULL, 'IT86E0802672140000001080545', 2018, 'IN_ISTRUTTORIA');
--Dati Lavorazione
INSERT INTO A4GT_DATI_LAVORAZIONE
(ID, VERSIONE, ID_DOMANDA, JSON_DATI_RICEVIBILITA, JSON_DATI_SINTESI_IMPEGNI)
VALUES(844020, 0, 844019, '{"aggiornamentoFascicolo":"S","visioneAnomalie":"S","firmaDomanda":"S","archiviazioneDomanda":"S"}', '{"richiestaDisaccoppiato":true,"richiestaSuperfici":false,"richiestaZootecnia":true}');
--Dati Pascolo
INSERT INTO A4GT_DATI_PASCOLO
(ID, VERSIONE, ID_DOMANDA, CODICE_PASCOLO, DESCRIZIONE_PASCOLO, UBA_DICHIARATE, PARTICELLE_CATASTALI)
VALUES(959575, 0, 844019, '025TN122', 'VIGNOL', 0, '[{"idParticella":1435086,"comune":"BRENTONICO (TN)","codNazionale":"B153","foglio":9999,"particella":"09768","sub":"2"},{"idParticella":1435087,"comune":"BRENTONICO (TN)","codNazionale":"B153","foglio":9999,"particella":"09768","sub":"1"},{"idParticella":1435092,"comune":"BRENTONICO (TN)","codNazionale":"B153","foglio":9999,"particella":"09766","sub":"1"},{"idParticella":1435105,"comune":"BRENTONICO (TN)","codNazionale":"B153","foglio":9999,"particella":"09768","sub":"3"},{"idParticella":1435091,"comune":"BRENTONICO (TN)","codNazionale":"B153","foglio":9999,"particella":"09766","sub":"2"},{"idParticella":1435088,"comune":"BRENTONICO (TN)","codNazionale":"B153","foglio":9999,"particella":"09767","sub":"2"}]');
--Dichiarazioni
INSERT INTO A4GT_DICHIARAZIONE_DU
(ID, VERSIONE, ID_DOMANDA, CODICE, DESCRIZIONE, VALORE_BOOL, VALORE_DATA, VALORE_NUMERO, VALORE_STRINGA, ORDINE, QUADRO)
VALUES(895134, 0, 844019, 'DUDICH_16', 'A) dichiaro di essere in possesso di Partita IVA attivata in campo agricolo fino al  1° agosto 2014 o di aver fatto l''iscrizione all''Inps, come coltivatore diretto, imprenditore agricolo professionale, colono o mezzadro', 1, NULL, NULL, NULL, 20, 'GENERALE');
--Dati Filtro Domanda
INSERT INTO A4GT_DATI_FILTRO_DOMANDA
(ID, VERSIONE, ID_DOMANDA, TIPO_FILTRO, VALORE)
VALUES(2373457, 0, 844019, 'GIOVANE', 'NO');
--Errori Ricevibilita
INSERT INTO A4GT_ERRORE_RICEVIBILITA
(ID, VERSIONE, ID_DOMANDA, DT_ESECUZIONE, TIPOLOGIA_CONTROLLO)
VALUES(2546378, 0, 844019, TIMESTAMP '2019-05-02 16:06:35.000000', 'DOMANDA_CARTACEA_FIRMATA');
--Stato Lav Sostegno
INSERT INTO A4GD_STATO_LAV_SOSTEGNO
(ID, VERSIONE, IDENTIFICATIVO, DESCRIZIONE)
VALUES(945601, 0, 'NON_LIQUIDABILE', 'Domanda non liquidabile');
INSERT INTO A4GD_STATO_LAV_SOSTEGNO
(ID, VERSIONE, IDENTIFICATIVO, DESCRIZIONE)
VALUES(945602, 0, 'NON_AMMISSIBILE', 'Domanda non ammissibile per il sostegno');
--Istruttoria
INSERT INTO A4GT_ISTRUTTORIA
(ID, VERSIONE, ID_DOMANDA, ID_STATO_LAVORAZIONE, BLOCCATA_BOOL, ERRORE_CALCOLO, DATA_ULTIMO_CALCOLO, TIPOLOGIA, ID_ELENCO_LIQUIDAZIONE, SOSTEGNO)
VALUES(953088, 8, 844019, 945601, 0, 0, NULL, 'SALDO', NULL, 'DISACCOPPIATO');
INSERT INTO A4GT_ISTRUTTORIA
(ID, VERSIONE, ID_DOMANDA, ID_STATO_LAVORAZIONE, BLOCCATA_BOOL, ERRORE_CALCOLO, DATA_ULTIMO_CALCOLO, TIPOLOGIA, ID_ELENCO_LIQUIDAZIONE, SOSTEGNO)
VALUES(953089, 1, 844019, 945602, 0, 0, NULL, 'SALDO', NULL, 'ZOOTECNIA');
--Istruttore Disaccoppiato
INSERT INTO A4GT_ISTRUTTORE_DISACCOPPIATO
(ID, VERSIONE, BPS_SUPERFICIE, GREENING_SUPERFICIE, IMPORTO_SALARI, BPS_IMP_SAN, GIO_IMP_SAN, CONTROLLO_ANTIMAFIA, DOM_ANNO_PREC_NON_LIQ, BPS_SANZ_ANNO_PREC, GIO_SANZ_ANNO_PREC, NOTE_ISTRUTTORE, ID_ISTRUTTORIA)
VALUES(12009152, 0, NULL, NULL, NULL, NULL, NULL, NULL, 0, NULL, NULL, 'e'''' comune limitrofo', 953088);
INSERT INTO A4GT_ISTRUTTORE_DISACCOPPIATO
(ID, VERSIONE, BPS_SUPERFICIE, GREENING_SUPERFICIE, IMPORTO_SALARI, BPS_IMP_SAN, GIO_IMP_SAN, CONTROLLO_ANTIMAFIA, DOM_ANNO_PREC_NON_LIQ, BPS_SANZ_ANNO_PREC, GIO_SANZ_ANNO_PREC, NOTE_ISTRUTTORE, ID_ISTRUTTORIA)
VALUES(12009156, 0, NULL, NULL, NULL, NULL, NULL, NULL, 0, NULL, NULL, 'e'''' comune limitrofo', 953089);
--Istruttore superfice
INSERT INTO A4GT_ISTRUTTORE_SUPERFICIE
(ID, VERSIONE, CONTROLLO_SIGECO_LOCO, CONTROLLO_ANTIMAFIA, SUP_SOIA_M8, SUP_FRUMENTO_M9, SUP_PROTEAGINOSE_M10, SUP_LEGUMINOSE_M11, SUP_POMODORO_M14, SUP_OLIVOSTANDARD_M15, SUP_OLIVOPENDENZA_M16, SUP_OLIVOQUALITA_M17, ID_ISTRUTTORIA)
VALUES(12010024, 0, 1, NULL, NULL, NULL, NULL, NULL, NULL, NULL, NULL, NULL, 953088);
INSERT INTO A4GT_ISTRUTTORE_SUPERFICIE
(ID, VERSIONE, CONTROLLO_SIGECO_LOCO, CONTROLLO_ANTIMAFIA, SUP_SOIA_M8, SUP_FRUMENTO_M9, SUP_PROTEAGINOSE_M10, SUP_LEGUMINOSE_M11, SUP_POMODORO_M14, SUP_OLIVOSTANDARD_M15, SUP_OLIVOPENDENZA_M16, SUP_OLIVOQUALITA_M17, ID_ISTRUTTORIA)
VALUES(12010029, 0, 1, NULL, NULL, NULL, NULL, NULL, NULL, NULL, NULL, NULL, 953089);
--Istruttore zootecnia
INSERT INTO A4GT_ISTRUTTORE_ZOOTECNIA
(ID, VERSIONE, CONTROLLO_SIGECO_LOCO, CONTROLLO_ANTIMAFIA, ID_ISTRUTTORIA, CUAA_SUBENTRANTE)
VALUES(12009882, 0, NULL, 1, 953088, NULL);
INSERT INTO A4GT_ISTRUTTORE_ZOOTECNIA
(ID, VERSIONE, CONTROLLO_SIGECO_LOCO, CONTROLLO_ANTIMAFIA, ID_ISTRUTTORIA, CUAA_SUBENTRANTE)
VALUES(12009887, 0, NULL, 1, 953089, NULL);
--Istruttore Dis Pascoli
INSERT INTO A4GT_ISTRUTTORE_DIS_PASCOLI
(ID, VERSIONE, SUPERFICIE_DETERMINATA, CUAA_RESPONSABILE, DESCRIZIONE_PASCOLO, ESITO_CONTROLLO_MANTENIMENTO, VERIFICA_DOCUMENTAZIONE, ID_ISTRUTTORIA)
VALUES(12009391, 0, NULL, 'FRNJTN94M30L378V', '143TN072', NULL, NULL, 953088);
INSERT INTO A4GT_ISTRUTTORE_DIS_PASCOLI
(ID, VERSIONE, SUPERFICIE_DETERMINATA, CUAA_RESPONSABILE, DESCRIZIONE_PASCOLO, ESITO_CONTROLLO_MANTENIMENTO, VERIFICA_DOCUMENTAZIONE, ID_ISTRUTTORIA)
VALUES(12009394, 0, NULL, 'FRNJTN94M30L378V', '143TN072', NULL, NULL, 953089);
--Transizioni Istruttoria
INSERT INTO A4GT_TRANSIZIONE_ISTRUTTORIA
(ID, VERSIONE, ID_STATO_INIZIALE, ID_STATO_FINALE, DATA_ESECUZIONE, ID_ISTRUTTORIA)
VALUES(1583265, 0, 945602, 945601, TIMESTAMP '2019-05-02 16:06:35.000000', 953089);
INSERT INTO A4GT_TRANSIZIONE_ISTRUTTORIA
(ID, VERSIONE, ID_STATO_INIZIALE, ID_STATO_FINALE, DATA_ESECUZIONE, ID_ISTRUTTORIA)
VALUES(7458117, 1, 945602, 945601, TIMESTAMP '2019-06-13 10:31:38.000000', 953088);
--Passo Transizioni
INSERT INTO A4GT_PASSO_TRANSIZIONE
(ID, VERSIONE, ID_TRANSIZ_SOSTEGNO, CODICE_PASSO, ESITO, CODICE_ESITO, DATI_INPUT, DATI_OUTPUT, DATI_SINTESI_LAVORAZIONE)
VALUES(5140523, 0, 1583265, 'SANZIONI_BPS', 'OK', 'DUT_019', '{"variabiliCalcolo":[{"tipoVariabile":"BPSYCSANZANNIPREC","valBoolean":false},{"tipoVariabile":"BPSYCIMPSANZAPREC","valNumber":0.00}],"variabiliCalcoloDaStampare":[{"tipoVariabile":"BPSYCSANZANNIPREC","valBoolean":false},{"tipoVariabile":"BPSYCIMPSANZAPREC","valNumber":0.00}]}', '{"variabiliCalcolo":[],"variabiliCalcoloDaStampare":[]}', '{"variabiliCalcolo":[],"esitiControlli":[{"tipoControllo":"BRIDUSDC029_recidiva","esito":false,"livelloControllo":"NULL"},{"tipoControllo":"BRIDUSDC109_isDomandaLiqAnnoPrec","esito":true,"livelloControllo":"NULL"}],"variabiliParticellaColtura":null,"variabiliCalcoloDaStampare":[]}');
INSERT INTO A4GT_PASSO_TRANSIZIONE
(ID, VERSIONE, ID_TRANSIZ_SOSTEGNO, CODICE_PASSO, ESITO, CODICE_ESITO, DATI_INPUT, DATI_OUTPUT, DATI_SINTESI_LAVORAZIONE)
VALUES(7458119, 0, 7458117, 'CONTROLLO_IMPORTO_MINIMO', 'OK', 'DUT_050', '{"variabiliCalcolo":[{"tipoVariabile":"HASRICBPS","valBoolean":true},{"tipoVariabile":"STATOBPS","valString":"LIQUIDABILE"},{"tipoVariabile":"DISIMPCALC","valNumber":78.01},{"tipoVariabile":"HASRICACS","valBoolean":false},{"tipoVariabile":"STATOACS","valString":"NON_RICHIESTO"},{"tipoVariabile":"ACSIMPCALC","valNumber":0.00},{"tipoVariabile":"HASRICACZ","valBoolean":true},{"tipoVariabile":"STATOACZ","valString":"NON_AMMISSIBILE"},{"tipoVariabile":"ACZIMPCALC","valNumber":0.00},{"tipoVariabile":"IMPMINIMOLIQ","valNumber":300.00}],"variabiliCalcoloDaStampare":[{"tipoVariabile":"HASRICBPS","valBoolean":true},{"tipoVariabile":"STATOBPS","valString":"LIQUIDABILE"},{"tipoVariabile":"DISIMPCALC","valNumber":78.01},{"tipoVariabile":"HASRICACS","valBoolean":false},{"tipoVariabile":"STATOACS","valString":"NON_RICHIESTO"},{"tipoVariabile":"ACSIMPCALC","valNumber":0.00},{"tipoVariabile":"HASRICACZ","valBoolean":true},{"tipoVariabile":"STATOACZ","valString":"NON_AMMISSIBILE"},{"tipoVariabile":"ACZIMPCALC","valNumber":0.00},{"tipoVariabile":"IMPMINIMOLIQ","valNumber":300.00}]}', '{"variabiliCalcolo":[],"variabiliCalcoloDaStampare":[]}', '{"variabiliCalcolo":[],"esitiControlli":[{"tipoControllo":"BRIDUSDS040_importoMinimo","esito":false,"livelloControllo":"ERROR"}],"variabiliParticellaColtura":null,"variabiliCalcoloDaStampare":[]}');
--Richiesta Superfice
INSERT INTO A4GT_RICHIESTA_SUPERFICIE
(ID, VERSIONE, ID_DOMANDA, SUP_RICHIESTA, SUP_RICHIESTA_NETTA, CODICE_COLTURA_3, CODICE_COLTURA_5, INFO_CATASTALI, INFO_COLTIVAZIONE, RIFERIMENTI_CARTOGRAFICI, ID_INTERVENTO)
VALUES(953041, 0, 844019, 1276, 1276, '080-336-052', '336-002-052-044-000', '{"idParticella":1388718,"comune":"LEDRO - BEZZECCA (TN)","codNazionale":"A839","foglio":9999,"particella":"00151","sub":"1"}', '{"idPianoColture":5832191,"idColtura":22591,"codColtura3":"080-336-052","codColtura5":"336-002-052-044-000","codLivello":"131","descrizioneColtura":"Prati e pascoli seminabili, esclusi i pascoli magri  (superficie non avvicendata per almeno 5 anni) - PRATO POLIFITA - NON AVVICENDATO PER ALMENO 5 ANNI (SFALCIATO) - PERMANENTE -","coefficienteTara":1.0,"superficieDichiarata":1276,"descMantenimento":"SFALCIO MECCANIZZATO"}', '{"idParcella":351614,"idIsola":1019927,"codIsola":"IT25/DSSRRT64B19H330K/AAA04"}', (SELECT ID FROM A4GD_INTERVENTO WHERE CODICE_AGEA = 026));
--Pascolo Particella
INSERT INTO A4GT_PASCOLO_PARTICELLA
(ID, VERSIONE, ID_DOMANDA, ID_PASCOLO, COD_PASCOLO, DESC_PASCOLO, INFO_PART_PASCOLO, SUP_NETTA_PASCOLO)
VALUES(2374188, 5, 844019, NULL, '999TN999', 'AZIENDALE - C953', '[{"particella":{"idParticella":1558886,"comune":"BORGO CHIESE - CONDINO (TN)","codNazionale":"C953","foglio":9999,"particella":"00654","sub":"2"},"coltura":"560-461-009","descColtura":null,"livello":"1311","valNum":835.0,"valBool":null,"valString":"C953","descMantenimento":"PASCOLAMENTO CON ANIMALI PROPRI"},{"particella":{"idParticella":1545921,"comune":"BORGO CHIESE - CONDINO (TN)","codNazionale":"C953","foglio":9999,"particella":"01443","sub":"1"},"coltura":"560-461-009","descColtura":null,"livello":"1311","valNum":412.0,"valBool":null,"valString":"C953","descMantenimento":"PASCOLAMENTO CON ANIMALI PROPRI"},{"particella":{"idParticella":1549811,"comune":"BORGO CHIESE - CONDINO (TN)","codNazionale":"C953","foglio":9999,"particella":"04200","sub":"1"},"coltura":"560-461-009","descColtura":null,"livello":"1311","valNum":883.0,"valBool":null,"valString":"C953","descMantenimento":"PASCOLAMENTO CON ANIMALI PROPRI"},{"particella":{"idParticella":1550003,"comune":"BORGO CHIESE - CONDINO (TN)","codNazionale":"C953","foglio":9999,"particella":"04552","sub":"1"},"coltura":"560-461-009","descColtura":null,"livello":"1311","valNum":878.0,"valBool":null,"valString":"C953","descMantenimento":"PASCOLAMENTO CON ANIMALI PROPRI"},{"particella":{"idParticella":1548180,"comune":"BORGO CHIESE - CONDINO (TN)","codNazionale":"C953","foglio":9999,"particella":"02143","sub":" "},"coltura":"560-461-009","descColtura":null,"livello":"1311","valNum":387.0,"valBool":null,"valString":"C953","descMantenimento":"PASCOLAMENTO CON ANIMALI PROPRI"}]', 3395);
--Dati Erede
INSERT INTO A4GT_DATI_EREDE
(ID, VERSIONE, ID_DOMANDA, CERTIFICATO, COGNOME, NOME, CODICE_FISCALE, IBAN, INDIRIZZO, CODICE_ISTAT, PROVINCIA, CAP, SESSO, DT_NASCITA, COD_ISTAT_NASCITA, PROVINCIA_NASCITA, DT_ULTIMO_AGGIORNAMENTO)
VALUES(8550785, 0, 844019, 1, 'KICA', 'LULJETA', 'KCILJT70H41Z100I', 'IT63T0810034860000000013051', 'VIA DI SAN FLORIANO 11 VALTERNIGO', '022092', 'TN', '38030', 'F', TIMESTAMP '1970-06-01 00:00:00.000000', NULL, NULL, TIMESTAMP '2019-07-23 10:53:43.000000');
--Allevamento Impegnato
INSERT INTO A4GT_ALLEVAMENTO_IMPEGNATO
(ID, VERSIONE, ID_DOMANDA, CODICE_SPECIE, DATI_ALLEVAMENTO, DATI_PROPRIETARIO, DATI_DETENTORE, ID_INTERVENTO)
VALUES(953051, 0, 844019, 'BOVINI', '{"idAllevamento":1355,"codiceAllevamento":"198TN018","codiceAllevamentoBdn":"2745231","descrizioneAllevamento":"DASSATTI ROBERTO","comune":null,"indirizzo":null}', '{"codFiscaleProprietario":null,"denominazioneProprietario":null}', '{"codFiscaleDetentore":null,"denominazioneDetentore":null}', (SELECT ID FROM A4GD_INTERVENTO WHERE IDENTIFICATIVO_INTERVENTO = 'BOVINI_VAC'));
--Esito Calcolo Capo
INSERT INTO A4GT_ESITO_CALCOLO_CAPO
(ID, VERSIONE, ID_ALLEVAM_DU, CAPO_ID, CODICE_CAPO, ESITO, MESSAGGIO, ID_TRANSIZIONE, DUPLICATO, CONTROLLO_NON_SUPERATO, RICHIESTO)
VALUES(1686525, 0, 953051, 89181197, 'IT021001710606', 'AMMISSIBILE', NULL, 1686527, NULL, NULL, NULL);
--Capo Tracking
INSERT INTO A4GT_CAPO_TRACKING
(ID, VERSIONE, ID_RICH_ALLEVAM_ESITO, DATI, DT_ULTIMO_AGGIORNAMENTO)
VALUES(1686526, 0, 1686525, '{"capoId":89181197,"codice":"IT021001710606","codLibro":"308","descrLibro":"PEZZATA ROSSA ITALIANA SIMMENTAL","dtNascita":1247090400000,"dtNascitaVitello":1532815200000,"razzaCodice":"SIM","codiceVitello":"IT022990266934","dtInizioDetenzione":1514761200000,"dtFineDetenzione":1546210800000,"aziendaCodice":"061TN065","allevId":5499747,"aziendaLongitudine":11.192634,"aziendaLatitudine":46.101029,"flagIBR":null,"flagRispettoPrevalenzaIBR":null,"sessoVitello":"M","vaccaDtIngresso":1459893600000,"vaccaDtComAutoritaIngresso":1459893600000,"vaccaDtInserimentoBdnIngresso":1459893600000,"vitelloDtApplMarchio":1533506400000,"vitelloDtComAutoritaNascita":1533679200000,"vitelloDtInserimentoBdnNascita":1533679200000,"flagProrogaMarcatura":"N","cuaa":"DLLDVS82A23L378Y","sesso":"F","vitelloCapoId":119756115,"vitelloTipoOrigine":"N","vitelloDtComAutoritaIngresso":1533679200000,"vitelloDtInserimentoBdnIngresso":1533679200000,"flagDelegatoIngressoVacca":"R","ruoloUtenteIngressoVacca":"REG","flagDelegatoNascitaVitello":"R","ruoloUtenteNascitaVitello":"REG","flagDelegatoIngressoVitello":"R","ruoloUtenteIngressoVitello":"REG"}', TIMESTAMP '2019-05-02 21:29:53.000000');

COMMIT;